ISO-10303-21;
HEADER;
/* Generated by software containing ST-Developer
 * from STEP Tools, Inc. (www.steptools.com) 
 */
/* OPTION: strings as raw bytes, not using required /X/ escapes */

FILE_DESCRIPTION(
/* description */ ('Unknown'),
/* implementation_level */ '2;1');

FILE_NAME(
/* name */ '23.3000-21',
/* time_stamp */ '2024-03-20T09:05:31+02:00',
/* author */ ('Unknown'),
/* organization */ ('Unknown'),
/* preprocessor_version */ 'ST-DEVELOPER v18.102',
/* originating_system */ 'Solid Edge',
/* authorisation */ 'Unknown');

FILE_SCHEMA (('AUTOMOTIVE_DESIGN {1 0 10303 214 3 1 1}'));
ENDSEC;

DATA;
#10=PROPERTY_DEFINITION_REPRESENTATION(#14,#12);
#11=PROPERTY_DEFINITION_REPRESENTATION(#15,#13);
#12=REPRESENTATION('',(#16),#6431);
#13=REPRESENTATION('',(#17),#6431);
#14=PROPERTY_DEFINITION('pmi validation property','',#6436);
#15=PROPERTY_DEFINITION('pmi validation property','',#6436);
#16=VALUE_REPRESENTATION_ITEM('number of annotations',COUNT_MEASURE(0.));
#17=VALUE_REPRESENTATION_ITEM('number of views',COUNT_MEASURE(0.));
#18=ELLIPSE('',#2159,8.54709995554032,6.04371234553584);
#19=ELLIPSE('',#2162,8.54709996613849,6.04371234553584);
#20=ELLIPSE('',#2183,8.54709995554032,6.04371234553584);
#21=ELLIPSE('',#2186,8.54709996613849,6.04371234553584);
#22=ELLIPSE('',#2207,8.54709995554032,6.04371234553584);
#23=ELLIPSE('',#2210,8.54709996613849,6.04371234553584);
#24=ELLIPSE('',#2220,8.54709996613849,6.04371234553584);
#25=ELLIPSE('',#2222,8.54709995554032,6.04371234553584);
#26=SHAPE_REPRESENTATION_RELATIONSHIP('','',#2060,#27);
#27=ADVANCED_BREP_SHAPE_REPRESENTATION('',(#2056,#2057,#2058),#6431);
#28=TOROIDAL_SURFACE('',#2131,2.82380522138681,0.3);
#29=TOROIDAL_SURFACE('',#2132,2.38333098854225,0.3);
#30=TOROIDAL_SURFACE('',#2133,3.7088052213868,0.584999999999997);
#31=TOROIDAL_SURFACE('',#2134,3.78404674904522,0.584999999999997);
#32=TOROIDAL_SURFACE('',#2136,2.52556806031136,0.146250000000006);
#33=TOROIDAL_SURFACE('',#2155,7.09494565277716,0.15);
#34=TOROIDAL_SURFACE('',#2179,7.09494565277716,0.15);
#35=TOROIDAL_SURFACE('',#2203,7.09494565277716,0.15);
#36=TOROIDAL_SURFACE('',#2225,7.09494565277716,0.15);
#37=TOROIDAL_SURFACE('',#2239,7.09494565277716,0.15);
#38=(
BOUNDED_SURFACE()
B_SPLINE_SURFACE(1,2,((#3827,#3828,#3829,#3830,#3831,#3832,#3833,#3834,
#3835,#3836,#3837,#3838,#3839,#3840,#3841,#3842,#3843,#3844,#3845,#3846,
#3847,#3848,#3849,#3850,#3851,#3852,#3853,#3854,#3855,#3856,#3857,#3858,
#3859,#3860,#3861,#3862,#3863,#3864,#3865,#3866,#3867,#3868,#3869,#3870,
#3871,#3872,#3873,#3874,#3875,#3876,#3877,#3878,#3879,#3880,#3881,#3882,
#3883,#3884,#3885,#3886,#3887,#3888,#3889,#3890,#3891,#3892,#3893,#3894,
#3895,#3896,#3897,#3898,#3899,#3900,#3901,#3902,#3903,#3904,#3905,#3906,
#3907,#3908,#3909,#3910,#3911,#3912,#3913,#3914,#3915,#3916,#3917,#3918,
#3919,#3920,#3921,#3922,#3923,#3924,#3925,#3926,#3927,#3928,#3929,#3930,
#3931,#3932,#3933,#3934,#3935,#3936,#3937,#3938,#3939,#3940,#3941,#3942,
#3943,#3944,#3945,#3946,#3947,#3948,#3949,#3950,#3951,#3952,#3953,#3954,
#3955,#3956,#3957,#3958,#3959,#3960,#3961,#3962,#3963,#3964,#3965,#3966,
#3967,#3968,#3969,#3970,#3971,#3972,#3973,#3974,#3975,#3976,#3977,#3978,
#3979,#3980,#3981,#3982,#3983,#3984,#3985,#3986,#3987,#3988,#3989,#3990,
#3991,#3992,#3993,#3994,#3995,#3996,#3997,#3998,#3999,#4000,#4001,#4002,
#4003,#4004,#4005,#4006,#4007,#4008,#4009,#4010,#4011,#4012,#4013,#4014,
#4015,#4016,#4017,#4018,#4019,#4020,#4021,#4022,#4023,#4024,#4025,#4026,
#4027,#4028,#4029,#4030,#4031,#4032,#4033,#4034,#4035,#4036,#4037,#4038,
#4039,#4040,#4041,#4042,#4043,#4044,#4045,#4046,#4047,#4048,#4049,#4050,
#4051,#4052,#4053,#4054,#4055,#4056,#4057,#4058,#4059,#4060,#4061,#4062,
#4063,#4064,#4065,#4066,#4067,#4068,#4069,#4070,#4071,#4072,#4073,#4074,
#4075,#4076,#4077,#4078,#4079,#4080,#4081,#4082,#4083,#4084,#4085,#4086,
#4087,#4088,#4089,#4090,#4091,#4092,#4093,#4094,#4095,#4096,#4097,#4098,
#4099,#4100,#4101,#4102,#4103,#4104,#4105,#4106,#4107,#4108,#4109,#4110,
#4111,#4112,#4113,#4114,#4115,#4116,#4117,#4118,#4119,#4120,#4121,#4122,
#4123,#4124,#4125,#4126,#4127,#4128,#4129,#4130,#4131,#4132,#4133,#4134,
#4135,#4136,#4137,#4138,#4139,#4140,#4141,#4142,#4143,#4144,#4145,#4146,
#4147,#4148,#4149,#4150,#4151,#4152,#4153,#4154,#4155,#4156,#4157,#4158,
#4159,#4160,#4161,#4162,#4163,#4164,#4165,#4166,#4167,#4168,#4169,#4170,
#4171,#4172,#4173,#4174,#4175,#4176,#4177,#4178,#4179,#4180,#4181,#4182,
#4183,#4184,#4185,#4186,#4187,#4188,#4189,#4190,#4191,#4192,#4193,#4194,
#4195,#4196,#4197,#4198,#4199,#4200,#4201,#4202,#4203,#4204,#4205,#4206,
#4207,#4208,#4209,#4210,#4211,#4212,#4213,#4214,#4215,#4216,#4217,#4218,
#4219,#4220,#4221,#4222,#4223,#4224,#4225,#4226,#4227,#4228,#4229,#4230,
#4231,#4232,#4233,#4234,#4235,#4236,#4237,#4238,#4239,#4240,#4241,#4242,
#4243,#4244,#4245,#4246,#4247,#4248,#4249,#4250,#4251,#4252,#4253,#4254,
#4255,#4256,#4257,#4258,#4259,#4260,#4261,#4262,#4263,#4264,#4265),(#4266,
#4267,#4268,#4269,#4270,#4271,#4272,#4273,#4274,#4275,#4276,#4277,#4278,
#4279,#4280,#4281,#4282,#4283,#4284,#4285,#4286,#4287,#4288,#4289,#4290,
#4291,#4292,#4293,#4294,#4295,#4296,#4297,#4298,#4299,#4300,#4301,#4302,
#4303,#4304,#4305,#4306,#4307,#4308,#4309,#4310,#4311,#4312,#4313,#4314,
#4315,#4316,#4317,#4318,#4319,#4320,#4321,#4322,#4323,#4324,#4325,#4326,
#4327,#4328,#4329,#4330,#4331,#4332,#4333,#4334,#4335,#4336,#4337,#4338,
#4339,#4340,#4341,#4342,#4343,#4344,#4345,#4346,#4347,#4348,#4349,#4350,
#4351,#4352,#4353,#4354,#4355,#4356,#4357,#4358,#4359,#4360,#4361,#4362,
#4363,#4364,#4365,#4366,#4367,#4368,#4369,#4370,#4371,#4372,#4373,#4374,
#4375,#4376,#4377,#4378,#4379,#4380,#4381,#4382,#4383,#4384,#4385,#4386,
#4387,#4388,#4389,#4390,#4391,#4392,#4393,#4394,#4395,#4396,#4397,#4398,
#4399,#4400,#4401,#4402,#4403,#4404,#4405,#4406,#4407,#4408,#4409,#4410,
#4411,#4412,#4413,#4414,#4415,#4416,#4417,#4418,#4419,#4420,#4421,#4422,
#4423,#4424,#4425,#4426,#4427,#4428,#4429,#4430,#4431,#4432,#4433,#4434,
#4435,#4436,#4437,#4438,#4439,#4440,#4441,#4442,#4443,#4444,#4445,#4446,
#4447,#4448,#4449,#4450,#4451,#4452,#4453,#4454,#4455,#4456,#4457,#4458,
#4459,#4460,#4461,#4462,#4463,#4464,#4465,#4466,#4467,#4468,#4469,#4470,
#4471,#4472,#4473,#4474,#4475,#4476,#4477,#4478,#4479,#4480,#4481,#4482,
#4483,#4484,#4485,#4486,#4487,#4488,#4489,#4490,#4491,#4492,#4493,#4494,
#4495,#4496,#4497,#4498,#4499,#4500,#4501,#4502,#4503,#4504,#4505,#4506,
#4507,#4508,#4509,#4510,#4511,#4512,#4513,#4514,#4515,#4516,#4517,#4518,
#4519,#4520,#4521,#4522,#4523,#4524,#4525,#4526,#4527,#4528,#4529,#4530,
#4531,#4532,#4533,#4534,#4535,#4536,#4537,#4538,#4539,#4540,#4541,#4542,
#4543,#4544,#4545,#4546,#4547,#4548,#4549,#4550,#4551,#4552,#4553,#4554,
#4555,#4556,#4557,#4558,#4559,#4560,#4561,#4562,#4563,#4564,#4565,#4566,
#4567,#4568,#4569,#4570,#4571,#4572,#4573,#4574,#4575,#4576,#4577,#4578,
#4579,#4580,#4581,#4582,#4583,#4584,#4585,#4586,#4587,#4588,#4589,#4590,
#4591,#4592,#4593,#4594,#4595,#4596,#4597,#4598,#4599,#4600,#4601,#4602,
#4603,#4604,#4605,#4606,#4607,#4608,#4609,#4610,#4611,#4612,#4613,#4614,
#4615,#4616,#4617,#4618,#4619,#4620,#4621,#4622,#4623,#4624,#4625,#4626,
#4627,#4628,#4629,#4630,#4631,#4632,#4633,#4634,#4635,#4636,#4637,#4638,
#4639,#4640,#4641,#4642,#4643,#4644,#4645,#4646,#4647,#4648,#4649,#4650,
#4651,#4652,#4653,#4654,#4655,#4656,#4657,#4658,#4659,#4660,#4661,#4662,
#4663,#4664,#4665,#4666,#4667,#4668,#4669,#4670,#4671,#4672,#4673,#4674,
#4675,#4676,#4677,#4678,#4679,#4680,#4681,#4682,#4683,#4684,#4685,#4686,
#4687,#4688,#4689,#4690,#4691,#4692,#4693,#4694,#4695,#4696,#4697,#4698,
#4699,#4700,#4701,#4702,#4703,#4704)),.UNSPECIFIED.,.F.,.F.,.F.)
B_SPLINE_SURFACE_WITH_KNOTS((2,2),(3,2,2,2,2,2,2,2,2,2,2,2,2,2,2,2,2,2,
2,2,2,2,2,2,2,2,2,2,2,2,2,2,2,2,2,2,2,2,2,2,2,2,2,2,2,2,2,2,2,2,2,2,2,2,
2,2,2,2,2,2,2,2,2,2,2,2,2,2,2,2,2,2,2,2,2,2,2,2,2,2,2,2,2,2,2,2,2,2,2,2,
2,2,2,2,2,2,2,2,2,2,2,2,2,2,2,2,2,2,2,2,2,2,2,2,2,2,2,2,2,2,2,2,2,2,2,2,
2,2,2,2,2,2,2,2,2,2,2,2,2,2,2,2,2,2,2,2,2,2,2,2,2,2,2,2,2,2,2,2,2,2,2,2,
2,2,2,2,2,2,2,2,2,2,2,2,2,2,2,2,2,2,2,2,2,2,2,2,2,2,2,2,2,2,2,2,2,2,2,2,
2,2,2,2,2,2,2,2,2,2,2,2,2,2,2,2,2,2,2,2,2,3),(0.,0.954703620648949),(0.0249908368667669,
0.0267857142857143,0.03125,0.0357142857142857,0.0401785714285714,0.0446428571428571,
0.0491071428571429,0.0535714285714286,0.0580357142857143,0.0625,0.0669642857142857,
0.0714285714285714,0.0758928571428571,0.0803571428571429,0.0848214285714286,
0.0892857142857143,0.09375,0.0982142857142857,0.102678571428571,0.107142857142857,
0.111607142857143,0.116071428571429,0.120535714285714,0.125,0.129464285714286,
0.133928571428571,0.138392857142857,0.142857142857143,0.147321428571429,
0.151785714285714,0.15625,0.160714285714286,0.165178571428571,0.169642857142857,
0.174107142857143,0.178571428571429,0.183035714285714,0.1875,0.191964285714286,
0.196428571428571,0.200892857142857,0.205357142857143,0.209821428571429,
0.214285714285714,0.21875,0.223214285714286,0.227678571428571,0.232142857142857,
0.236607142857143,0.241071428571429,0.245535714285714,0.25,0.254464285714286,
0.258928571428571,0.263392857142857,0.267857142857143,0.272321428571429,
0.276785714285714,0.28125,0.285714285714286,0.290178571428571,0.294642857142857,
0.299107142857143,0.303571428571429,0.308035714285714,0.3125,0.316964285714286,
0.321428571428571,0.325892857142857,0.330357142857143,0.334821428571429,
0.339285714285714,0.34375,0.348214285714286,0.352678571428571,0.357142857142857,
0.361607142857143,0.366071428571429,0.370535714285714,0.375,0.379464285714286,
0.383928571428571,0.388392857142857,0.392857142857143,0.397321428571429,
0.401785714285714,0.40625,0.410714285714286,0.415178571428571,0.419642857142857,
0.424107142857143,0.428571428571429,0.433035714285714,0.4375,0.441964285714286,
0.446428571428571,0.450892857142857,0.455357142857143,0.459821428571429,
0.464285714285714,0.46875,0.473214285714286,0.477678571428571,0.482142857142857,
0.486607142857143,0.491071428571429,0.495535714285714,0.5,0.504464285714286,
0.508928571428571,0.513392857142857,0.517857142857143,0.522321428571429,
0.526785714285714,0.53125,0.535714285714286,0.540178571428571,0.544642857142857,
0.549107142857143,0.553571428571429,0.558035714285714,0.5625,0.566964285714286,
0.571428571428571,0.575892857142857,0.580357142857143,0.584821428571429,
0.589285714285714,0.59375,0.598214285714286,0.602678571428571,0.607142857142857,
0.611607142857143,0.616071428571429,0.620535714285714,0.625,0.629464285714286,
0.633928571428571,0.638392857142857,0.642857142857143,0.647321428571429,
0.651785714285714,0.65625,0.660714285714286,0.665178571428571,0.669642857142857,
0.674107142857143,0.678571428571429,0.683035714285714,0.6875,0.691964285714286,
0.696428571428571,0.700892857142857,0.705357142857143,0.709821428571429,
0.714285714285714,0.71875,0.723214285714286,0.727678571428571,0.732142857142857,
0.736607142857143,0.741071428571429,0.745535714285714,0.75,0.754464285714286,
0.758928571428571,0.763392857142857,0.767857142857143,0.772321428571429,
0.776785714285714,0.78125,0.785714285714286,0.790178571428571,0.794642857142857,
0.799107142857143,0.803571428571429,0.808035714285714,0.8125,0.816964285714286,
0.821428571428571,0.825892857142857,0.830357142857143,0.834821428571429,
0.839285714285714,0.84375,0.848214285714286,0.852678571428571,0.857142857142857,
0.861607142857143,0.866071428571429,0.870535714285714,0.875,0.879464285714286,
0.883928571428571,0.888392857142857,0.892857142857143,0.897321428571429,
0.901785714285714,0.90625,0.910714285714286,0.915178571428571,0.919642857142857,
0.924107142857143,0.928571428571429,0.933035714285714,0.9375,0.941964285714286,
0.946428571428571,0.950892857142857,0.955357142857143,0.959821428571429,
0.964285714285714,0.96875,0.973214285714286,0.977678571428571,0.982142857142857,
0.986607142857143,0.991071428571429,0.995535714285714,1.),
 .PIECEWISE_BEZIER_KNOTS.)
GEOMETRIC_REPRESENTATION_ITEM()
RATIONAL_B_SPLINE_SURFACE(((0.96340032080763,0.969395572559792,1.,0.923879532511287,
1.,0.923879532511287,1.,0.923879532511287,1.,0.923879532511287,1.,0.923879532511287,
1.,0.923879532511287,1.,0.923879532511287,1.,0.923879532511287,1.,0.923879532511287,
1.,0.923879532511287,1.,0.923879532511287,1.,0.923879532511287,1.,0.923879532511287,
1.,0.923879532511287,1.,0.923879532511287,1.,0.923879532511287,1.,0.923879532511287,
1.,0.923879532511287,1.,0.923879532511287,1.,0.923879532511287,1.,0.923879532511287,
1.,0.923879532511287,1.,0.923879532511287,1.,0.923879532511287,1.,0.923879532511287,
1.,0.923879532511287,1.,0.923879532511287,1.,0.923879532511287,1.,0.923879532511287,
1.,0.923879532511287,1.,0.923879532511287,1.,0.923879532511287,1.,0.923879532511287,
1.,0.923879532511287,1.,0.923879532511287,1.,0.923879532511287,1.,0.923879532511287,
1.,0.923879532511287,1.,0.923879532511287,1.,0.923879532511287,1.,0.923879532511287,
1.,0.923879532511287,1.,0.923879532511287,1.,0.923879532511287,1.,0.923879532511287,
1.,0.923879532511287,1.,0.923879532511287,1.,0.923879532511287,1.,0.923879532511287,
1.,0.923879532511287,1.,0.923879532511287,1.,0.923879532511287,1.,0.923879532511287,
1.,0.923879532511287,1.,0.923879532511287,1.,0.923879532511287,1.,0.923879532511287,
1.,0.923879532511287,1.,0.923879532511287,1.,0.923879532511287,1.,0.923879532511287,
1.,0.923879532511287,1.,0.923879532511287,1.,0.923879532511287,1.,0.923879532511287,
1.,0.923879532511287,1.,0.923879532511287,1.,0.923879532511287,1.,0.923879532511287,
1.,0.923879532511287,1.,0.923879532511287,1.,0.923879532511287,1.,0.923879532511287,
1.,0.923879532511287,1.,0.923879532511287,1.,0.923879532511287,1.,0.923879532511287,
1.,0.923879532511287,1.,0.923879532511287,1.,0.923879532511287,1.,0.923879532511287,
1.,0.923879532511287,1.,0.923879532511287,1.,0.923879532511287,1.,0.923879532511287,
1.,0.923879532511287,1.,0.923879532511287,1.,0.923879532511287,1.,0.923879532511287,
1.,0.923879532511287,1.,0.923879532511287,1.,0.923879532511287,1.,0.923879532511287,
1.,0.923879532511287,1.,0.923879532511287,1.,0.923879532511287,1.,0.923879532511287,
1.,0.923879532511287,1.,0.923879532511287,1.,0.923879532511287,1.,0.923879532511287,
1.,0.923879532511287,1.,0.923879532511287,1.,0.923879532511287,1.,0.923879532511287,
1.,0.923879532511287,1.,0.923879532511287,1.,0.923879532511287,1.,0.923879532511287,
1.,0.923879532511287,1.,0.923879532511287,1.,0.923879532511287,1.,0.923879532511287,
1.,0.923879532511287,1.,0.923879532511287,1.,0.923879532511287,1.,0.923879532511287,
1.,0.923879532511287,1.,0.923879532511287,1.,0.923879532511287,1.,0.923879532511287,
1.,0.923879532511287,1.,0.923879532511287,1.,0.923879532511287,1.,0.923879532511287,
1.,0.923879532511287,1.,0.923879532511287,1.,0.923879532511287,1.,0.923879532511287,
1.,0.923879532511287,1.,0.923879532511287,1.,0.923879532511287,1.,0.923879532511287,
1.,0.923879532511287,1.,0.923879532511287,1.,0.923879532511287,1.,0.923879532511287,
1.,0.923879532511287,1.,0.923879532511287,1.,0.923879532511287,1.,0.923879532511287,
1.,0.923879532511287,1.,0.923879532511287,1.,0.923879532511287,1.,0.923879532511287,
1.,0.923879532511287,1.,0.923879532511287,1.,0.923879532511287,1.,0.923879532511287,
1.,0.923879532511287,1.,0.923879532511287,1.,0.923879532511287,1.,0.923879532511287,
1.,0.923879532511287,1.,0.923879532511287,1.,0.923879532511287,1.,0.923879532511287,
1.,0.923879532511287,1.,0.923879532511287,1.,0.923879532511287,1.,0.923879532511287,
1.,0.923879532511287,1.,0.923879532511287,1.,0.923879532511287,1.,0.923879532511287,
1.,0.923879532511287,1.,0.923879532511287,1.,0.923879532511287,1.,0.923879532511287,
1.,0.923879532511287,1.,0.923879532511287,1.,0.923879532511287,1.,0.923879532511287,
1.,0.923879532511287,1.,0.923879532511287,1.,0.923879532511287,1.,0.923879532511287,
1.,0.923879532511287,1.,0.923879532511287,1.,0.923879532511287,1.,0.923879532511287,
1.,0.923879532511287,1.,0.923879532511287,1.,0.923879532511287,1.,0.923879532511287,
1.,0.923879532511287,1.,0.923879532511287,1.,0.923879532511287,1.,0.923879532511287,
1.,0.923879532511287,1.,0.923879532511287,1.,0.923879532511287,1.,0.923879532511287,
1.,0.923879532511287,1.,0.923879532511287,1.,0.923879532511287,1.,0.923879532511287,
1.,0.923879532511287,1.,0.923879532511287,1.,0.923879532511287,1.,0.923879532511287,
1.,0.923879532511287,1.,0.923879532511287,1.,0.923879532511287,1.,0.923879532511287,
1.,0.923879532511287,1.,0.923879532511287,1.,0.923879532511287,1.,0.923879532511287,
1.,0.923879532511287,1.,0.923879532511287,1.,0.923879532511287,1.,0.923879532511287,
1.,0.923879532511287,1.,0.923879532511287,1.,0.923879532511287,1.,0.923879532511287,
1.,0.923879532511287,1.),(0.96340032080763,0.969395572559792,1.,0.923879532511287,
1.,0.923879532511287,1.,0.923879532511287,1.,0.923879532511287,1.,0.923879532511287,
1.,0.923879532511287,1.,0.923879532511287,1.,0.923879532511287,1.,0.923879532511287,
1.,0.923879532511287,1.,0.923879532511287,1.,0.923879532511287,1.,0.923879532511287,
1.,0.923879532511287,1.,0.923879532511287,1.,0.923879532511287,1.,0.923879532511287,
1.,0.923879532511287,1.,0.923879532511287,1.,0.923879532511287,1.,0.923879532511287,
1.,0.923879532511287,1.,0.923879532511287,1.,0.923879532511287,1.,0.923879532511287,
1.,0.923879532511287,1.,0.923879532511287,1.,0.923879532511287,1.,0.923879532511287,
1.,0.923879532511287,1.,0.923879532511287,1.,0.923879532511287,1.,0.923879532511287,
1.,0.923879532511287,1.,0.923879532511287,1.,0.923879532511287,1.,0.923879532511287,
1.,0.923879532511287,1.,0.923879532511287,1.,0.923879532511287,1.,0.923879532511287,
1.,0.923879532511287,1.,0.923879532511287,1.,0.923879532511287,1.,0.923879532511287,
1.,0.923879532511287,1.,0.923879532511287,1.,0.923879532511287,1.,0.923879532511287,
1.,0.923879532511287,1.,0.923879532511287,1.,0.923879532511287,1.,0.923879532511287,
1.,0.923879532511287,1.,0.923879532511287,1.,0.923879532511287,1.,0.923879532511287,
1.,0.923879532511287,1.,0.923879532511287,1.,0.923879532511287,1.,0.923879532511287,
1.,0.923879532511287,1.,0.923879532511287,1.,0.923879532511287,1.,0.923879532511287,
1.,0.923879532511287,1.,0.923879532511287,1.,0.923879532511287,1.,0.923879532511287,
1.,0.923879532511287,1.,0.923879532511287,1.,0.923879532511287,1.,0.923879532511287,
1.,0.923879532511287,1.,0.923879532511287,1.,0.923879532511287,1.,0.923879532511287,
1.,0.923879532511287,1.,0.923879532511287,1.,0.923879532511287,1.,0.923879532511287,
1.,0.923879532511287,1.,0.923879532511287,1.,0.923879532511287,1.,0.923879532511287,
1.,0.923879532511287,1.,0.923879532511287,1.,0.923879532511287,1.,0.923879532511287,
1.,0.923879532511287,1.,0.923879532511287,1.,0.923879532511287,1.,0.923879532511287,
1.,0.923879532511287,1.,0.923879532511287,1.,0.923879532511287,1.,0.923879532511287,
1.,0.923879532511287,1.,0.923879532511287,1.,0.923879532511287,1.,0.923879532511287,
1.,0.923879532511287,1.,0.923879532511287,1.,0.923879532511287,1.,0.923879532511287,
1.,0.923879532511287,1.,0.923879532511287,1.,0.923879532511287,1.,0.923879532511287,
1.,0.923879532511287,1.,0.923879532511287,1.,0.923879532511287,1.,0.923879532511287,
1.,0.923879532511287,1.,0.923879532511287,1.,0.923879532511287,1.,0.923879532511287,
1.,0.923879532511287,1.,0.923879532511287,1.,0.923879532511287,1.,0.923879532511287,
1.,0.923879532511287,1.,0.923879532511287,1.,0.923879532511287,1.,0.923879532511287,
1.,0.923879532511287,1.,0.923879532511287,1.,0.923879532511287,1.,0.923879532511287,
1.,0.923879532511287,1.,0.923879532511287,1.,0.923879532511287,1.,0.923879532511287,
1.,0.923879532511287,1.,0.923879532511287,1.,0.923879532511287,1.,0.923879532511287,
1.,0.923879532511287,1.,0.923879532511287,1.,0.923879532511287,1.,0.923879532511287,
1.,0.923879532511287,1.,0.923879532511287,1.,0.923879532511287,1.,0.923879532511287,
1.,0.923879532511287,1.,0.923879532511287,1.,0.923879532511287,1.,0.923879532511287,
1.,0.923879532511287,1.,0.923879532511287,1.,0.923879532511287,1.,0.923879532511287,
1.,0.923879532511287,1.,0.923879532511287,1.,0.923879532511287,1.,0.923879532511287,
1.,0.923879532511287,1.,0.923879532511287,1.,0.923879532511287,1.,0.923879532511287,
1.,0.923879532511287,1.,0.923879532511287,1.,0.923879532511287,1.,0.923879532511287,
1.,0.923879532511287,1.,0.923879532511287,1.,0.923879532511287,1.,0.923879532511287,
1.,0.923879532511287,1.,0.923879532511287,1.,0.923879532511287,1.,0.923879532511287,
1.,0.923879532511287,1.,0.923879532511287,1.,0.923879532511287,1.,0.923879532511287,
1.,0.923879532511287,1.,0.923879532511287,1.,0.923879532511287,1.,0.923879532511287,
1.,0.923879532511287,1.,0.923879532511287,1.,0.923879532511287,1.,0.923879532511287,
1.,0.923879532511287,1.,0.923879532511287,1.,0.923879532511287,1.,0.923879532511287,
1.,0.923879532511287,1.,0.923879532511287,1.,0.923879532511287,1.,0.923879532511287,
1.,0.923879532511287,1.,0.923879532511287,1.,0.923879532511287,1.,0.923879532511287,
1.,0.923879532511287,1.,0.923879532511287,1.,0.923879532511287,1.,0.923879532511287,
1.,0.923879532511287,1.,0.923879532511287,1.,0.923879532511287,1.,0.923879532511287,
1.,0.923879532511287,1.,0.923879532511287,1.,0.923879532511287,1.,0.923879532511287,
1.,0.923879532511287,1.,0.923879532511287,1.,0.923879532511287,1.,0.923879532511287,
1.,0.923879532511287,1.,0.923879532511287,1.,0.923879532511287,1.,0.923879532511287,
1.,0.923879532511287,1.)))
REPRESENTATION_ITEM('')
SURFACE()
);
#39=(
BOUNDED_SURFACE()
B_SPLINE_SURFACE(1,2,((#5156,#5157,#5158,#5159,#5160,#5161,#5162,#5163,
#5164,#5165,#5166,#5167,#5168,#5169,#5170,#5171,#5172,#5173,#5174,#5175,
#5176,#5177,#5178,#5179,#5180,#5181,#5182,#5183,#5184,#5185,#5186,#5187,
#5188,#5189,#5190,#5191,#5192,#5193,#5194,#5195,#5196,#5197,#5198,#5199,
#5200,#5201,#5202,#5203,#5204,#5205,#5206,#5207,#5208,#5209,#5210,#5211,
#5212,#5213,#5214,#5215,#5216,#5217,#5218,#5219,#5220,#5221,#5222,#5223,
#5224,#5225,#5226,#5227,#5228,#5229,#5230,#5231,#5232,#5233,#5234,#5235,
#5236,#5237,#5238,#5239,#5240,#5241,#5242,#5243,#5244,#5245,#5246,#5247,
#5248,#5249,#5250,#5251,#5252,#5253,#5254,#5255,#5256,#5257,#5258,#5259,
#5260,#5261,#5262,#5263,#5264,#5265,#5266,#5267,#5268,#5269,#5270,#5271,
#5272,#5273,#5274,#5275,#5276,#5277,#5278,#5279,#5280,#5281,#5282,#5283,
#5284,#5285,#5286,#5287,#5288,#5289,#5290,#5291,#5292,#5293,#5294,#5295,
#5296,#5297,#5298,#5299,#5300,#5301,#5302,#5303,#5304,#5305,#5306,#5307,
#5308,#5309,#5310,#5311,#5312,#5313,#5314,#5315,#5316,#5317,#5318,#5319,
#5320,#5321,#5322,#5323,#5324,#5325,#5326,#5327,#5328,#5329,#5330,#5331,
#5332,#5333,#5334,#5335,#5336,#5337,#5338,#5339,#5340,#5341,#5342,#5343,
#5344,#5345,#5346,#5347,#5348,#5349,#5350,#5351,#5352,#5353,#5354,#5355,
#5356,#5357,#5358,#5359,#5360,#5361,#5362,#5363,#5364,#5365,#5366,#5367,
#5368,#5369,#5370,#5371,#5372,#5373,#5374,#5375,#5376,#5377,#5378,#5379,
#5380,#5381,#5382,#5383,#5384,#5385,#5386,#5387,#5388,#5389,#5390,#5391,
#5392,#5393,#5394,#5395,#5396,#5397,#5398,#5399,#5400,#5401,#5402,#5403,
#5404,#5405,#5406,#5407,#5408,#5409,#5410,#5411,#5412,#5413,#5414,#5415,
#5416,#5417,#5418,#5419,#5420,#5421,#5422,#5423,#5424,#5425,#5426,#5427,
#5428,#5429,#5430,#5431,#5432,#5433,#5434,#5435,#5436,#5437,#5438,#5439,
#5440,#5441,#5442,#5443,#5444,#5445,#5446,#5447,#5448,#5449,#5450,#5451,
#5452,#5453,#5454,#5455,#5456,#5457,#5458,#5459,#5460,#5461,#5462,#5463,
#5464,#5465,#5466,#5467,#5468,#5469,#5470,#5471,#5472,#5473,#5474,#5475,
#5476,#5477,#5478,#5479,#5480,#5481,#5482,#5483,#5484,#5485,#5486,#5487,
#5488,#5489,#5490,#5491,#5492,#5493,#5494,#5495,#5496,#5497,#5498,#5499,
#5500,#5501,#5502,#5503,#5504,#5505,#5506,#5507,#5508,#5509,#5510,#5511,
#5512,#5513,#5514,#5515,#5516,#5517,#5518,#5519,#5520,#5521,#5522,#5523,
#5524,#5525,#5526,#5527,#5528,#5529,#5530,#5531,#5532,#5533,#5534,#5535,
#5536,#5537,#5538,#5539,#5540,#5541,#5542,#5543,#5544,#5545,#5546,#5547,
#5548,#5549,#5550,#5551,#5552,#5553,#5554,#5555,#5556,#5557,#5558,#5559,
#5560,#5561,#5562,#5563,#5564,#5565,#5566,#5567,#5568,#5569,#5570,#5571,
#5572,#5573,#5574,#5575,#5576,#5577,#5578,#5579,#5580,#5581,#5582,#5583,
#5584,#5585,#5586,#5587,#5588,#5589,#5590,#5591,#5592,#5593,#5594),(#5595,
#5596,#5597,#5598,#5599,#5600,#5601,#5602,#5603,#5604,#5605,#5606,#5607,
#5608,#5609,#5610,#5611,#5612,#5613,#5614,#5615,#5616,#5617,#5618,#5619,
#5620,#5621,#5622,#5623,#5624,#5625,#5626,#5627,#5628,#5629,#5630,#5631,
#5632,#5633,#5634,#5635,#5636,#5637,#5638,#5639,#5640,#5641,#5642,#5643,
#5644,#5645,#5646,#5647,#5648,#5649,#5650,#5651,#5652,#5653,#5654,#5655,
#5656,#5657,#5658,#5659,#5660,#5661,#5662,#5663,#5664,#5665,#5666,#5667,
#5668,#5669,#5670,#5671,#5672,#5673,#5674,#5675,#5676,#5677,#5678,#5679,
#5680,#5681,#5682,#5683,#5684,#5685,#5686,#5687,#5688,#5689,#5690,#5691,
#5692,#5693,#5694,#5695,#5696,#5697,#5698,#5699,#5700,#5701,#5702,#5703,
#5704,#5705,#5706,#5707,#5708,#5709,#5710,#5711,#5712,#5713,#5714,#5715,
#5716,#5717,#5718,#5719,#5720,#5721,#5722,#5723,#5724,#5725,#5726,#5727,
#5728,#5729,#5730,#5731,#5732,#5733,#5734,#5735,#5736,#5737,#5738,#5739,
#5740,#5741,#5742,#5743,#5744,#5745,#5746,#5747,#5748,#5749,#5750,#5751,
#5752,#5753,#5754,#5755,#5756,#5757,#5758,#5759,#5760,#5761,#5762,#5763,
#5764,#5765,#5766,#5767,#5768,#5769,#5770,#5771,#5772,#5773,#5774,#5775,
#5776,#5777,#5778,#5779,#5780,#5781,#5782,#5783,#5784,#5785,#5786,#5787,
#5788,#5789,#5790,#5791,#5792,#5793,#5794,#5795,#5796,#5797,#5798,#5799,
#5800,#5801,#5802,#5803,#5804,#5805,#5806,#5807,#5808,#5809,#5810,#5811,
#5812,#5813,#5814,#5815,#5816,#5817,#5818,#5819,#5820,#5821,#5822,#5823,
#5824,#5825,#5826,#5827,#5828,#5829,#5830,#5831,#5832,#5833,#5834,#5835,
#5836,#5837,#5838,#5839,#5840,#5841,#5842,#5843,#5844,#5845,#5846,#5847,
#5848,#5849,#5850,#5851,#5852,#5853,#5854,#5855,#5856,#5857,#5858,#5859,
#5860,#5861,#5862,#5863,#5864,#5865,#5866,#5867,#5868,#5869,#5870,#5871,
#5872,#5873,#5874,#5875,#5876,#5877,#5878,#5879,#5880,#5881,#5882,#5883,
#5884,#5885,#5886,#5887,#5888,#5889,#5890,#5891,#5892,#5893,#5894,#5895,
#5896,#5897,#5898,#5899,#5900,#5901,#5902,#5903,#5904,#5905,#5906,#5907,
#5908,#5909,#5910,#5911,#5912,#5913,#5914,#5915,#5916,#5917,#5918,#5919,
#5920,#5921,#5922,#5923,#5924,#5925,#5926,#5927,#5928,#5929,#5930,#5931,
#5932,#5933,#5934,#5935,#5936,#5937,#5938,#5939,#5940,#5941,#5942,#5943,
#5944,#5945,#5946,#5947,#5948,#5949,#5950,#5951,#5952,#5953,#5954,#5955,
#5956,#5957,#5958,#5959,#5960,#5961,#5962,#5963,#5964,#5965,#5966,#5967,
#5968,#5969,#5970,#5971,#5972,#5973,#5974,#5975,#5976,#5977,#5978,#5979,
#5980,#5981,#5982,#5983,#5984,#5985,#5986,#5987,#5988,#5989,#5990,#5991,
#5992,#5993,#5994,#5995,#5996,#5997,#5998,#5999,#6000,#6001,#6002,#6003,
#6004,#6005,#6006,#6007,#6008,#6009,#6010,#6011,#6012,#6013,#6014,#6015,
#6016,#6017,#6018,#6019,#6020,#6021,#6022,#6023,#6024,#6025,#6026,#6027,
#6028,#6029,#6030,#6031,#6032,#6033)),.UNSPECIFIED.,.F.,.F.,.F.)
B_SPLINE_SURFACE_WITH_KNOTS((2,2),(3,2,2,2,2,2,2,2,2,2,2,2,2,2,2,2,2,2,
2,2,2,2,2,2,2,2,2,2,2,2,2,2,2,2,2,2,2,2,2,2,2,2,2,2,2,2,2,2,2,2,2,2,2,2,
2,2,2,2,2,2,2,2,2,2,2,2,2,2,2,2,2,2,2,2,2,2,2,2,2,2,2,2,2,2,2,2,2,2,2,2,
2,2,2,2,2,2,2,2,2,2,2,2,2,2,2,2,2,2,2,2,2,2,2,2,2,2,2,2,2,2,2,2,2,2,2,2,
2,2,2,2,2,2,2,2,2,2,2,2,2,2,2,2,2,2,2,2,2,2,2,2,2,2,2,2,2,2,2,2,2,2,2,2,
2,2,2,2,2,2,2,2,2,2,2,2,2,2,2,2,2,2,2,2,2,2,2,2,2,2,2,2,2,2,2,2,2,2,2,2,
2,2,2,2,2,2,2,2,2,2,2,2,2,2,2,2,2,2,2,2,2,3),(0.0452963793510532,1.),(0.0249908368667669,
0.0267857142857143,0.03125,0.0357142857142857,0.0401785714285714,0.0446428571428571,
0.0491071428571429,0.0535714285714286,0.0580357142857143,0.0625,0.0669642857142857,
0.0714285714285714,0.0758928571428571,0.0803571428571429,0.0848214285714286,
0.0892857142857143,0.09375,0.0982142857142857,0.102678571428571,0.107142857142857,
0.111607142857143,0.116071428571429,0.120535714285714,0.125,0.129464285714286,
0.133928571428571,0.138392857142857,0.142857142857143,0.147321428571429,
0.151785714285714,0.15625,0.160714285714286,0.165178571428571,0.169642857142857,
0.174107142857143,0.178571428571429,0.183035714285714,0.1875,0.191964285714286,
0.196428571428571,0.200892857142857,0.205357142857143,0.209821428571429,
0.214285714285714,0.21875,0.223214285714286,0.227678571428571,0.232142857142857,
0.236607142857143,0.241071428571429,0.245535714285714,0.25,0.254464285714286,
0.258928571428571,0.263392857142857,0.267857142857143,0.272321428571429,
0.276785714285714,0.28125,0.285714285714286,0.290178571428571,0.294642857142857,
0.299107142857143,0.303571428571429,0.308035714285714,0.3125,0.316964285714286,
0.321428571428571,0.325892857142857,0.330357142857143,0.334821428571429,
0.339285714285714,0.34375,0.348214285714286,0.352678571428571,0.357142857142857,
0.361607142857143,0.366071428571429,0.370535714285714,0.375,0.379464285714286,
0.383928571428571,0.388392857142857,0.392857142857143,0.397321428571429,
0.401785714285714,0.40625,0.410714285714286,0.415178571428571,0.419642857142857,
0.424107142857143,0.428571428571429,0.433035714285714,0.4375,0.441964285714286,
0.446428571428571,0.450892857142857,0.455357142857143,0.459821428571429,
0.464285714285714,0.46875,0.473214285714286,0.477678571428571,0.482142857142857,
0.486607142857143,0.491071428571429,0.495535714285714,0.5,0.504464285714286,
0.508928571428571,0.513392857142857,0.517857142857143,0.522321428571429,
0.526785714285714,0.53125,0.535714285714286,0.540178571428571,0.544642857142857,
0.549107142857143,0.553571428571429,0.558035714285714,0.5625,0.566964285714286,
0.571428571428571,0.575892857142857,0.580357142857143,0.584821428571429,
0.589285714285714,0.59375,0.598214285714286,0.602678571428571,0.607142857142857,
0.611607142857143,0.616071428571429,0.620535714285714,0.625,0.629464285714286,
0.633928571428571,0.638392857142857,0.642857142857143,0.647321428571429,
0.651785714285714,0.65625,0.660714285714286,0.665178571428571,0.669642857142857,
0.674107142857143,0.678571428571429,0.683035714285714,0.6875,0.691964285714286,
0.696428571428571,0.700892857142857,0.705357142857143,0.709821428571429,
0.714285714285714,0.71875,0.723214285714286,0.727678571428571,0.732142857142857,
0.736607142857143,0.741071428571429,0.745535714285714,0.75,0.754464285714286,
0.758928571428571,0.763392857142857,0.767857142857143,0.772321428571429,
0.776785714285714,0.78125,0.785714285714286,0.790178571428571,0.794642857142857,
0.799107142857143,0.803571428571429,0.808035714285714,0.8125,0.816964285714286,
0.821428571428571,0.825892857142857,0.830357142857143,0.834821428571429,
0.839285714285714,0.84375,0.848214285714286,0.852678571428571,0.857142857142857,
0.861607142857143,0.866071428571429,0.870535714285714,0.875,0.879464285714286,
0.883928571428571,0.888392857142857,0.892857142857143,0.897321428571429,
0.901785714285714,0.90625,0.910714285714286,0.915178571428571,0.919642857142857,
0.924107142857143,0.928571428571429,0.933035714285714,0.9375,0.941964285714286,
0.946428571428571,0.950892857142857,0.955357142857143,0.959821428571429,
0.964285714285714,0.96875,0.973214285714286,0.977678571428571,0.982142857142857,
0.986607142857143,0.991071428571429,0.995535714285714,1.),
 .PIECEWISE_BEZIER_KNOTS.)
GEOMETRIC_REPRESENTATION_ITEM()
RATIONAL_B_SPLINE_SURFACE(((0.96340032080763,0.969395572559792,1.,0.923879532511287,
1.,0.923879532511287,1.,0.923879532511287,1.,0.923879532511287,1.,0.923879532511287,
1.,0.923879532511287,1.,0.923879532511287,1.,0.923879532511287,1.,0.923879532511287,
1.,0.923879532511287,1.,0.923879532511287,1.,0.923879532511287,1.,0.923879532511287,
1.,0.923879532511287,1.,0.923879532511287,1.,0.923879532511287,1.,0.923879532511287,
1.,0.923879532511287,1.,0.923879532511287,1.,0.923879532511287,1.,0.923879532511287,
1.,0.923879532511287,1.,0.923879532511287,1.,0.923879532511287,1.,0.923879532511287,
1.,0.923879532511287,1.,0.923879532511287,1.,0.923879532511287,1.,0.923879532511287,
1.,0.923879532511287,1.,0.923879532511287,1.,0.923879532511287,1.,0.923879532511287,
1.,0.923879532511287,1.,0.923879532511287,1.,0.923879532511287,1.,0.923879532511287,
1.,0.923879532511287,1.,0.923879532511287,1.,0.923879532511287,1.,0.923879532511287,
1.,0.923879532511287,1.,0.923879532511287,1.,0.923879532511287,1.,0.923879532511287,
1.,0.923879532511287,1.,0.923879532511287,1.,0.923879532511287,1.,0.923879532511287,
1.,0.923879532511287,1.,0.923879532511287,1.,0.923879532511287,1.,0.923879532511287,
1.,0.923879532511287,1.,0.923879532511287,1.,0.923879532511287,1.,0.923879532511287,
1.,0.923879532511287,1.,0.923879532511287,1.,0.923879532511287,1.,0.923879532511287,
1.,0.923879532511287,1.,0.923879532511287,1.,0.923879532511287,1.,0.923879532511287,
1.,0.923879532511287,1.,0.923879532511287,1.,0.923879532511287,1.,0.923879532511287,
1.,0.923879532511287,1.,0.923879532511287,1.,0.923879532511287,1.,0.923879532511287,
1.,0.923879532511287,1.,0.923879532511287,1.,0.923879532511287,1.,0.923879532511287,
1.,0.923879532511287,1.,0.923879532511287,1.,0.923879532511287,1.,0.923879532511287,
1.,0.923879532511287,1.,0.923879532511287,1.,0.923879532511287,1.,0.923879532511287,
1.,0.923879532511287,1.,0.923879532511287,1.,0.923879532511287,1.,0.923879532511287,
1.,0.923879532511287,1.,0.923879532511287,1.,0.923879532511287,1.,0.923879532511287,
1.,0.923879532511287,1.,0.923879532511287,1.,0.923879532511287,1.,0.923879532511287,
1.,0.923879532511287,1.,0.923879532511287,1.,0.923879532511287,1.,0.923879532511287,
1.,0.923879532511287,1.,0.923879532511287,1.,0.923879532511287,1.,0.923879532511287,
1.,0.923879532511287,1.,0.923879532511287,1.,0.923879532511287,1.,0.923879532511287,
1.,0.923879532511287,1.,0.923879532511287,1.,0.923879532511287,1.,0.923879532511287,
1.,0.923879532511287,1.,0.923879532511287,1.,0.923879532511287,1.,0.923879532511287,
1.,0.923879532511287,1.,0.923879532511287,1.,0.923879532511287,1.,0.923879532511287,
1.,0.923879532511287,1.,0.923879532511287,1.,0.923879532511287,1.,0.923879532511287,
1.,0.923879532511287,1.,0.923879532511287,1.,0.923879532511287,1.,0.923879532511287,
1.,0.923879532511287,1.,0.923879532511287,1.,0.923879532511287,1.,0.923879532511287,
1.,0.923879532511287,1.,0.923879532511287,1.,0.923879532511287,1.,0.923879532511287,
1.,0.923879532511287,1.,0.923879532511287,1.,0.923879532511287,1.,0.923879532511287,
1.,0.923879532511287,1.,0.923879532511287,1.,0.923879532511287,1.,0.923879532511287,
1.,0.923879532511287,1.,0.923879532511287,1.,0.923879532511287,1.,0.923879532511287,
1.,0.923879532511287,1.,0.923879532511287,1.,0.923879532511287,1.,0.923879532511287,
1.,0.923879532511287,1.,0.923879532511287,1.,0.923879532511287,1.,0.923879532511287,
1.,0.923879532511287,1.,0.923879532511287,1.,0.923879532511287,1.,0.923879532511287,
1.,0.923879532511287,1.,0.923879532511287,1.,0.923879532511287,1.,0.923879532511287,
1.,0.923879532511287,1.,0.923879532511287,1.,0.923879532511287,1.,0.923879532511287,
1.,0.923879532511287,1.,0.923879532511287,1.,0.923879532511287,1.,0.923879532511287,
1.,0.923879532511287,1.,0.923879532511287,1.,0.923879532511287,1.,0.923879532511287,
1.,0.923879532511287,1.,0.923879532511287,1.,0.923879532511287,1.,0.923879532511287,
1.,0.923879532511287,1.,0.923879532511287,1.,0.923879532511287,1.,0.923879532511287,
1.,0.923879532511287,1.,0.923879532511287,1.,0.923879532511287,1.,0.923879532511287,
1.,0.923879532511287,1.,0.923879532511287,1.,0.923879532511287,1.,0.923879532511287,
1.,0.923879532511287,1.,0.923879532511287,1.,0.923879532511287,1.,0.923879532511287,
1.,0.923879532511287,1.,0.923879532511287,1.,0.923879532511287,1.,0.923879532511287,
1.,0.923879532511287,1.,0.923879532511287,1.,0.923879532511287,1.,0.923879532511287,
1.,0.923879532511287,1.,0.923879532511287,1.,0.923879532511287,1.,0.923879532511287,
1.,0.923879532511287,1.,0.923879532511287,1.,0.923879532511287,1.,0.923879532511287,
1.,0.923879532511287,1.,0.923879532511287,1.,0.923879532511287,1.,0.923879532511287,
1.,0.923879532511287,1.),(0.96340032080763,0.969395572559792,1.,0.923879532511287,
1.,0.923879532511287,1.,0.923879532511287,1.,0.923879532511287,1.,0.923879532511287,
1.,0.923879532511287,1.,0.923879532511287,1.,0.923879532511287,1.,0.923879532511287,
1.,0.923879532511287,1.,0.923879532511287,1.,0.923879532511287,1.,0.923879532511287,
1.,0.923879532511287,1.,0.923879532511287,1.,0.923879532511287,1.,0.923879532511287,
1.,0.923879532511287,1.,0.923879532511287,1.,0.923879532511287,1.,0.923879532511287,
1.,0.923879532511287,1.,0.923879532511287,1.,0.923879532511287,1.,0.923879532511287,
1.,0.923879532511287,1.,0.923879532511287,1.,0.923879532511287,1.,0.923879532511287,
1.,0.923879532511287,1.,0.923879532511287,1.,0.923879532511287,1.,0.923879532511287,
1.,0.923879532511287,1.,0.923879532511287,1.,0.923879532511287,1.,0.923879532511287,
1.,0.923879532511287,1.,0.923879532511287,1.,0.923879532511287,1.,0.923879532511287,
1.,0.923879532511287,1.,0.923879532511287,1.,0.923879532511287,1.,0.923879532511287,
1.,0.923879532511287,1.,0.923879532511287,1.,0.923879532511287,1.,0.923879532511287,
1.,0.923879532511287,1.,0.923879532511287,1.,0.923879532511287,1.,0.923879532511287,
1.,0.923879532511287,1.,0.923879532511287,1.,0.923879532511287,1.,0.923879532511287,
1.,0.923879532511287,1.,0.923879532511287,1.,0.923879532511287,1.,0.923879532511287,
1.,0.923879532511287,1.,0.923879532511287,1.,0.923879532511287,1.,0.923879532511287,
1.,0.923879532511287,1.,0.923879532511287,1.,0.923879532511287,1.,0.923879532511287,
1.,0.923879532511287,1.,0.923879532511287,1.,0.923879532511287,1.,0.923879532511287,
1.,0.923879532511287,1.,0.923879532511287,1.,0.923879532511287,1.,0.923879532511287,
1.,0.923879532511287,1.,0.923879532511287,1.,0.923879532511287,1.,0.923879532511287,
1.,0.923879532511287,1.,0.923879532511287,1.,0.923879532511287,1.,0.923879532511287,
1.,0.923879532511287,1.,0.923879532511287,1.,0.923879532511287,1.,0.923879532511287,
1.,0.923879532511287,1.,0.923879532511287,1.,0.923879532511287,1.,0.923879532511287,
1.,0.923879532511287,1.,0.923879532511287,1.,0.923879532511287,1.,0.923879532511287,
1.,0.923879532511287,1.,0.923879532511287,1.,0.923879532511287,1.,0.923879532511287,
1.,0.923879532511287,1.,0.923879532511287,1.,0.923879532511287,1.,0.923879532511287,
1.,0.923879532511287,1.,0.923879532511287,1.,0.923879532511287,1.,0.923879532511287,
1.,0.923879532511287,1.,0.923879532511287,1.,0.923879532511287,1.,0.923879532511287,
1.,0.923879532511287,1.,0.923879532511287,1.,0.923879532511287,1.,0.923879532511287,
1.,0.923879532511287,1.,0.923879532511287,1.,0.923879532511287,1.,0.923879532511287,
1.,0.923879532511287,1.,0.923879532511287,1.,0.923879532511287,1.,0.923879532511287,
1.,0.923879532511287,1.,0.923879532511287,1.,0.923879532511287,1.,0.923879532511287,
1.,0.923879532511287,1.,0.923879532511287,1.,0.923879532511287,1.,0.923879532511287,
1.,0.923879532511287,1.,0.923879532511287,1.,0.923879532511287,1.,0.923879532511287,
1.,0.923879532511287,1.,0.923879532511287,1.,0.923879532511287,1.,0.923879532511287,
1.,0.923879532511287,1.,0.923879532511287,1.,0.923879532511287,1.,0.923879532511287,
1.,0.923879532511287,1.,0.923879532511287,1.,0.923879532511287,1.,0.923879532511287,
1.,0.923879532511287,1.,0.923879532511287,1.,0.923879532511287,1.,0.923879532511287,
1.,0.923879532511287,1.,0.923879532511287,1.,0.923879532511287,1.,0.923879532511287,
1.,0.923879532511287,1.,0.923879532511287,1.,0.923879532511287,1.,0.923879532511287,
1.,0.923879532511287,1.,0.923879532511287,1.,0.923879532511287,1.,0.923879532511287,
1.,0.923879532511287,1.,0.923879532511287,1.,0.923879532511287,1.,0.923879532511287,
1.,0.923879532511287,1.,0.923879532511287,1.,0.923879532511287,1.,0.923879532511287,
1.,0.923879532511287,1.,0.923879532511287,1.,0.923879532511287,1.,0.923879532511287,
1.,0.923879532511287,1.,0.923879532511287,1.,0.923879532511287,1.,0.923879532511287,
1.,0.923879532511287,1.,0.923879532511287,1.,0.923879532511287,1.,0.923879532511287,
1.,0.923879532511287,1.,0.923879532511287,1.,0.923879532511287,1.,0.923879532511287,
1.,0.923879532511287,1.,0.923879532511287,1.,0.923879532511287,1.,0.923879532511287,
1.,0.923879532511287,1.,0.923879532511287,1.,0.923879532511287,1.,0.923879532511287,
1.,0.923879532511287,1.,0.923879532511287,1.,0.923879532511287,1.,0.923879532511287,
1.,0.923879532511287,1.,0.923879532511287,1.,0.923879532511287,1.,0.923879532511287,
1.,0.923879532511287,1.,0.923879532511287,1.,0.923879532511287,1.,0.923879532511287,
1.,0.923879532511287,1.,0.923879532511287,1.,0.923879532511287,1.,0.923879532511287,
1.,0.923879532511287,1.,0.923879532511287,1.,0.923879532511287,1.,0.923879532511287,
1.,0.923879532511287,1.)))
REPRESENTATION_ITEM('')
SURFACE()
);
#40=PLANE('',#2079);
#41=PLANE('',#2084);
#42=PLANE('',#2086);
#43=PLANE('',#2092);
#44=PLANE('',#2097);
#45=PLANE('',#2103);
#46=PLANE('',#2109);
#47=PLANE('',#2113);
#48=PLANE('',#2116);
#49=PLANE('',#2117);
#50=PLANE('',#2118);
#51=PLANE('',#2119);
#52=PLANE('',#2120);
#53=PLANE('',#2124);
#54=PLANE('',#2125);
#55=PLANE('',#2126);
#56=PLANE('',#2127);
#57=PLANE('',#2128);
#58=PLANE('',#2129);
#59=PLANE('',#2130);
#60=PLANE('',#2145);
#61=PLANE('',#2148);
#62=PLANE('',#2153);
#63=PLANE('',#2158);
#64=PLANE('',#2160);
#65=PLANE('',#2161);
#66=PLANE('',#2163);
#67=PLANE('',#2164);
#68=PLANE('',#2165);
#69=PLANE('',#2166);
#70=PLANE('',#2169);
#71=PLANE('',#2172);
#72=PLANE('',#2177);
#73=PLANE('',#2182);
#74=PLANE('',#2184);
#75=PLANE('',#2185);
#76=PLANE('',#2187);
#77=PLANE('',#2188);
#78=PLANE('',#2189);
#79=PLANE('',#2190);
#80=PLANE('',#2193);
#81=PLANE('',#2196);
#82=PLANE('',#2201);
#83=PLANE('',#2206);
#84=PLANE('',#2208);
#85=PLANE('',#2209);
#86=PLANE('',#2211);
#87=PLANE('',#2212);
#88=PLANE('',#2213);
#89=PLANE('',#2214);
#90=PLANE('',#2223);
#91=PLANE('',#2231);
#92=PLANE('',#2235);
#93=PLANE('',#2240);
#94=PLANE('',#2241);
#95=PLANE('',#2242);
#96=PLANE('',#2243);
#97=PLANE('',#2244);
#98=PLANE('',#2245);
#99=PLANE('',#2246);
#100=PLANE('',#2247);
#101=VERTEX_LOOP('',#1161);
#102=(
BOUNDED_CURVE()
B_SPLINE_CURVE(2,(#2793,#2794,#2795,#2796,#2797,#2798,#2799,#2800,#2801,
#2802,#2803,#2804,#2805,#2806,#2807,#2808,#2809,#2810,#2811,#2812,#2813,
#2814,#2815,#2816,#2817,#2818,#2819,#2820,#2821,#2822,#2823,#2824,#2825,
#2826,#2827,#2828,#2829,#2830,#2831,#2832,#2833,#2834,#2835,#2836,#2837,
#2838,#2839,#2840,#2841,#2842,#2843,#2844,#2845,#2846,#2847,#2848,#2849,
#2850,#2851,#2852,#2853,#2854,#2855,#2856,#2857,#2858,#2859,#2860,#2861,
#2862,#2863,#2864,#2865,#2866,#2867,#2868,#2869,#2870,#2871,#2872,#2873,
#2874,#2875,#2876,#2877,#2878,#2879,#2880,#2881,#2882,#2883,#2884,#2885,
#2886,#2887,#2888,#2889,#2890,#2891,#2892,#2893,#2894,#2895,#2896,#2897,
#2898,#2899,#2900,#2901,#2902,#2903,#2904,#2905,#2906,#2907,#2908,#2909,
#2910,#2911,#2912,#2913,#2914,#2915,#2916,#2917,#2918,#2919,#2920,#2921,
#2922,#2923,#2924,#2925,#2926,#2927,#2928,#2929,#2930,#2931,#2932,#2933,
#2934,#2935,#2936,#2937,#2938,#2939,#2940,#2941,#2942,#2943,#2944,#2945,
#2946,#2947,#2948,#2949,#2950,#2951,#2952,#2953,#2954,#2955,#2956,#2957,
#2958,#2959,#2960,#2961,#2962,#2963,#2964,#2965,#2966,#2967,#2968,#2969,
#2970,#2971,#2972,#2973,#2974,#2975,#2976,#2977,#2978,#2979,#2980,#2981,
#2982,#2983,#2984,#2985,#2986,#2987,#2988,#2989,#2990,#2991,#2992,#2993,
#2994,#2995,#2996,#2997,#2998,#2999,#3000,#3001,#3002,#3003,#3004,#3005,
#3006,#3007,#3008,#3009,#3010,#3011,#3012,#3013,#3014,#3015,#3016,#3017,
#3018,#3019,#3020,#3021,#3022,#3023,#3024,#3025,#3026,#3027,#3028,#3029,
#3030,#3031,#3032,#3033,#3034,#3035,#3036,#3037,#3038,#3039,#3040,#3041,
#3042,#3043,#3044,#3045,#3046,#3047,#3048,#3049,#3050,#3051,#3052,#3053,
#3054,#3055,#3056,#3057,#3058,#3059,#3060,#3061,#3062,#3063,#3064,#3065,
#3066,#3067,#3068,#3069,#3070,#3071,#3072,#3073,#3074,#3075,#3076,#3077,
#3078,#3079,#3080,#3081,#3082,#3083,#3084,#3085,#3086,#3087,#3088,#3089,
#3090,#3091,#3092,#3093,#3094,#3095,#3096,#3097,#3098,#3099,#3100,#3101,
#3102,#3103,#3104,#3105,#3106,#3107,#3108,#3109,#3110,#3111,#3112,#3113,
#3114,#3115,#3116,#3117,#3118,#3119,#3120,#3121,#3122,#3123,#3124,#3125,
#3126,#3127,#3128,#3129,#3130,#3131,#3132,#3133,#3134,#3135,#3136,#3137,
#3138,#3139,#3140,#3141,#3142,#3143,#3144,#3145,#3146,#3147,#3148,#3149,
#3150,#3151,#3152,#3153,#3154,#3155,#3156,#3157,#3158,#3159,#3160,#3161,
#3162,#3163,#3164,#3165,#3166,#3167,#3168,#3169,#3170,#3171,#3172,#3173,
#3174,#3175,#3176,#3177,#3178,#3179,#3180,#3181,#3182,#3183,#3184,#3185,
#3186,#3187,#3188,#3189,#3190,#3191,#3192,#3193,#3194,#3195,#3196,#3197,
#3198,#3199,#3200,#3201,#3202,#3203,#3204,#3205,#3206,#3207,#3208,#3209,
#3210,#3211,#3212,#3213,#3214,#3215,#3216,#3217,#3218,#3219,#3220,#3221,
#3222,#3223,#3224,#3225,#3226,#3227,#3228,#3229,#3230,#3231,#3232,#3233,
#3234,#3235,#3236,#3237,#3238,#3239,#3240,#3241),.UNSPECIFIED.,.F.,.F.)
B_SPLINE_CURVE_WITH_KNOTS((3,2,2,2,2,2,2,2,2,2,2,2,2,2,2,2,2,2,2,2,2,2,
2,2,2,2,2,2,2,2,2,2,2,2,2,2,2,2,2,2,2,2,2,2,2,2,2,2,2,2,2,2,2,2,2,2,2,2,
2,2,2,2,2,2,2,2,2,2,2,2,2,2,2,2,2,2,2,2,2,2,2,2,2,2,2,2,2,2,2,2,2,2,2,2,
2,2,2,2,2,2,2,2,2,2,2,2,2,2,2,2,2,2,2,2,2,2,2,2,2,2,2,2,2,2,2,2,2,2,2,2,
2,2,2,2,2,2,2,2,2,2,2,2,2,2,2,2,2,2,2,2,2,2,2,2,2,2,2,2,2,2,2,2,2,2,2,2,
2,2,2,2,2,2,2,2,2,2,2,2,2,2,2,2,2,2,2,2,2,2,2,2,2,2,2,2,2,2,2,2,2,2,2,2,
2,2,2,2,2,2,2,2,2,2,2,2,2,2,2,2,2,2,2,2,2,2,3),(0.,0.00446428571428571,
0.00892857142857143,0.0133928571428571,0.0178571428571429,0.0223214285714286,
0.0267857142857143,0.03125,0.0357142857142857,0.0401785714285714,0.0446428571428571,
0.0491071428571429,0.0535714285714286,0.0580357142857143,0.0625,0.0669642857142857,
0.0714285714285714,0.0758928571428571,0.0803571428571429,0.0848214285714286,
0.0892857142857143,0.09375,0.0982142857142857,0.102678571428571,0.107142857142857,
0.111607142857143,0.116071428571429,0.120535714285714,0.125,0.129464285714286,
0.133928571428571,0.138392857142857,0.142857142857143,0.147321428571429,
0.151785714285714,0.15625,0.160714285714286,0.165178571428571,0.169642857142857,
0.174107142857143,0.178571428571429,0.183035714285714,0.1875,0.191964285714286,
0.196428571428571,0.200892857142857,0.205357142857143,0.209821428571429,
0.214285714285714,0.21875,0.223214285714286,0.227678571428571,0.232142857142857,
0.236607142857143,0.241071428571429,0.245535714285714,0.25,0.254464285714286,
0.258928571428571,0.263392857142857,0.267857142857143,0.272321428571429,
0.276785714285714,0.28125,0.285714285714286,0.290178571428571,0.294642857142857,
0.299107142857143,0.303571428571429,0.308035714285714,0.3125,0.316964285714286,
0.321428571428571,0.325892857142857,0.330357142857143,0.334821428571429,
0.339285714285714,0.34375,0.348214285714286,0.352678571428571,0.357142857142857,
0.361607142857143,0.366071428571429,0.370535714285714,0.375,0.379464285714286,
0.383928571428571,0.388392857142857,0.392857142857143,0.397321428571429,
0.401785714285714,0.40625,0.410714285714286,0.415178571428571,0.419642857142857,
0.424107142857143,0.428571428571429,0.433035714285714,0.4375,0.441964285714286,
0.446428571428571,0.450892857142857,0.455357142857143,0.459821428571429,
0.464285714285714,0.46875,0.473214285714286,0.477678571428571,0.482142857142857,
0.486607142857143,0.491071428571429,0.495535714285714,0.5,0.504464285714286,
0.508928571428571,0.513392857142857,0.517857142857143,0.522321428571429,
0.526785714285714,0.53125,0.535714285714286,0.540178571428571,0.544642857142857,
0.549107142857143,0.553571428571429,0.558035714285714,0.5625,0.566964285714286,
0.571428571428571,0.575892857142857,0.580357142857143,0.584821428571429,
0.589285714285714,0.59375,0.598214285714286,0.602678571428571,0.607142857142857,
0.611607142857143,0.616071428571429,0.620535714285714,0.625,0.629464285714286,
0.633928571428571,0.638392857142857,0.642857142857143,0.647321428571429,
0.651785714285714,0.65625,0.660714285714286,0.665178571428571,0.669642857142857,
0.674107142857143,0.678571428571429,0.683035714285714,0.6875,0.691964285714286,
0.696428571428571,0.700892857142857,0.705357142857143,0.709821428571429,
0.714285714285714,0.71875,0.723214285714286,0.727678571428571,0.732142857142857,
0.736607142857143,0.741071428571429,0.745535714285714,0.75,0.754464285714286,
0.758928571428571,0.763392857142857,0.767857142857143,0.772321428571429,
0.776785714285714,0.78125,0.785714285714286,0.790178571428571,0.794642857142857,
0.799107142857143,0.803571428571429,0.808035714285714,0.8125,0.816964285714286,
0.821428571428571,0.825892857142857,0.830357142857143,0.834821428571429,
0.839285714285714,0.84375,0.848214285714286,0.852678571428571,0.857142857142857,
0.861607142857143,0.866071428571429,0.870535714285714,0.875,0.879464285714286,
0.883928571428571,0.888392857142857,0.892857142857143,0.897321428571429,
0.901785714285714,0.90625,0.910714285714286,0.915178571428571,0.919642857142857,
0.924107142857143,0.928571428571429,0.933035714285714,0.9375,0.941964285714286,
0.946428571428571,0.950892857142857,0.955357142857143,0.959821428571429,
0.964285714285714,0.96875,0.973214285714286,0.977678571428571,0.982142857142857,
0.986607142857143,0.991071428571429,0.995535714285714,1.),
 .PIECEWISE_BEZIER_KNOTS.)
CURVE()
GEOMETRIC_REPRESENTATION_ITEM()
RATIONAL_B_SPLINE_CURVE((1.,0.923879532511287,1.,0.923879532511287,1.,0.923879532511287,
1.,0.923879532511287,1.,0.923879532511287,1.,0.923879532511287,1.,0.923879532511287,
1.,0.923879532511287,1.,0.923879532511287,1.,0.923879532511287,1.,0.923879532511287,
1.,0.923879532511287,1.,0.923879532511287,1.,0.923879532511287,1.,0.923879532511287,
1.,0.923879532511287,1.,0.923879532511287,1.,0.923879532511287,1.,0.923879532511287,
1.,0.923879532511287,1.,0.923879532511287,1.,0.923879532511287,1.,0.923879532511287,
1.,0.923879532511287,1.,0.923879532511287,1.,0.923879532511287,1.,0.923879532511287,
1.,0.923879532511287,1.,0.923879532511287,1.,0.923879532511287,1.,0.923879532511287,
1.,0.923879532511287,1.,0.923879532511287,1.,0.923879532511287,1.,0.923879532511287,
1.,0.923879532511287,1.,0.923879532511287,1.,0.923879532511287,1.,0.923879532511287,
1.,0.923879532511287,1.,0.923879532511287,1.,0.923879532511287,1.,0.923879532511287,
1.,0.923879532511287,1.,0.923879532511287,1.,0.923879532511287,1.,0.923879532511287,
1.,0.923879532511287,1.,0.923879532511287,1.,0.923879532511287,1.,0.923879532511287,
1.,0.923879532511287,1.,0.923879532511287,1.,0.923879532511287,1.,0.923879532511287,
1.,0.923879532511287,1.,0.923879532511287,1.,0.923879532511287,1.,0.923879532511287,
1.,0.923879532511287,1.,0.923879532511287,1.,0.923879532511287,1.,0.923879532511287,
1.,0.923879532511287,1.,0.923879532511287,1.,0.923879532511287,1.,0.923879532511287,
1.,0.923879532511287,1.,0.923879532511287,1.,0.923879532511287,1.,0.923879532511287,
1.,0.923879532511287,1.,0.923879532511287,1.,0.923879532511287,1.,0.923879532511287,
1.,0.923879532511287,1.,0.923879532511287,1.,0.923879532511287,1.,0.923879532511287,
1.,0.923879532511287,1.,0.923879532511287,1.,0.923879532511287,1.,0.923879532511287,
1.,0.923879532511287,1.,0.923879532511287,1.,0.923879532511287,1.,0.923879532511287,
1.,0.923879532511287,1.,0.923879532511287,1.,0.923879532511287,1.,0.923879532511287,
1.,0.923879532511287,1.,0.923879532511287,1.,0.923879532511287,1.,0.923879532511287,
1.,0.923879532511287,1.,0.923879532511287,1.,0.923879532511287,1.,0.923879532511287,
1.,0.923879532511287,1.,0.923879532511287,1.,0.923879532511287,1.,0.923879532511287,
1.,0.923879532511287,1.,0.923879532511287,1.,0.923879532511287,1.,0.923879532511287,
1.,0.923879532511287,1.,0.923879532511287,1.,0.923879532511287,1.,0.923879532511287,
1.,0.923879532511287,1.,0.923879532511287,1.,0.923879532511287,1.,0.923879532511287,
1.,0.923879532511287,1.,0.923879532511287,1.,0.923879532511287,1.,0.923879532511287,
1.,0.923879532511287,1.,0.923879532511287,1.,0.923879532511287,1.,0.923879532511287,
1.,0.923879532511287,1.,0.923879532511287,1.,0.923879532511287,1.,0.923879532511287,
1.,0.923879532511287,1.,0.923879532511287,1.,0.923879532511287,1.,0.923879532511287,
1.,0.923879532511287,1.,0.923879532511287,1.,0.923879532511287,1.,0.923879532511287,
1.,0.923879532511287,1.,0.923879532511287,1.,0.923879532511287,1.,0.923879532511287,
1.,0.923879532511287,1.,0.923879532511287,1.,0.923879532511287,1.,0.923879532511287,
1.,0.923879532511287,1.,0.923879532511287,1.,0.923879532511287,1.,0.923879532511287,
1.,0.923879532511287,1.,0.923879532511287,1.,0.923879532511287,1.,0.923879532511287,
1.,0.923879532511287,1.,0.923879532511287,1.,0.923879532511287,1.,0.923879532511287,
1.,0.923879532511287,1.,0.923879532511287,1.,0.923879532511287,1.,0.923879532511287,
1.,0.923879532511287,1.,0.923879532511287,1.,0.923879532511287,1.,0.923879532511287,
1.,0.923879532511287,1.,0.923879532511287,1.,0.923879532511287,1.,0.923879532511287,
1.,0.923879532511287,1.,0.923879532511287,1.,0.923879532511287,1.,0.923879532511287,
1.,0.923879532511287,1.,0.923879532511287,1.,0.923879532511287,1.,0.923879532511287,
1.,0.923879532511287,1.,0.923879532511287,1.,0.923879532511287,1.,0.923879532511287,
1.,0.923879532511287,1.,0.923879532511287,1.,0.923879532511287,1.,0.923879532511287,
1.,0.923879532511287,1.,0.923879532511287,1.,0.923879532511287,1.,0.923879532511287,
1.,0.923879532511287,1.,0.923879532511287,1.,0.923879532511287,1.,0.923879532511287,
1.,0.923879532511287,1.,0.923879532511287,1.,0.923879532511287,1.,0.923879532511287,
1.,0.923879532511287,1.,0.923879532511287,1.,0.923879532511287,1.,0.923879532511287,
1.,0.923879532511287,1.,0.923879532511287,1.,0.923879532511287,1.,0.923879532511287,
1.,0.923879532511287,1.,0.923879532511287,1.,0.923879532511287,1.,0.923879532511287,
1.,0.923879532511287,1.,0.923879532511287,1.,0.923879532511287,1.,0.923879532511287,
1.,0.923879532511287,1.,0.923879532511287,1.,0.923879532511287,1.,0.923879532511287,
1.,0.923879532511287,1.,0.923879532511287,1.,0.923879532511287,1.,0.923879532511287,
1.,0.923879532511287,1.,0.923879532511287,1.,0.923879532511287,1.,0.923879532511287,
1.,0.923879532511287,1.))
REPRESENTATION_ITEM('')
);
#103=(
BOUNDED_CURVE()
B_SPLINE_CURVE(2,(#3245,#3246,#3247,#3248,#3249,#3250,#3251,#3252,#3253,
#3254,#3255,#3256,#3257,#3258,#3259,#3260,#3261,#3262,#3263,#3264,#3265,
#3266,#3267,#3268,#3269,#3270,#3271,#3272,#3273,#3274,#3275,#3276,#3277,
#3278,#3279,#3280,#3281,#3282,#3283,#3284,#3285,#3286,#3287,#3288,#3289,
#3290,#3291,#3292,#3293,#3294,#3295,#3296,#3297,#3298,#3299,#3300,#3301,
#3302,#3303,#3304,#3305,#3306,#3307,#3308,#3309,#3310,#3311,#3312,#3313,
#3314,#3315,#3316,#3317,#3318,#3319,#3320,#3321,#3322,#3323,#3324,#3325,
#3326,#3327,#3328,#3329,#3330,#3331,#3332,#3333,#3334,#3335,#3336,#3337,
#3338,#3339,#3340,#3341,#3342,#3343,#3344,#3345,#3346,#3347,#3348,#3349,
#3350,#3351,#3352,#3353,#3354,#3355,#3356,#3357,#3358,#3359,#3360,#3361,
#3362,#3363,#3364,#3365,#3366,#3367,#3368,#3369,#3370,#3371,#3372,#3373,
#3374,#3375,#3376,#3377,#3378,#3379,#3380,#3381,#3382,#3383,#3384,#3385,
#3386,#3387,#3388,#3389,#3390,#3391,#3392,#3393,#3394,#3395,#3396,#3397,
#3398,#3399,#3400,#3401,#3402,#3403,#3404,#3405,#3406,#3407,#3408,#3409,
#3410,#3411,#3412,#3413,#3414,#3415,#3416,#3417,#3418,#3419,#3420,#3421,
#3422,#3423,#3424,#3425,#3426,#3427,#3428,#3429,#3430,#3431,#3432,#3433,
#3434,#3435,#3436,#3437,#3438,#3439,#3440,#3441,#3442,#3443,#3444,#3445,
#3446,#3447,#3448,#3449,#3450,#3451,#3452,#3453,#3454,#3455,#3456,#3457,
#3458,#3459,#3460,#3461,#3462,#3463,#3464,#3465,#3466,#3467,#3468,#3469,
#3470,#3471,#3472,#3473,#3474,#3475,#3476,#3477,#3478,#3479,#3480,#3481,
#3482,#3483,#3484,#3485,#3486,#3487,#3488,#3489,#3490,#3491,#3492,#3493,
#3494,#3495,#3496,#3497,#3498,#3499,#3500,#3501,#3502,#3503,#3504,#3505,
#3506,#3507,#3508,#3509,#3510,#3511,#3512,#3513,#3514,#3515,#3516,#3517,
#3518,#3519,#3520,#3521,#3522,#3523,#3524,#3525,#3526,#3527,#3528,#3529,
#3530,#3531,#3532,#3533,#3534,#3535,#3536,#3537,#3538,#3539,#3540,#3541,
#3542,#3543,#3544,#3545,#3546,#3547,#3548,#3549,#3550,#3551,#3552,#3553,
#3554,#3555,#3556,#3557,#3558,#3559,#3560,#3561,#3562,#3563,#3564,#3565,
#3566,#3567,#3568,#3569,#3570,#3571,#3572,#3573,#3574,#3575,#3576,#3577,
#3578,#3579,#3580,#3581,#3582,#3583,#3584,#3585,#3586,#3587,#3588,#3589,
#3590,#3591,#3592,#3593,#3594,#3595,#3596,#3597,#3598,#3599,#3600,#3601,
#3602,#3603,#3604,#3605,#3606,#3607,#3608,#3609,#3610,#3611,#3612,#3613,
#3614,#3615,#3616,#3617,#3618,#3619,#3620,#3621,#3622,#3623,#3624,#3625,
#3626,#3627,#3628,#3629,#3630,#3631,#3632,#3633,#3634,#3635,#3636,#3637,
#3638,#3639,#3640,#3641,#3642,#3643,#3644,#3645,#3646,#3647,#3648,#3649,
#3650,#3651,#3652,#3653,#3654,#3655,#3656,#3657,#3658,#3659,#3660,#3661,
#3662,#3663,#3664,#3665,#3666,#3667,#3668,#3669,#3670,#3671,#3672,#3673,
#3674,#3675,#3676,#3677,#3678,#3679,#3680,#3681,#3682,#3683,#3684,#3685,
#3686,#3687,#3688,#3689,#3690,#3691,#3692,#3693),.UNSPECIFIED.,.F.,.F.)
B_SPLINE_CURVE_WITH_KNOTS((3,2,2,2,2,2,2,2,2,2,2,2,2,2,2,2,2,2,2,2,2,2,
2,2,2,2,2,2,2,2,2,2,2,2,2,2,2,2,2,2,2,2,2,2,2,2,2,2,2,2,2,2,2,2,2,2,2,2,
2,2,2,2,2,2,2,2,2,2,2,2,2,2,2,2,2,2,2,2,2,2,2,2,2,2,2,2,2,2,2,2,2,2,2,2,
2,2,2,2,2,2,2,2,2,2,2,2,2,2,2,2,2,2,2,2,2,2,2,2,2,2,2,2,2,2,2,2,2,2,2,2,
2,2,2,2,2,2,2,2,2,2,2,2,2,2,2,2,2,2,2,2,2,2,2,2,2,2,2,2,2,2,2,2,2,2,2,2,
2,2,2,2,2,2,2,2,2,2,2,2,2,2,2,2,2,2,2,2,2,2,2,2,2,2,2,2,2,2,2,2,2,2,2,2,
2,2,2,2,2,2,2,2,2,2,2,2,2,2,2,2,2,2,2,2,2,2,3),(0.,0.00446428571428571,
0.00892857142857143,0.0133928571428571,0.0178571428571429,0.0223214285714286,
0.0267857142857143,0.03125,0.0357142857142857,0.0401785714285714,0.0446428571428571,
0.0491071428571429,0.0535714285714286,0.0580357142857143,0.0625,0.0669642857142857,
0.0714285714285714,0.0758928571428571,0.0803571428571429,0.0848214285714286,
0.0892857142857143,0.09375,0.0982142857142857,0.102678571428571,0.107142857142857,
0.111607142857143,0.116071428571429,0.120535714285714,0.125,0.129464285714286,
0.133928571428571,0.138392857142857,0.142857142857143,0.147321428571429,
0.151785714285714,0.15625,0.160714285714286,0.165178571428571,0.169642857142857,
0.174107142857143,0.178571428571429,0.183035714285714,0.1875,0.191964285714286,
0.196428571428571,0.200892857142857,0.205357142857143,0.209821428571429,
0.214285714285714,0.21875,0.223214285714286,0.227678571428571,0.232142857142857,
0.236607142857143,0.241071428571429,0.245535714285714,0.25,0.254464285714286,
0.258928571428571,0.263392857142857,0.267857142857143,0.272321428571429,
0.276785714285714,0.28125,0.285714285714286,0.290178571428571,0.294642857142857,
0.299107142857143,0.303571428571429,0.308035714285714,0.3125,0.316964285714286,
0.321428571428571,0.325892857142857,0.330357142857143,0.334821428571429,
0.339285714285714,0.34375,0.348214285714286,0.352678571428571,0.357142857142857,
0.361607142857143,0.366071428571429,0.370535714285714,0.375,0.379464285714286,
0.383928571428571,0.388392857142857,0.392857142857143,0.397321428571429,
0.401785714285714,0.40625,0.410714285714286,0.415178571428571,0.419642857142857,
0.424107142857143,0.428571428571429,0.433035714285714,0.4375,0.441964285714286,
0.446428571428571,0.450892857142857,0.455357142857143,0.459821428571429,
0.464285714285714,0.46875,0.473214285714286,0.477678571428571,0.482142857142857,
0.486607142857143,0.491071428571429,0.495535714285714,0.5,0.504464285714286,
0.508928571428571,0.513392857142857,0.517857142857143,0.522321428571429,
0.526785714285714,0.53125,0.535714285714286,0.540178571428571,0.544642857142857,
0.549107142857143,0.553571428571429,0.558035714285714,0.5625,0.566964285714286,
0.571428571428571,0.575892857142857,0.580357142857143,0.584821428571429,
0.589285714285714,0.59375,0.598214285714286,0.602678571428571,0.607142857142857,
0.611607142857143,0.616071428571429,0.620535714285714,0.625,0.629464285714286,
0.633928571428571,0.638392857142857,0.642857142857143,0.647321428571429,
0.651785714285714,0.65625,0.660714285714286,0.665178571428571,0.669642857142857,
0.674107142857143,0.678571428571429,0.683035714285714,0.6875,0.691964285714286,
0.696428571428571,0.700892857142857,0.705357142857143,0.709821428571429,
0.714285714285714,0.71875,0.723214285714286,0.727678571428571,0.732142857142857,
0.736607142857143,0.741071428571429,0.745535714285714,0.75,0.754464285714286,
0.758928571428571,0.763392857142857,0.767857142857143,0.772321428571429,
0.776785714285714,0.78125,0.785714285714286,0.790178571428571,0.794642857142857,
0.799107142857143,0.803571428571429,0.808035714285714,0.8125,0.816964285714286,
0.821428571428571,0.825892857142857,0.830357142857143,0.834821428571429,
0.839285714285714,0.84375,0.848214285714286,0.852678571428571,0.857142857142857,
0.861607142857143,0.866071428571429,0.870535714285714,0.875,0.879464285714286,
0.883928571428571,0.888392857142857,0.892857142857143,0.897321428571429,
0.901785714285714,0.90625,0.910714285714286,0.915178571428571,0.919642857142857,
0.924107142857143,0.928571428571429,0.933035714285714,0.9375,0.941964285714286,
0.946428571428571,0.950892857142857,0.955357142857143,0.959821428571429,
0.964285714285714,0.96875,0.973214285714286,0.977678571428571,0.982142857142857,
0.986607142857143,0.991071428571429,0.995535714285714,1.),
 .PIECEWISE_BEZIER_KNOTS.)
CURVE()
GEOMETRIC_REPRESENTATION_ITEM()
RATIONAL_B_SPLINE_CURVE((1.,0.923879532511287,1.,0.923879532511287,1.,0.923879532511287,
1.,0.923879532511287,1.,0.923879532511287,1.,0.923879532511287,1.,0.923879532511287,
1.,0.923879532511287,1.,0.923879532511287,1.,0.923879532511287,1.,0.923879532511287,
1.,0.923879532511287,1.,0.923879532511287,1.,0.923879532511287,1.,0.923879532511287,
1.,0.923879532511287,1.,0.923879532511287,1.,0.923879532511287,1.,0.923879532511287,
1.,0.923879532511287,1.,0.923879532511287,1.,0.923879532511287,1.,0.923879532511287,
1.,0.923879532511287,1.,0.923879532511287,1.,0.923879532511287,1.,0.923879532511287,
1.,0.923879532511287,1.,0.923879532511287,1.,0.923879532511287,1.,0.923879532511287,
1.,0.923879532511287,1.,0.923879532511287,1.,0.923879532511287,1.,0.923879532511287,
1.,0.923879532511287,1.,0.923879532511287,1.,0.923879532511287,1.,0.923879532511287,
1.,0.923879532511287,1.,0.923879532511287,1.,0.923879532511287,1.,0.923879532511287,
1.,0.923879532511287,1.,0.923879532511287,1.,0.923879532511287,1.,0.923879532511287,
1.,0.923879532511287,1.,0.923879532511287,1.,0.923879532511287,1.,0.923879532511287,
1.,0.923879532511287,1.,0.923879532511287,1.,0.923879532511287,1.,0.923879532511287,
1.,0.923879532511287,1.,0.923879532511287,1.,0.923879532511287,1.,0.923879532511287,
1.,0.923879532511287,1.,0.923879532511287,1.,0.923879532511287,1.,0.923879532511287,
1.,0.923879532511287,1.,0.923879532511287,1.,0.923879532511287,1.,0.923879532511287,
1.,0.923879532511287,1.,0.923879532511287,1.,0.923879532511287,1.,0.923879532511287,
1.,0.923879532511287,1.,0.923879532511287,1.,0.923879532511287,1.,0.923879532511287,
1.,0.923879532511287,1.,0.923879532511287,1.,0.923879532511287,1.,0.923879532511287,
1.,0.923879532511287,1.,0.923879532511287,1.,0.923879532511287,1.,0.923879532511287,
1.,0.923879532511287,1.,0.923879532511287,1.,0.923879532511287,1.,0.923879532511287,
1.,0.923879532511287,1.,0.923879532511287,1.,0.923879532511287,1.,0.923879532511287,
1.,0.923879532511287,1.,0.923879532511287,1.,0.923879532511287,1.,0.923879532511287,
1.,0.923879532511287,1.,0.923879532511287,1.,0.923879532511287,1.,0.923879532511287,
1.,0.923879532511287,1.,0.923879532511287,1.,0.923879532511287,1.,0.923879532511287,
1.,0.923879532511287,1.,0.923879532511287,1.,0.923879532511287,1.,0.923879532511287,
1.,0.923879532511287,1.,0.923879532511287,1.,0.923879532511287,1.,0.923879532511287,
1.,0.923879532511287,1.,0.923879532511287,1.,0.923879532511287,1.,0.923879532511287,
1.,0.923879532511287,1.,0.923879532511287,1.,0.923879532511287,1.,0.923879532511287,
1.,0.923879532511287,1.,0.923879532511287,1.,0.923879532511287,1.,0.923879532511287,
1.,0.923879532511287,1.,0.923879532511287,1.,0.923879532511287,1.,0.923879532511287,
1.,0.923879532511287,1.,0.923879532511287,1.,0.923879532511287,1.,0.923879532511287,
1.,0.923879532511287,1.,0.923879532511287,1.,0.923879532511287,1.,0.923879532511287,
1.,0.923879532511287,1.,0.923879532511287,1.,0.923879532511287,1.,0.923879532511287,
1.,0.923879532511287,1.,0.923879532511287,1.,0.923879532511287,1.,0.923879532511287,
1.,0.923879532511287,1.,0.923879532511287,1.,0.923879532511287,1.,0.923879532511287,
1.,0.923879532511287,1.,0.923879532511287,1.,0.923879532511287,1.,0.923879532511287,
1.,0.923879532511287,1.,0.923879532511287,1.,0.923879532511287,1.,0.923879532511287,
1.,0.923879532511287,1.,0.923879532511287,1.,0.923879532511287,1.,0.923879532511287,
1.,0.923879532511287,1.,0.923879532511287,1.,0.923879532511287,1.,0.923879532511287,
1.,0.923879532511287,1.,0.923879532511287,1.,0.923879532511287,1.,0.923879532511287,
1.,0.923879532511287,1.,0.923879532511287,1.,0.923879532511287,1.,0.923879532511287,
1.,0.923879532511287,1.,0.923879532511287,1.,0.923879532511287,1.,0.923879532511287,
1.,0.923879532511287,1.,0.923879532511287,1.,0.923879532511287,1.,0.923879532511287,
1.,0.923879532511287,1.,0.923879532511287,1.,0.923879532511287,1.,0.923879532511287,
1.,0.923879532511287,1.,0.923879532511287,1.,0.923879532511287,1.,0.923879532511287,
1.,0.923879532511287,1.,0.923879532511287,1.,0.923879532511287,1.,0.923879532511287,
1.,0.923879532511287,1.,0.923879532511287,1.,0.923879532511287,1.,0.923879532511287,
1.,0.923879532511287,1.,0.923879532511287,1.,0.923879532511287,1.,0.923879532511287,
1.,0.923879532511287,1.,0.923879532511287,1.,0.923879532511287,1.,0.923879532511287,
1.,0.923879532511287,1.,0.923879532511287,1.,0.923879532511287,1.,0.923879532511287,
1.,0.923879532511287,1.,0.923879532511287,1.,0.923879532511287,1.,0.923879532511287,
1.,0.923879532511287,1.,0.923879532511287,1.,0.923879532511287,1.,0.923879532511287,
1.,0.923879532511287,1.,0.923879532511287,1.,0.923879532511287,1.,0.923879532511287,
1.,0.923879532511287,1.,0.923879532511287,1.,0.923879532511287,1.,0.923879532511287,
1.,0.923879532511287,1.))
REPRESENTATION_ITEM('')
);
#104=(
BOUNDED_CURVE()
B_SPLINE_CURVE(2,(#4705,#4706,#4707,#4708,#4709,#4710,#4711,#4712,#4713,
#4714,#4715,#4716,#4717,#4718,#4719,#4720,#4721,#4722,#4723,#4724,#4725,
#4726,#4727,#4728,#4729,#4730,#4731,#4732,#4733,#4734,#4735,#4736,#4737,
#4738,#4739,#4740,#4741,#4742,#4743,#4744,#4745,#4746,#4747,#4748,#4749,
#4750,#4751,#4752,#4753,#4754,#4755,#4756,#4757,#4758,#4759,#4760,#4761,
#4762,#4763,#4764,#4765,#4766,#4767,#4768,#4769,#4770,#4771,#4772,#4773,
#4774,#4775,#4776,#4777,#4778,#4779,#4780,#4781,#4782,#4783,#4784,#4785,
#4786,#4787,#4788,#4789,#4790,#4791,#4792,#4793,#4794,#4795,#4796,#4797,
#4798,#4799,#4800,#4801,#4802,#4803,#4804,#4805,#4806,#4807,#4808,#4809,
#4810,#4811,#4812,#4813,#4814,#4815,#4816,#4817,#4818,#4819,#4820,#4821,
#4822,#4823,#4824,#4825,#4826,#4827,#4828,#4829,#4830,#4831,#4832,#4833,
#4834,#4835,#4836,#4837,#4838,#4839,#4840,#4841,#4842,#4843,#4844,#4845,
#4846,#4847,#4848,#4849,#4850,#4851,#4852,#4853,#4854,#4855,#4856,#4857,
#4858,#4859,#4860,#4861,#4862,#4863,#4864,#4865,#4866,#4867,#4868,#4869,
#4870,#4871,#4872,#4873,#4874,#4875,#4876,#4877,#4878,#4879,#4880,#4881,
#4882,#4883,#4884,#4885,#4886,#4887,#4888,#4889,#4890,#4891,#4892,#4893,
#4894,#4895,#4896,#4897,#4898,#4899,#4900,#4901,#4902,#4903,#4904,#4905,
#4906,#4907,#4908,#4909,#4910,#4911,#4912,#4913,#4914,#4915,#4916,#4917,
#4918,#4919,#4920,#4921,#4922,#4923,#4924,#4925,#4926,#4927,#4928,#4929,
#4930,#4931,#4932,#4933,#4934,#4935,#4936,#4937,#4938,#4939,#4940,#4941,
#4942,#4943,#4944,#4945,#4946,#4947,#4948,#4949,#4950,#4951,#4952,#4953,
#4954,#4955,#4956,#4957,#4958,#4959,#4960,#4961,#4962,#4963,#4964,#4965,
#4966,#4967,#4968,#4969,#4970,#4971,#4972,#4973,#4974,#4975,#4976,#4977,
#4978,#4979,#4980,#4981,#4982,#4983,#4984,#4985,#4986,#4987,#4988,#4989,
#4990,#4991,#4992,#4993,#4994,#4995,#4996,#4997,#4998,#4999,#5000,#5001,
#5002,#5003,#5004,#5005,#5006,#5007,#5008,#5009,#5010,#5011,#5012,#5013,
#5014,#5015,#5016,#5017,#5018,#5019,#5020,#5021,#5022,#5023,#5024,#5025,
#5026,#5027,#5028,#5029,#5030,#5031,#5032,#5033,#5034,#5035,#5036,#5037,
#5038,#5039,#5040,#5041,#5042,#5043,#5044,#5045,#5046,#5047,#5048,#5049,
#5050,#5051,#5052,#5053,#5054,#5055,#5056,#5057,#5058,#5059,#5060,#5061,
#5062,#5063,#5064,#5065,#5066,#5067,#5068,#5069,#5070,#5071,#5072,#5073,
#5074,#5075,#5076,#5077,#5078,#5079,#5080,#5081,#5082,#5083,#5084,#5085,
#5086,#5087,#5088,#5089,#5090,#5091,#5092,#5093,#5094,#5095,#5096,#5097,
#5098,#5099,#5100,#5101,#5102,#5103,#5104,#5105,#5106,#5107,#5108,#5109,
#5110,#5111,#5112,#5113,#5114,#5115,#5116,#5117,#5118,#5119,#5120,#5121,
#5122,#5123,#5124,#5125,#5126,#5127,#5128,#5129,#5130,#5131,#5132,#5133,
#5134,#5135,#5136,#5137,#5138,#5139,#5140,#5141,#5142,#5143,#5144,#5145,
#5146,#5147,#5148,#5149,#5150,#5151,#5152,#5153),.UNSPECIFIED.,.F.,.F.)
B_SPLINE_CURVE_WITH_KNOTS((3,2,2,2,2,2,2,2,2,2,2,2,2,2,2,2,2,2,2,2,2,2,
2,2,2,2,2,2,2,2,2,2,2,2,2,2,2,2,2,2,2,2,2,2,2,2,2,2,2,2,2,2,2,2,2,2,2,2,
2,2,2,2,2,2,2,2,2,2,2,2,2,2,2,2,2,2,2,2,2,2,2,2,2,2,2,2,2,2,2,2,2,2,2,2,
2,2,2,2,2,2,2,2,2,2,2,2,2,2,2,2,2,2,2,2,2,2,2,2,2,2,2,2,2,2,2,2,2,2,2,2,
2,2,2,2,2,2,2,2,2,2,2,2,2,2,2,2,2,2,2,2,2,2,2,2,2,2,2,2,2,2,2,2,2,2,2,2,
2,2,2,2,2,2,2,2,2,2,2,2,2,2,2,2,2,2,2,2,2,2,2,2,2,2,2,2,2,2,2,2,2,2,2,2,
2,2,2,2,2,2,2,2,2,2,2,2,2,2,2,2,2,2,2,2,2,2,3),(0.,0.00446428571428571,
0.00892857142857143,0.0133928571428571,0.0178571428571429,0.0223214285714286,
0.0267857142857143,0.03125,0.0357142857142857,0.0401785714285714,0.0446428571428571,
0.0491071428571429,0.0535714285714286,0.0580357142857143,0.0625,0.0669642857142857,
0.0714285714285714,0.0758928571428571,0.0803571428571429,0.0848214285714286,
0.0892857142857143,0.09375,0.0982142857142857,0.102678571428571,0.107142857142857,
0.111607142857143,0.116071428571429,0.120535714285714,0.125,0.129464285714286,
0.133928571428571,0.138392857142857,0.142857142857143,0.147321428571429,
0.151785714285714,0.15625,0.160714285714286,0.165178571428571,0.169642857142857,
0.174107142857143,0.178571428571429,0.183035714285714,0.1875,0.191964285714286,
0.196428571428571,0.200892857142857,0.205357142857143,0.209821428571429,
0.214285714285714,0.21875,0.223214285714286,0.227678571428571,0.232142857142857,
0.236607142857143,0.241071428571429,0.245535714285714,0.25,0.254464285714286,
0.258928571428571,0.263392857142857,0.267857142857143,0.272321428571429,
0.276785714285714,0.28125,0.285714285714286,0.290178571428571,0.294642857142857,
0.299107142857143,0.303571428571429,0.308035714285714,0.3125,0.316964285714286,
0.321428571428571,0.325892857142857,0.330357142857143,0.334821428571429,
0.339285714285714,0.34375,0.348214285714286,0.352678571428571,0.357142857142857,
0.361607142857143,0.366071428571429,0.370535714285714,0.375,0.379464285714286,
0.383928571428571,0.388392857142857,0.392857142857143,0.397321428571429,
0.401785714285714,0.40625,0.410714285714286,0.415178571428571,0.419642857142857,
0.424107142857143,0.428571428571429,0.433035714285714,0.4375,0.441964285714286,
0.446428571428571,0.450892857142857,0.455357142857143,0.459821428571429,
0.464285714285714,0.46875,0.473214285714286,0.477678571428571,0.482142857142857,
0.486607142857143,0.491071428571429,0.495535714285714,0.5,0.504464285714286,
0.508928571428571,0.513392857142857,0.517857142857143,0.522321428571429,
0.526785714285714,0.53125,0.535714285714286,0.540178571428571,0.544642857142857,
0.549107142857143,0.553571428571429,0.558035714285714,0.5625,0.566964285714286,
0.571428571428571,0.575892857142857,0.580357142857143,0.584821428571429,
0.589285714285714,0.59375,0.598214285714286,0.602678571428571,0.607142857142857,
0.611607142857143,0.616071428571429,0.620535714285714,0.625,0.629464285714286,
0.633928571428571,0.638392857142857,0.642857142857143,0.647321428571429,
0.651785714285714,0.65625,0.660714285714286,0.665178571428571,0.669642857142857,
0.674107142857143,0.678571428571429,0.683035714285714,0.6875,0.691964285714286,
0.696428571428571,0.700892857142857,0.705357142857143,0.709821428571429,
0.714285714285714,0.71875,0.723214285714286,0.727678571428571,0.732142857142857,
0.736607142857143,0.741071428571429,0.745535714285714,0.75,0.754464285714286,
0.758928571428571,0.763392857142857,0.767857142857143,0.772321428571429,
0.776785714285714,0.78125,0.785714285714286,0.790178571428571,0.794642857142857,
0.799107142857143,0.803571428571429,0.808035714285714,0.8125,0.816964285714286,
0.821428571428571,0.825892857142857,0.830357142857143,0.834821428571429,
0.839285714285714,0.84375,0.848214285714286,0.852678571428571,0.857142857142857,
0.861607142857143,0.866071428571429,0.870535714285714,0.875,0.879464285714286,
0.883928571428571,0.888392857142857,0.892857142857143,0.897321428571429,
0.901785714285714,0.90625,0.910714285714286,0.915178571428571,0.919642857142857,
0.924107142857143,0.928571428571429,0.933035714285714,0.9375,0.941964285714286,
0.946428571428571,0.950892857142857,0.955357142857143,0.959821428571429,
0.964285714285714,0.96875,0.973214285714286,0.977678571428571,0.982142857142857,
0.986607142857143,0.991071428571429,0.995535714285714,1.),.UNSPECIFIED.)
CURVE()
GEOMETRIC_REPRESENTATION_ITEM()
RATIONAL_B_SPLINE_CURVE((1.,0.923879532511287,1.,0.923879532511287,1.,0.923879532511287,
1.,0.923879532511287,1.,0.923879532511287,1.,0.923879532511287,1.,0.923879532511287,
1.,0.923879532511287,1.,0.923879532511287,1.,0.923879532511287,1.,0.923879532511287,
1.,0.923879532511287,1.,0.923879532511287,1.,0.923879532511287,1.,0.923879532511287,
1.,0.923879532511287,1.,0.923879532511287,1.,0.923879532511287,1.,0.923879532511287,
1.,0.923879532511287,1.,0.923879532511287,1.,0.923879532511287,1.,0.923879532511287,
1.,0.923879532511287,1.,0.923879532511287,1.,0.923879532511287,1.,0.923879532511287,
1.,0.923879532511287,1.,0.923879532511287,1.,0.923879532511287,1.,0.923879532511287,
1.,0.923879532511287,1.,0.923879532511287,1.,0.923879532511287,1.,0.923879532511287,
1.,0.923879532511287,1.,0.923879532511287,1.,0.923879532511287,1.,0.923879532511287,
1.,0.923879532511287,1.,0.923879532511287,1.,0.923879532511287,1.,0.923879532511287,
1.,0.923879532511287,1.,0.923879532511287,1.,0.923879532511287,1.,0.923879532511287,
1.,0.923879532511287,1.,0.923879532511287,1.,0.923879532511287,1.,0.923879532511287,
1.,0.923879532511287,1.,0.923879532511287,1.,0.923879532511287,1.,0.923879532511287,
1.,0.923879532511287,1.,0.923879532511287,1.,0.923879532511287,1.,0.923879532511287,
1.,0.923879532511287,1.,0.923879532511287,1.,0.923879532511287,1.,0.923879532511287,
1.,0.923879532511287,1.,0.923879532511287,1.,0.923879532511287,1.,0.923879532511287,
1.,0.923879532511287,1.,0.923879532511287,1.,0.923879532511287,1.,0.923879532511287,
1.,0.923879532511287,1.,0.923879532511287,1.,0.923879532511287,1.,0.923879532511287,
1.,0.923879532511287,1.,0.923879532511287,1.,0.923879532511287,1.,0.923879532511287,
1.,0.923879532511287,1.,0.923879532511287,1.,0.923879532511287,1.,0.923879532511287,
1.,0.923879532511287,1.,0.923879532511287,1.,0.923879532511287,1.,0.923879532511287,
1.,0.923879532511287,1.,0.923879532511287,1.,0.923879532511287,1.,0.923879532511287,
1.,0.923879532511287,1.,0.923879532511287,1.,0.923879532511287,1.,0.923879532511287,
1.,0.923879532511287,1.,0.923879532511287,1.,0.923879532511287,1.,0.923879532511287,
1.,0.923879532511287,1.,0.923879532511287,1.,0.923879532511287,1.,0.923879532511287,
1.,0.923879532511287,1.,0.923879532511287,1.,0.923879532511287,1.,0.923879532511287,
1.,0.923879532511287,1.,0.923879532511287,1.,0.923879532511287,1.,0.923879532511287,
1.,0.923879532511287,1.,0.923879532511287,1.,0.923879532511287,1.,0.923879532511287,
1.,0.923879532511287,1.,0.923879532511287,1.,0.923879532511287,1.,0.923879532511287,
1.,0.923879532511287,1.,0.923879532511287,1.,0.923879532511287,1.,0.923879532511287,
1.,0.923879532511287,1.,0.923879532511287,1.,0.923879532511287,1.,0.923879532511287,
1.,0.923879532511287,1.,0.923879532511287,1.,0.923879532511287,1.,0.923879532511287,
1.,0.923879532511287,1.,0.923879532511287,1.,0.923879532511287,1.,0.923879532511287,
1.,0.923879532511287,1.,0.923879532511287,1.,0.923879532511287,1.,0.923879532511287,
1.,0.923879532511287,1.,0.923879532511287,1.,0.923879532511287,1.,0.923879532511287,
1.,0.923879532511287,1.,0.923879532511287,1.,0.923879532511287,1.,0.923879532511287,
1.,0.923879532511287,1.,0.923879532511287,1.,0.923879532511287,1.,0.923879532511287,
1.,0.923879532511287,1.,0.923879532511287,1.,0.923879532511287,1.,0.923879532511287,
1.,0.923879532511287,1.,0.923879532511287,1.,0.923879532511287,1.,0.923879532511287,
1.,0.923879532511287,1.,0.923879532511287,1.,0.923879532511287,1.,0.923879532511287,
1.,0.923879532511287,1.,0.923879532511287,1.,0.923879532511287,1.,0.923879532511287,
1.,0.923879532511287,1.,0.923879532511287,1.,0.923879532511287,1.,0.923879532511287,
1.,0.923879532511287,1.,0.923879532511287,1.,0.923879532511287,1.,0.923879532511287,
1.,0.923879532511287,1.,0.923879532511287,1.,0.923879532511287,1.,0.923879532511287,
1.,0.923879532511287,1.,0.923879532511287,1.,0.923879532511287,1.,0.923879532511287,
1.,0.923879532511287,1.,0.923879532511287,1.,0.923879532511287,1.,0.923879532511287,
1.,0.923879532511287,1.,0.923879532511287,1.,0.923879532511287,1.,0.923879532511287,
1.,0.923879532511287,1.,0.923879532511287,1.,0.923879532511287,1.,0.923879532511287,
1.,0.923879532511287,1.,0.923879532511287,1.,0.923879532511287,1.,0.923879532511287,
1.,0.923879532511287,1.,0.923879532511287,1.,0.923879532511287,1.,0.923879532511287,
1.,0.923879532511287,1.,0.923879532511287,1.,0.923879532511287,1.,0.923879532511287,
1.,0.923879532511287,1.,0.923879532511287,1.,0.923879532511287,1.,0.923879532511287,
1.,0.923879532511287,1.,0.923879532511287,1.,0.923879532511287,1.,0.923879532511287,
1.,0.923879532511287,1.,0.923879532511287,1.,0.923879532511287,1.,0.923879532511287,
1.,0.923879532511287,1.,0.923879532511287,1.,0.923879532511287,1.,0.923879532511287,
1.,0.923879532511287,1.))
REPRESENTATION_ITEM('')
);
#105=LINE('',#2775,#228);
#106=LINE('',#2777,#229);
#107=LINE('',#2781,#230);
#108=LINE('',#2782,#231);
#109=LINE('',#2790,#232);
#110=LINE('',#3704,#233);
#111=LINE('',#3707,#234);
#112=LINE('',#3709,#235);
#113=LINE('',#3711,#236);
#114=LINE('',#3794,#237);
#115=LINE('',#3796,#238);
#116=LINE('',#3798,#239);
#117=LINE('',#3800,#240);
#118=LINE('',#3802,#241);
#119=LINE('',#3804,#242);
#120=LINE('',#3806,#243);
#121=LINE('',#3808,#244);
#122=LINE('',#3810,#245);
#123=LINE('',#3812,#246);
#124=LINE('',#3814,#247);
#125=LINE('',#3816,#248);
#126=LINE('',#3818,#249);
#127=LINE('',#3819,#250);
#128=LINE('',#5155,#251);
#129=LINE('',#6034,#252);
#130=LINE('',#6037,#253);
#131=LINE('',#6040,#254);
#132=LINE('',#6064,#255);
#133=LINE('',#6068,#256);
#134=LINE('',#6073,#257);
#135=LINE('',#6077,#258);
#136=LINE('',#6082,#259);
#137=LINE('',#6083,#260);
#138=LINE('',#6088,#261);
#139=LINE('',#6089,#262);
#140=LINE('',#6113,#263);
#141=LINE('',#6114,#264);
#142=LINE('',#6119,#265);
#143=LINE('',#6121,#266);
#144=LINE('',#6128,#267);
#145=LINE('',#6130,#268);
#146=LINE('',#6133,#269);
#147=LINE('',#6139,#270);
#148=LINE('',#6141,#271);
#149=LINE('',#6143,#272);
#150=LINE('',#6145,#273);
#151=LINE('',#6147,#274);
#152=LINE('',#6149,#275);
#153=LINE('',#6151,#276);
#154=LINE('',#6155,#277);
#155=LINE('',#6157,#278);
#156=LINE('',#6159,#279);
#157=LINE('',#6161,#280);
#158=LINE('',#6163,#281);
#159=LINE('',#6165,#282);
#160=LINE('',#6167,#283);
#161=LINE('',#6175,#284);
#162=LINE('',#6179,#285);
#163=LINE('',#6184,#286);
#164=LINE('',#6188,#287);
#165=LINE('',#6193,#288);
#166=LINE('',#6194,#289);
#167=LINE('',#6199,#290);
#168=LINE('',#6200,#291);
#169=LINE('',#6224,#292);
#170=LINE('',#6225,#293);
#171=LINE('',#6229,#294);
#172=LINE('',#6231,#295);
#173=LINE('',#6233,#296);
#174=LINE('',#6235,#297);
#175=LINE('',#6237,#298);
#176=LINE('',#6239,#299);
#177=LINE('',#6241,#300);
#178=LINE('',#6245,#301);
#179=LINE('',#6247,#302);
#180=LINE('',#6249,#303);
#181=LINE('',#6251,#304);
#182=LINE('',#6253,#305);
#183=LINE('',#6255,#306);
#184=LINE('',#6257,#307);
#185=LINE('',#6265,#308);
#186=LINE('',#6269,#309);
#187=LINE('',#6274,#310);
#188=LINE('',#6278,#311);
#189=LINE('',#6283,#312);
#190=LINE('',#6284,#313);
#191=LINE('',#6289,#314);
#192=LINE('',#6290,#315);
#193=LINE('',#6314,#316);
#194=LINE('',#6315,#317);
#195=LINE('',#6319,#318);
#196=LINE('',#6321,#319);
#197=LINE('',#6323,#320);
#198=LINE('',#6325,#321);
#199=LINE('',#6327,#322);
#200=LINE('',#6329,#323);
#201=LINE('',#6331,#324);
#202=LINE('',#6335,#325);
#203=LINE('',#6337,#326);
#204=LINE('',#6339,#327);
#205=LINE('',#6341,#328);
#206=LINE('',#6343,#329);
#207=LINE('',#6345,#330);
#208=LINE('',#6347,#331);
#209=LINE('',#6358,#332);
#210=LINE('',#6362,#333);
#211=LINE('',#6368,#334);
#212=LINE('',#6377,#335);
#213=LINE('',#6381,#336);
#214=LINE('',#6385,#337);
#215=LINE('',#6389,#338);
#216=LINE('',#6393,#339);
#217=LINE('',#6397,#340);
#218=LINE('',#6410,#341);
#219=LINE('',#6412,#342);
#220=LINE('',#6414,#343);
#221=LINE('',#6416,#344);
#222=LINE('',#6418,#345);
#223=LINE('',#6420,#346);
#224=LINE('',#6422,#347);
#225=LINE('',#6423,#348);
#226=LINE('',#6425,#349);
#227=LINE('',#6428,#350);
#228=VECTOR('',#2264,1000.);
#229=VECTOR('',#2265,1000.);
#230=VECTOR('',#2268,1000.);
#231=VECTOR('',#2269,1000.);
#232=VECTOR('',#2278,1000.);
#233=VECTOR('',#2293,1000.);
#234=VECTOR('',#2294,1000.);
#235=VECTOR('',#2295,1000.);
#236=VECTOR('',#2296,1000.);
#237=VECTOR('',#2369,1000.);
#238=VECTOR('',#2370,1000.);
#239=VECTOR('',#2371,1000.);
#240=VECTOR('',#2374,1000.);
#241=VECTOR('',#2375,1000.);
#242=VECTOR('',#2376,1000.);
#243=VECTOR('',#2379,1000.);
#244=VECTOR('',#2380,1000.);
#245=VECTOR('',#2381,1000.);
#246=VECTOR('',#2384,1000.);
#247=VECTOR('',#2385,1000.);
#248=VECTOR('',#2386,1000.);
#249=VECTOR('',#2389,1000.);
#250=VECTOR('',#2390,1000.);
#251=VECTOR('',#2401,1000.);
#252=VECTOR('',#2402,1000.);
#253=VECTOR('',#2407,1000.);
#254=VECTOR('',#2412,1000.);
#255=VECTOR('',#2447,1000.);
#256=VECTOR('',#2450,1000.);
#257=VECTOR('',#2455,1000.);
#258=VECTOR('',#2458,1000.);
#259=VECTOR('',#2463,1000.);
#260=VECTOR('',#2464,1000.);
#261=VECTOR('',#2469,1000.);
#262=VECTOR('',#2470,1000.);
#263=VECTOR('',#2477,1000.);
#264=VECTOR('',#2478,1000.);
#265=VECTOR('',#2483,1000.);
#266=VECTOR('',#2484,1000.);
#267=VECTOR('',#2485,1000.);
#268=VECTOR('',#2488,1000.);
#269=VECTOR('',#2489,1000.);
#270=VECTOR('',#2490,1000.);
#271=VECTOR('',#2491,1000.);
#272=VECTOR('',#2492,1000.);
#273=VECTOR('',#2493,1000.);
#274=VECTOR('',#2494,1000.);
#275=VECTOR('',#2497,1000.);
#276=VECTOR('',#2498,1000.);
#277=VECTOR('',#2503,1000.);
#278=VECTOR('',#2504,1000.);
#279=VECTOR('',#2505,1000.);
#280=VECTOR('',#2508,1000.);
#281=VECTOR('',#2509,1000.);
#282=VECTOR('',#2512,1000.);
#283=VECTOR('',#2513,1000.);
#284=VECTOR('',#2524,1000.);
#285=VECTOR('',#2527,1000.);
#286=VECTOR('',#2532,1000.);
#287=VECTOR('',#2535,1000.);
#288=VECTOR('',#2540,1000.);
#289=VECTOR('',#2541,1000.);
#290=VECTOR('',#2546,1000.);
#291=VECTOR('',#2547,1000.);
#292=VECTOR('',#2554,1000.);
#293=VECTOR('',#2555,1000.);
#294=VECTOR('',#2560,1000.);
#295=VECTOR('',#2561,1000.);
#296=VECTOR('',#2564,1000.);
#297=VECTOR('',#2565,1000.);
#298=VECTOR('',#2566,1000.);
#299=VECTOR('',#2569,1000.);
#300=VECTOR('',#2570,1000.);
#301=VECTOR('',#2575,1000.);
#302=VECTOR('',#2576,1000.);
#303=VECTOR('',#2577,1000.);
#304=VECTOR('',#2580,1000.);
#305=VECTOR('',#2581,1000.);
#306=VECTOR('',#2584,1000.);
#307=VECTOR('',#2585,1000.);
#308=VECTOR('',#2596,1000.);
#309=VECTOR('',#2599,1000.);
#310=VECTOR('',#2604,1000.);
#311=VECTOR('',#2607,1000.);
#312=VECTOR('',#2612,1000.);
#313=VECTOR('',#2613,1000.);
#314=VECTOR('',#2618,1000.);
#315=VECTOR('',#2619,1000.);
#316=VECTOR('',#2626,1000.);
#317=VECTOR('',#2627,1000.);
#318=VECTOR('',#2632,1000.);
#319=VECTOR('',#2633,1000.);
#320=VECTOR('',#2636,1000.);
#321=VECTOR('',#2637,1000.);
#322=VECTOR('',#2638,1000.);
#323=VECTOR('',#2641,1000.);
#324=VECTOR('',#2642,1000.);
#325=VECTOR('',#2647,1000.);
#326=VECTOR('',#2648,1000.);
#327=VECTOR('',#2649,1000.);
#328=VECTOR('',#2652,1000.);
#329=VECTOR('',#2653,1000.);
#330=VECTOR('',#2656,1000.);
#331=VECTOR('',#2657,1000.);
#332=VECTOR('',#2672,1000.);
#333=VECTOR('',#2675,1000.);
#334=VECTOR('',#2682,1000.);
#335=VECTOR('',#2693,1000.);
#336=VECTOR('',#2696,1000.);
#337=VECTOR('',#2701,1000.);
#338=VECTOR('',#2706,1000.);
#339=VECTOR('',#2711,1000.);
#340=VECTOR('',#2716,1000.);
#341=VECTOR('',#2723,1000.);
#342=VECTOR('',#2724,1000.);
#343=VECTOR('',#2725,1000.);
#344=VECTOR('',#2728,1000.);
#345=VECTOR('',#2729,1000.);
#346=VECTOR('',#2730,1000.);
#347=VECTOR('',#2733,1000.);
#348=VECTOR('',#2734,1000.);
#349=VECTOR('',#2737,1000.);
#350=VECTOR('',#2742,1000.);
#351=CYLINDRICAL_SURFACE('',#2068,5.35753273777021);
#352=CYLINDRICAL_SURFACE('',#2072,6.);
#353=CYLINDRICAL_SURFACE('',#2075,2.);
#354=CYLINDRICAL_SURFACE('',#2081,2.67181806031137);
#355=CYLINDRICAL_SURFACE('',#2088,7.25);
#356=CYLINDRICAL_SURFACE('',#2094,4.36904674904521);
#357=CYLINDRICAL_SURFACE('',#2100,3.12380522138681);
#358=CYLINDRICAL_SURFACE('',#2106,2.08333098854225);
#359=CYLINDRICAL_SURFACE('',#2111,2.60356810496453);
#360=CYLINDRICAL_SURFACE('',#2121,0.750000000000001);
#361=CYLINDRICAL_SURFACE('',#2151,7.19700132545969);
#362=CYLINDRICAL_SURFACE('',#2157,7.24494565277716);
#363=CYLINDRICAL_SURFACE('',#2175,7.19700132545969);
#364=CYLINDRICAL_SURFACE('',#2181,7.24494565277716);
#365=CYLINDRICAL_SURFACE('',#2199,7.19700132545969);
#366=CYLINDRICAL_SURFACE('',#2205,7.24494565277716);
#367=CYLINDRICAL_SURFACE('',#2217,6.04371234553584);
#368=CYLINDRICAL_SURFACE('',#2228,7.24494565277716);
#369=CYLINDRICAL_SURFACE('',#2233,7.19700132545969);
#370=CYLINDRICAL_SURFACE('',#2237,7.24494565277716);
#371=CIRCLE('',#2063,5.35753273777021);
#372=CIRCLE('',#2064,4.74937771167274);
#373=CIRCLE('',#2066,4.74937771167274);
#374=CIRCLE('',#2067,5.35753273777021);
#375=CIRCLE('',#2069,5.35753273777021);
#376=CIRCLE('',#2070,5.35753273777021);
#377=CIRCLE('',#2071,5.35753273777021);
#378=CIRCLE('',#2073,6.);
#379=CIRCLE('',#2074,6.);
#380=CIRCLE('',#2076,2.);
#381=CIRCLE('',#2077,2.);
#382=CIRCLE('',#2080,2.52556806031136);
#383=CIRCLE('',#2082,2.67181806031137);
#384=CIRCLE('',#2083,2.67181806031137);
#385=CIRCLE('',#2087,7.25);
#386=CIRCLE('',#2089,7.25);
#387=CIRCLE('',#2091,6.34201913030881);
#388=CIRCLE('',#2093,4.77279674904521);
#389=CIRCLE('',#2095,4.36904674904521);
#390=CIRCLE('',#2096,4.36904674904521);
#391=CIRCLE('',#2098,3.78404674904522);
#392=CIRCLE('',#2099,3.7088052213868);
#393=CIRCLE('',#2101,3.12380522138681);
#394=CIRCLE('',#2102,3.12380522138681);
#395=CIRCLE('',#2104,2.38333098854225);
#396=CIRCLE('',#2105,2.82380522138681);
#397=CIRCLE('',#2107,2.08333098854225);
#398=CIRCLE('',#2108,2.08333098854225);
#399=CIRCLE('',#2110,2.60356810496453);
#400=CIRCLE('',#2112,2.60356810496453);
#401=CIRCLE('',#2114,2.3844988730184);
#402=CIRCLE('',#2122,0.750000000000001);
#403=CIRCLE('',#2123,0.750000000000001);
#404=CIRCLE('',#2138,7.21159100435452);
#405=CIRCLE('',#2139,6.05374869285178);
#406=CIRCLE('',#2141,7.4914954231147);
#407=CIRCLE('',#2143,6.33365311161196);
#408=CIRCLE('',#2146,7.09494565277716);
#409=CIRCLE('',#2147,6.04371234553584);
#410=CIRCLE('',#2149,7.19700132545969);
#411=CIRCLE('',#2150,7.24494565277716);
#412=CIRCLE('',#2152,7.19700132545969);
#413=CIRCLE('',#2154,7.24494565277716);
#414=CIRCLE('',#2156,7.24494565277716);
#415=CIRCLE('',#2167,7.24494565277716);
#416=CIRCLE('',#2168,6.04371234553584);
#417=CIRCLE('',#2170,7.09494565277716);
#418=CIRCLE('',#2171,6.04371234553584);
#419=CIRCLE('',#2173,7.19700132545969);
#420=CIRCLE('',#2174,7.24494565277716);
#421=CIRCLE('',#2176,7.19700132545969);
#422=CIRCLE('',#2178,7.24494565277716);
#423=CIRCLE('',#2180,7.24494565277716);
#424=CIRCLE('',#2191,7.24494565277716);
#425=CIRCLE('',#2192,6.04371234553584);
#426=CIRCLE('',#2194,7.09494565277716);
#427=CIRCLE('',#2195,6.04371234553584);
#428=CIRCLE('',#2197,7.19700132545969);
#429=CIRCLE('',#2198,7.24494565277716);
#430=CIRCLE('',#2200,7.19700132545969);
#431=CIRCLE('',#2202,7.24494565277716);
#432=CIRCLE('',#2204,7.24494565277716);
#433=CIRCLE('',#2215,7.24494565277716);
#434=CIRCLE('',#2216,6.04371234553584);
#435=CIRCLE('',#2218,6.04371234553584);
#436=CIRCLE('',#2219,6.04371234553584);
#437=CIRCLE('',#2221,6.04371234553584);
#438=CIRCLE('',#2224,7.09494565277716);
#439=CIRCLE('',#2226,7.24494565277716);
#440=CIRCLE('',#2227,7.09494565277716);
#441=CIRCLE('',#2229,7.24494565277716);
#442=CIRCLE('',#2230,7.24494565277716);
#443=CIRCLE('',#2232,7.19700132545969);
#444=CIRCLE('',#2234,7.19700132545969);
#445=CIRCLE('',#2236,7.24494565277716);
#446=CIRCLE('',#2238,7.24494565277716);
#447=ORIENTED_EDGE('',*,*,#911,.F.);
#448=ORIENTED_EDGE('',*,*,#912,.T.);
#449=ORIENTED_EDGE('',*,*,#913,.T.);
#450=ORIENTED_EDGE('',*,*,#914,.F.);
#451=ORIENTED_EDGE('',*,*,#915,.F.);
#452=ORIENTED_EDGE('',*,*,#916,.F.);
#453=ORIENTED_EDGE('',*,*,#917,.T.);
#454=ORIENTED_EDGE('',*,*,#918,.T.);
#455=ORIENTED_EDGE('',*,*,#919,.F.);
#456=ORIENTED_EDGE('',*,*,#918,.F.);
#457=ORIENTED_EDGE('',*,*,#920,.T.);
#458=ORIENTED_EDGE('',*,*,#921,.T.);
#459=ORIENTED_EDGE('',*,*,#922,.T.);
#460=ORIENTED_EDGE('',*,*,#912,.F.);
#461=ORIENTED_EDGE('',*,*,#923,.F.);
#462=ORIENTED_EDGE('',*,*,#924,.F.);
#463=ORIENTED_EDGE('',*,*,#925,.T.);
#464=ORIENTED_EDGE('',*,*,#926,.T.);
#465=ORIENTED_EDGE('',*,*,#927,.T.);
#466=ORIENTED_EDGE('',*,*,#928,.T.);
#467=ORIENTED_EDGE('',*,*,#929,.F.);
#468=ORIENTED_EDGE('',*,*,#930,.T.);
#469=ORIENTED_EDGE('',*,*,#931,.T.);
#470=ORIENTED_EDGE('',*,*,#932,.F.);
#471=ORIENTED_EDGE('',*,*,#931,.F.);
#472=ORIENTED_EDGE('',*,*,#933,.T.);
#473=ORIENTED_EDGE('',*,*,#934,.F.);
#474=ORIENTED_EDGE('',*,*,#935,.F.);
#475=ORIENTED_EDGE('',*,*,#936,.T.);
#476=ORIENTED_EDGE('',*,*,#937,.T.);
#477=ORIENTED_EDGE('',*,*,#938,.T.);
#478=ORIENTED_EDGE('',*,*,#939,.T.);
#479=ORIENTED_EDGE('',*,*,#916,.T.);
#480=ORIENTED_EDGE('',*,*,#914,.T.);
#481=ORIENTED_EDGE('',*,*,#939,.F.);
#482=ORIENTED_EDGE('',*,*,#940,.F.);
#483=ORIENTED_EDGE('',*,*,#941,.F.);
#484=ORIENTED_EDGE('',*,*,#929,.T.);
#485=ORIENTED_EDGE('',*,*,#925,.F.);
#486=ORIENTED_EDGE('',*,*,#942,.T.);
#487=ORIENTED_EDGE('',*,*,#926,.F.);
#488=ORIENTED_EDGE('',*,*,#943,.T.);
#489=ORIENTED_EDGE('',*,*,#942,.F.);
#490=ORIENTED_EDGE('',*,*,#944,.T.);
#491=ORIENTED_EDGE('',*,*,#943,.F.);
#492=ORIENTED_EDGE('',*,*,#945,.T.);
#493=ORIENTED_EDGE('',*,*,#944,.F.);
#494=ORIENTED_EDGE('',*,*,#946,.T.);
#495=ORIENTED_EDGE('',*,*,#947,.T.);
#496=ORIENTED_EDGE('',*,*,#948,.T.);
#497=ORIENTED_EDGE('',*,*,#949,.T.);
#498=ORIENTED_EDGE('',*,*,#950,.T.);
#499=ORIENTED_EDGE('',*,*,#951,.T.);
#500=ORIENTED_EDGE('',*,*,#952,.T.);
#501=ORIENTED_EDGE('',*,*,#953,.T.);
#502=ORIENTED_EDGE('',*,*,#954,.T.);
#503=ORIENTED_EDGE('',*,*,#955,.T.);
#504=ORIENTED_EDGE('',*,*,#956,.T.);
#505=ORIENTED_EDGE('',*,*,#955,.F.);
#506=ORIENTED_EDGE('',*,*,#957,.T.);
#507=ORIENTED_EDGE('',*,*,#956,.F.);
#508=ORIENTED_EDGE('',*,*,#958,.T.);
#509=ORIENTED_EDGE('',*,*,#957,.F.);
#510=ORIENTED_EDGE('',*,*,#932,.T.);
#511=ORIENTED_EDGE('',*,*,#958,.F.);
#512=ORIENTED_EDGE('',*,*,#959,.F.);
#513=ORIENTED_EDGE('',*,*,#937,.F.);
#514=ORIENTED_EDGE('',*,*,#960,.T.);
#515=ORIENTED_EDGE('',*,*,#961,.T.);
#516=ORIENTED_EDGE('',*,*,#962,.F.);
#517=ORIENTED_EDGE('',*,*,#961,.F.);
#518=ORIENTED_EDGE('',*,*,#963,.T.);
#519=ORIENTED_EDGE('',*,*,#964,.T.);
#520=ORIENTED_EDGE('',*,*,#965,.F.);
#521=ORIENTED_EDGE('',*,*,#964,.F.);
#522=ORIENTED_EDGE('',*,*,#966,.T.);
#523=ORIENTED_EDGE('',*,*,#967,.T.);
#524=ORIENTED_EDGE('',*,*,#968,.F.);
#525=ORIENTED_EDGE('',*,*,#967,.F.);
#526=ORIENTED_EDGE('',*,*,#969,.T.);
#527=ORIENTED_EDGE('',*,*,#970,.T.);
#528=ORIENTED_EDGE('',*,*,#971,.F.);
#529=ORIENTED_EDGE('',*,*,#970,.F.);
#530=ORIENTED_EDGE('',*,*,#972,.T.);
#531=ORIENTED_EDGE('',*,*,#935,.T.);
#532=ORIENTED_EDGE('',*,*,#973,.F.);
#533=ORIENTED_EDGE('',*,*,#974,.T.);
#534=ORIENTED_EDGE('',*,*,#973,.T.);
#535=ORIENTED_EDGE('',*,*,#960,.F.);
#536=ORIENTED_EDGE('',*,*,#936,.F.);
#537=ORIENTED_EDGE('',*,*,#972,.F.);
#538=ORIENTED_EDGE('',*,*,#969,.F.);
#539=ORIENTED_EDGE('',*,*,#966,.F.);
#540=ORIENTED_EDGE('',*,*,#963,.F.);
#541=ORIENTED_EDGE('',*,*,#974,.F.);
#542=ORIENTED_EDGE('',*,*,#959,.T.);
#543=ORIENTED_EDGE('',*,*,#962,.T.);
#544=ORIENTED_EDGE('',*,*,#965,.T.);
#545=ORIENTED_EDGE('',*,*,#968,.T.);
#546=ORIENTED_EDGE('',*,*,#971,.T.);
#547=ORIENTED_EDGE('',*,*,#934,.T.);
#548=ORIENTED_EDGE('',*,*,#941,.T.);
#549=ORIENTED_EDGE('',*,*,#975,.T.);
#550=ORIENTED_EDGE('',*,*,#976,.T.);
#551=ORIENTED_EDGE('',*,*,#930,.F.);
#552=ORIENTED_EDGE('',*,*,#940,.T.);
#553=ORIENTED_EDGE('',*,*,#928,.F.);
#554=ORIENTED_EDGE('',*,*,#977,.T.);
#555=ORIENTED_EDGE('',*,*,#975,.F.);
#556=ORIENTED_EDGE('',*,*,#976,.F.);
#557=ORIENTED_EDGE('',*,*,#977,.F.);
#558=ORIENTED_EDGE('',*,*,#927,.F.);
#559=ORIENTED_EDGE('',*,*,#917,.F.);
#560=ORIENTED_EDGE('',*,*,#913,.F.);
#561=ORIENTED_EDGE('',*,*,#922,.F.);
#562=ORIENTED_EDGE('',*,*,#978,.F.);
#563=ORIENTED_EDGE('',*,*,#920,.F.);
#564=ORIENTED_EDGE('',*,*,#978,.T.);
#565=ORIENTED_EDGE('',*,*,#921,.F.);
#566=ORIENTED_EDGE('',*,*,#919,.T.);
#567=ORIENTED_EDGE('',*,*,#979,.T.);
#568=ORIENTED_EDGE('',*,*,#923,.T.);
#569=ORIENTED_EDGE('',*,*,#911,.T.);
#570=ORIENTED_EDGE('',*,*,#915,.T.);
#571=ORIENTED_EDGE('',*,*,#924,.T.);
#572=ORIENTED_EDGE('',*,*,#979,.F.);
#573=ORIENTED_EDGE('',*,*,#953,.F.);
#574=ORIENTED_EDGE('',*,*,#951,.F.);
#575=ORIENTED_EDGE('',*,*,#954,.F.);
#576=ORIENTED_EDGE('',*,*,#952,.F.);
#577=ORIENTED_EDGE('',*,*,#950,.F.);
#578=ORIENTED_EDGE('',*,*,#949,.F.);
#579=ORIENTED_EDGE('',*,*,#948,.F.);
#580=ORIENTED_EDGE('',*,*,#947,.F.);
#581=ORIENTED_EDGE('',*,*,#946,.F.);
#582=ORIENTED_EDGE('',*,*,#945,.F.);
#583=ORIENTED_EDGE('',*,*,#938,.F.);
#584=ORIENTED_EDGE('',*,*,#933,.F.);
#585=ORIENTED_EDGE('',*,*,#980,.T.);
#586=ORIENTED_EDGE('',*,*,#981,.F.);
#587=ORIENTED_EDGE('',*,*,#982,.T.);
#588=ORIENTED_EDGE('',*,*,#980,.F.);
#589=ORIENTED_EDGE('',*,*,#983,.T.);
#590=ORIENTED_EDGE('',*,*,#982,.F.);
#591=ORIENTED_EDGE('',*,*,#981,.T.);
#592=ORIENTED_EDGE('',*,*,#983,.F.);
#593=ORIENTED_EDGE('',*,*,#984,.F.);
#594=ORIENTED_EDGE('',*,*,#985,.T.);
#595=ORIENTED_EDGE('',*,*,#986,.T.);
#596=ORIENTED_EDGE('',*,*,#987,.T.);
#597=ORIENTED_EDGE('',*,*,#988,.T.);
#598=ORIENTED_EDGE('',*,*,#989,.T.);
#599=ORIENTED_EDGE('',*,*,#990,.F.);
#600=ORIENTED_EDGE('',*,*,#991,.T.);
#601=ORIENTED_EDGE('',*,*,#992,.T.);
#602=ORIENTED_EDGE('',*,*,#993,.T.);
#603=ORIENTED_EDGE('',*,*,#988,.F.);
#604=ORIENTED_EDGE('',*,*,#994,.T.);
#605=ORIENTED_EDGE('',*,*,#995,.T.);
#606=ORIENTED_EDGE('',*,*,#996,.T.);
#607=ORIENTED_EDGE('',*,*,#992,.F.);
#608=ORIENTED_EDGE('',*,*,#997,.T.);
#609=ORIENTED_EDGE('',*,*,#998,.F.);
#610=ORIENTED_EDGE('',*,*,#999,.T.);
#611=ORIENTED_EDGE('',*,*,#1000,.T.);
#612=ORIENTED_EDGE('',*,*,#984,.T.);
#613=ORIENTED_EDGE('',*,*,#1001,.T.);
#614=ORIENTED_EDGE('',*,*,#1002,.T.);
#615=ORIENTED_EDGE('',*,*,#998,.T.);
#616=ORIENTED_EDGE('',*,*,#1003,.T.);
#617=ORIENTED_EDGE('',*,*,#995,.F.);
#618=ORIENTED_EDGE('',*,*,#1004,.T.);
#619=ORIENTED_EDGE('',*,*,#1005,.F.);
#620=ORIENTED_EDGE('',*,*,#1006,.F.);
#621=ORIENTED_EDGE('',*,*,#1007,.F.);
#622=ORIENTED_EDGE('',*,*,#1008,.F.);
#623=ORIENTED_EDGE('',*,*,#1009,.F.);
#624=ORIENTED_EDGE('',*,*,#1010,.F.);
#625=ORIENTED_EDGE('',*,*,#1011,.F.);
#626=ORIENTED_EDGE('',*,*,#1012,.F.);
#627=ORIENTED_EDGE('',*,*,#1007,.T.);
#628=ORIENTED_EDGE('',*,*,#1013,.F.);
#629=ORIENTED_EDGE('',*,*,#1014,.F.);
#630=ORIENTED_EDGE('',*,*,#1015,.F.);
#631=ORIENTED_EDGE('',*,*,#1016,.F.);
#632=ORIENTED_EDGE('',*,*,#1017,.F.);
#633=ORIENTED_EDGE('',*,*,#985,.F.);
#634=ORIENTED_EDGE('',*,*,#1000,.F.);
#635=ORIENTED_EDGE('',*,*,#1018,.F.);
#636=ORIENTED_EDGE('',*,*,#1019,.F.);
#637=ORIENTED_EDGE('',*,*,#1020,.F.);
#638=ORIENTED_EDGE('',*,*,#999,.F.);
#639=ORIENTED_EDGE('',*,*,#1004,.F.);
#640=ORIENTED_EDGE('',*,*,#997,.F.);
#641=ORIENTED_EDGE('',*,*,#994,.F.);
#642=ORIENTED_EDGE('',*,*,#991,.F.);
#643=ORIENTED_EDGE('',*,*,#1021,.F.);
#644=ORIENTED_EDGE('',*,*,#1022,.F.);
#645=ORIENTED_EDGE('',*,*,#1023,.F.);
#646=ORIENTED_EDGE('',*,*,#1018,.T.);
#647=ORIENTED_EDGE('',*,*,#1024,.T.);
#648=ORIENTED_EDGE('',*,*,#1013,.T.);
#649=ORIENTED_EDGE('',*,*,#1006,.T.);
#650=ORIENTED_EDGE('',*,*,#1025,.T.);
#651=ORIENTED_EDGE('',*,*,#1019,.T.);
#652=ORIENTED_EDGE('',*,*,#1023,.T.);
#653=ORIENTED_EDGE('',*,*,#1026,.T.);
#654=ORIENTED_EDGE('',*,*,#1027,.F.);
#655=ORIENTED_EDGE('',*,*,#1028,.T.);
#656=ORIENTED_EDGE('',*,*,#1014,.T.);
#657=ORIENTED_EDGE('',*,*,#1024,.F.);
#658=ORIENTED_EDGE('',*,*,#1029,.F.);
#659=ORIENTED_EDGE('',*,*,#1026,.F.);
#660=ORIENTED_EDGE('',*,*,#1022,.T.);
#661=ORIENTED_EDGE('',*,*,#1030,.F.);
#662=ORIENTED_EDGE('',*,*,#1031,.T.);
#663=ORIENTED_EDGE('',*,*,#1032,.T.);
#664=ORIENTED_EDGE('',*,*,#1033,.T.);
#665=ORIENTED_EDGE('',*,*,#1034,.T.);
#666=ORIENTED_EDGE('',*,*,#1035,.T.);
#667=ORIENTED_EDGE('',*,*,#1036,.F.);
#668=ORIENTED_EDGE('',*,*,#1037,.T.);
#669=ORIENTED_EDGE('',*,*,#1038,.T.);
#670=ORIENTED_EDGE('',*,*,#1039,.T.);
#671=ORIENTED_EDGE('',*,*,#1034,.F.);
#672=ORIENTED_EDGE('',*,*,#1040,.T.);
#673=ORIENTED_EDGE('',*,*,#1041,.T.);
#674=ORIENTED_EDGE('',*,*,#1042,.T.);
#675=ORIENTED_EDGE('',*,*,#1038,.F.);
#676=ORIENTED_EDGE('',*,*,#1043,.T.);
#677=ORIENTED_EDGE('',*,*,#1044,.F.);
#678=ORIENTED_EDGE('',*,*,#1045,.T.);
#679=ORIENTED_EDGE('',*,*,#1046,.T.);
#680=ORIENTED_EDGE('',*,*,#1030,.T.);
#681=ORIENTED_EDGE('',*,*,#1047,.T.);
#682=ORIENTED_EDGE('',*,*,#1048,.T.);
#683=ORIENTED_EDGE('',*,*,#1044,.T.);
#684=ORIENTED_EDGE('',*,*,#1049,.T.);
#685=ORIENTED_EDGE('',*,*,#1041,.F.);
#686=ORIENTED_EDGE('',*,*,#1050,.T.);
#687=ORIENTED_EDGE('',*,*,#1051,.F.);
#688=ORIENTED_EDGE('',*,*,#1052,.F.);
#689=ORIENTED_EDGE('',*,*,#1053,.F.);
#690=ORIENTED_EDGE('',*,*,#1001,.F.);
#691=ORIENTED_EDGE('',*,*,#987,.F.);
#692=ORIENTED_EDGE('',*,*,#996,.F.);
#693=ORIENTED_EDGE('',*,*,#1003,.F.);
#694=ORIENTED_EDGE('',*,*,#1002,.F.);
#695=ORIENTED_EDGE('',*,*,#1053,.T.);
#696=ORIENTED_EDGE('',*,*,#1054,.F.);
#697=ORIENTED_EDGE('',*,*,#1055,.F.);
#698=ORIENTED_EDGE('',*,*,#1056,.F.);
#699=ORIENTED_EDGE('',*,*,#989,.F.);
#700=ORIENTED_EDGE('',*,*,#993,.F.);
#701=ORIENTED_EDGE('',*,*,#1031,.F.);
#702=ORIENTED_EDGE('',*,*,#1046,.F.);
#703=ORIENTED_EDGE('',*,*,#1057,.F.);
#704=ORIENTED_EDGE('',*,*,#1058,.F.);
#705=ORIENTED_EDGE('',*,*,#1059,.F.);
#706=ORIENTED_EDGE('',*,*,#1045,.F.);
#707=ORIENTED_EDGE('',*,*,#1050,.F.);
#708=ORIENTED_EDGE('',*,*,#1043,.F.);
#709=ORIENTED_EDGE('',*,*,#1040,.F.);
#710=ORIENTED_EDGE('',*,*,#1037,.F.);
#711=ORIENTED_EDGE('',*,*,#1060,.F.);
#712=ORIENTED_EDGE('',*,*,#1061,.F.);
#713=ORIENTED_EDGE('',*,*,#1062,.F.);
#714=ORIENTED_EDGE('',*,*,#1057,.T.);
#715=ORIENTED_EDGE('',*,*,#1063,.T.);
#716=ORIENTED_EDGE('',*,*,#1054,.T.);
#717=ORIENTED_EDGE('',*,*,#1052,.T.);
#718=ORIENTED_EDGE('',*,*,#1064,.T.);
#719=ORIENTED_EDGE('',*,*,#1058,.T.);
#720=ORIENTED_EDGE('',*,*,#1062,.T.);
#721=ORIENTED_EDGE('',*,*,#1065,.T.);
#722=ORIENTED_EDGE('',*,*,#1066,.F.);
#723=ORIENTED_EDGE('',*,*,#1067,.T.);
#724=ORIENTED_EDGE('',*,*,#1055,.T.);
#725=ORIENTED_EDGE('',*,*,#1063,.F.);
#726=ORIENTED_EDGE('',*,*,#1068,.F.);
#727=ORIENTED_EDGE('',*,*,#1065,.F.);
#728=ORIENTED_EDGE('',*,*,#1061,.T.);
#729=ORIENTED_EDGE('',*,*,#1069,.F.);
#730=ORIENTED_EDGE('',*,*,#1070,.T.);
#731=ORIENTED_EDGE('',*,*,#1071,.T.);
#732=ORIENTED_EDGE('',*,*,#1072,.T.);
#733=ORIENTED_EDGE('',*,*,#1073,.T.);
#734=ORIENTED_EDGE('',*,*,#1074,.T.);
#735=ORIENTED_EDGE('',*,*,#1075,.F.);
#736=ORIENTED_EDGE('',*,*,#1076,.T.);
#737=ORIENTED_EDGE('',*,*,#1077,.T.);
#738=ORIENTED_EDGE('',*,*,#1078,.T.);
#739=ORIENTED_EDGE('',*,*,#1073,.F.);
#740=ORIENTED_EDGE('',*,*,#1079,.T.);
#741=ORIENTED_EDGE('',*,*,#1080,.T.);
#742=ORIENTED_EDGE('',*,*,#1081,.T.);
#743=ORIENTED_EDGE('',*,*,#1077,.F.);
#744=ORIENTED_EDGE('',*,*,#1082,.T.);
#745=ORIENTED_EDGE('',*,*,#1083,.F.);
#746=ORIENTED_EDGE('',*,*,#1084,.T.);
#747=ORIENTED_EDGE('',*,*,#1085,.T.);
#748=ORIENTED_EDGE('',*,*,#1069,.T.);
#749=ORIENTED_EDGE('',*,*,#1086,.T.);
#750=ORIENTED_EDGE('',*,*,#1087,.T.);
#751=ORIENTED_EDGE('',*,*,#1083,.T.);
#752=ORIENTED_EDGE('',*,*,#1088,.T.);
#753=ORIENTED_EDGE('',*,*,#1080,.F.);
#754=ORIENTED_EDGE('',*,*,#1089,.T.);
#755=ORIENTED_EDGE('',*,*,#1090,.F.);
#756=ORIENTED_EDGE('',*,*,#1091,.F.);
#757=ORIENTED_EDGE('',*,*,#1092,.F.);
#758=ORIENTED_EDGE('',*,*,#1047,.F.);
#759=ORIENTED_EDGE('',*,*,#1033,.F.);
#760=ORIENTED_EDGE('',*,*,#1042,.F.);
#761=ORIENTED_EDGE('',*,*,#1049,.F.);
#762=ORIENTED_EDGE('',*,*,#1048,.F.);
#763=ORIENTED_EDGE('',*,*,#1092,.T.);
#764=ORIENTED_EDGE('',*,*,#1093,.F.);
#765=ORIENTED_EDGE('',*,*,#1094,.F.);
#766=ORIENTED_EDGE('',*,*,#1095,.F.);
#767=ORIENTED_EDGE('',*,*,#1035,.F.);
#768=ORIENTED_EDGE('',*,*,#1039,.F.);
#769=ORIENTED_EDGE('',*,*,#1070,.F.);
#770=ORIENTED_EDGE('',*,*,#1085,.F.);
#771=ORIENTED_EDGE('',*,*,#1096,.F.);
#772=ORIENTED_EDGE('',*,*,#1097,.F.);
#773=ORIENTED_EDGE('',*,*,#1098,.F.);
#774=ORIENTED_EDGE('',*,*,#1084,.F.);
#775=ORIENTED_EDGE('',*,*,#1089,.F.);
#776=ORIENTED_EDGE('',*,*,#1082,.F.);
#777=ORIENTED_EDGE('',*,*,#1079,.F.);
#778=ORIENTED_EDGE('',*,*,#1076,.F.);
#779=ORIENTED_EDGE('',*,*,#1099,.F.);
#780=ORIENTED_EDGE('',*,*,#1100,.F.);
#781=ORIENTED_EDGE('',*,*,#1101,.F.);
#782=ORIENTED_EDGE('',*,*,#1096,.T.);
#783=ORIENTED_EDGE('',*,*,#1102,.T.);
#784=ORIENTED_EDGE('',*,*,#1093,.T.);
#785=ORIENTED_EDGE('',*,*,#1091,.T.);
#786=ORIENTED_EDGE('',*,*,#1103,.T.);
#787=ORIENTED_EDGE('',*,*,#1097,.T.);
#788=ORIENTED_EDGE('',*,*,#1101,.T.);
#789=ORIENTED_EDGE('',*,*,#1104,.T.);
#790=ORIENTED_EDGE('',*,*,#1105,.F.);
#791=ORIENTED_EDGE('',*,*,#1106,.T.);
#792=ORIENTED_EDGE('',*,*,#1094,.T.);
#793=ORIENTED_EDGE('',*,*,#1102,.F.);
#794=ORIENTED_EDGE('',*,*,#1107,.F.);
#795=ORIENTED_EDGE('',*,*,#1104,.F.);
#796=ORIENTED_EDGE('',*,*,#1100,.T.);
#797=ORIENTED_EDGE('',*,*,#1108,.T.);
#798=ORIENTED_EDGE('',*,*,#1109,.F.);
#799=ORIENTED_EDGE('',*,*,#1110,.T.);
#800=ORIENTED_EDGE('',*,*,#1111,.T.);
#801=ORIENTED_EDGE('',*,*,#1112,.T.);
#802=ORIENTED_EDGE('',*,*,#1113,.F.);
#803=ORIENTED_EDGE('',*,*,#1114,.T.);
#804=ORIENTED_EDGE('',*,*,#1071,.F.);
#805=ORIENTED_EDGE('',*,*,#1098,.T.);
#806=ORIENTED_EDGE('',*,*,#1105,.T.);
#807=ORIENTED_EDGE('',*,*,#1107,.T.);
#808=ORIENTED_EDGE('',*,*,#1103,.F.);
#809=ORIENTED_EDGE('',*,*,#1090,.T.);
#810=ORIENTED_EDGE('',*,*,#1032,.F.);
#811=ORIENTED_EDGE('',*,*,#1059,.T.);
#812=ORIENTED_EDGE('',*,*,#1066,.T.);
#813=ORIENTED_EDGE('',*,*,#1068,.T.);
#814=ORIENTED_EDGE('',*,*,#1064,.F.);
#815=ORIENTED_EDGE('',*,*,#1051,.T.);
#816=ORIENTED_EDGE('',*,*,#986,.F.);
#817=ORIENTED_EDGE('',*,*,#1020,.T.);
#818=ORIENTED_EDGE('',*,*,#1027,.T.);
#819=ORIENTED_EDGE('',*,*,#1029,.T.);
#820=ORIENTED_EDGE('',*,*,#1025,.F.);
#821=ORIENTED_EDGE('',*,*,#1005,.T.);
#822=ORIENTED_EDGE('',*,*,#1115,.F.);
#823=ORIENTED_EDGE('',*,*,#1116,.T.);
#824=ORIENTED_EDGE('',*,*,#1109,.T.);
#825=ORIENTED_EDGE('',*,*,#1009,.T.);
#826=ORIENTED_EDGE('',*,*,#1117,.T.);
#827=ORIENTED_EDGE('',*,*,#1118,.F.);
#828=ORIENTED_EDGE('',*,*,#1119,.T.);
#829=ORIENTED_EDGE('',*,*,#1015,.T.);
#830=ORIENTED_EDGE('',*,*,#1028,.F.);
#831=ORIENTED_EDGE('',*,*,#1021,.T.);
#832=ORIENTED_EDGE('',*,*,#990,.T.);
#833=ORIENTED_EDGE('',*,*,#1056,.T.);
#834=ORIENTED_EDGE('',*,*,#1067,.F.);
#835=ORIENTED_EDGE('',*,*,#1060,.T.);
#836=ORIENTED_EDGE('',*,*,#1036,.T.);
#837=ORIENTED_EDGE('',*,*,#1095,.T.);
#838=ORIENTED_EDGE('',*,*,#1106,.F.);
#839=ORIENTED_EDGE('',*,*,#1099,.T.);
#840=ORIENTED_EDGE('',*,*,#1075,.T.);
#841=ORIENTED_EDGE('',*,*,#1120,.T.);
#842=ORIENTED_EDGE('',*,*,#1121,.F.);
#843=ORIENTED_EDGE('',*,*,#1122,.T.);
#844=ORIENTED_EDGE('',*,*,#1117,.F.);
#845=ORIENTED_EDGE('',*,*,#1123,.T.);
#846=ORIENTED_EDGE('',*,*,#1016,.T.);
#847=ORIENTED_EDGE('',*,*,#1119,.F.);
#848=ORIENTED_EDGE('',*,*,#1124,.T.);
#849=ORIENTED_EDGE('',*,*,#1125,.T.);
#850=ORIENTED_EDGE('',*,*,#1017,.T.);
#851=ORIENTED_EDGE('',*,*,#1123,.F.);
#852=ORIENTED_EDGE('',*,*,#1126,.T.);
#853=ORIENTED_EDGE('',*,*,#1127,.T.);
#854=ORIENTED_EDGE('',*,*,#1010,.T.);
#855=ORIENTED_EDGE('',*,*,#1125,.F.);
#856=ORIENTED_EDGE('',*,*,#1128,.T.);
#857=ORIENTED_EDGE('',*,*,#1129,.T.);
#858=ORIENTED_EDGE('',*,*,#1011,.T.);
#859=ORIENTED_EDGE('',*,*,#1127,.F.);
#860=ORIENTED_EDGE('',*,*,#1130,.T.);
#861=ORIENTED_EDGE('',*,*,#1129,.F.);
#862=ORIENTED_EDGE('',*,*,#1131,.T.);
#863=ORIENTED_EDGE('',*,*,#1132,.T.);
#864=ORIENTED_EDGE('',*,*,#1115,.T.);
#865=ORIENTED_EDGE('',*,*,#1008,.T.);
#866=ORIENTED_EDGE('',*,*,#1012,.T.);
#867=ORIENTED_EDGE('',*,*,#1118,.T.);
#868=ORIENTED_EDGE('',*,*,#1108,.F.);
#869=ORIENTED_EDGE('',*,*,#1133,.T.);
#870=ORIENTED_EDGE('',*,*,#1134,.T.);
#871=ORIENTED_EDGE('',*,*,#1135,.T.);
#872=ORIENTED_EDGE('',*,*,#1113,.T.);
#873=ORIENTED_EDGE('',*,*,#1136,.T.);
#874=ORIENTED_EDGE('',*,*,#1137,.T.);
#875=ORIENTED_EDGE('',*,*,#1138,.T.);
#876=ORIENTED_EDGE('',*,*,#1111,.F.);
#877=ORIENTED_EDGE('',*,*,#1121,.T.);
#878=ORIENTED_EDGE('',*,*,#1139,.T.);
#879=ORIENTED_EDGE('',*,*,#1133,.F.);
#880=ORIENTED_EDGE('',*,*,#1112,.F.);
#881=ORIENTED_EDGE('',*,*,#1138,.F.);
#882=ORIENTED_EDGE('',*,*,#1140,.T.);
#883=ORIENTED_EDGE('',*,*,#1114,.F.);
#884=ORIENTED_EDGE('',*,*,#1135,.F.);
#885=ORIENTED_EDGE('',*,*,#1141,.F.);
#886=ORIENTED_EDGE('',*,*,#1086,.F.);
#887=ORIENTED_EDGE('',*,*,#1072,.F.);
#888=ORIENTED_EDGE('',*,*,#1081,.F.);
#889=ORIENTED_EDGE('',*,*,#1088,.F.);
#890=ORIENTED_EDGE('',*,*,#1087,.F.);
#891=ORIENTED_EDGE('',*,*,#1141,.T.);
#892=ORIENTED_EDGE('',*,*,#1134,.F.);
#893=ORIENTED_EDGE('',*,*,#1139,.F.);
#894=ORIENTED_EDGE('',*,*,#1120,.F.);
#895=ORIENTED_EDGE('',*,*,#1074,.F.);
#896=ORIENTED_EDGE('',*,*,#1078,.F.);
#897=ORIENTED_EDGE('',*,*,#1116,.F.);
#898=ORIENTED_EDGE('',*,*,#1132,.F.);
#899=ORIENTED_EDGE('',*,*,#1142,.F.);
#900=ORIENTED_EDGE('',*,*,#1136,.F.);
#901=ORIENTED_EDGE('',*,*,#1110,.F.);
#902=ORIENTED_EDGE('',*,*,#1131,.F.);
#903=ORIENTED_EDGE('',*,*,#1130,.F.);
#904=ORIENTED_EDGE('',*,*,#1128,.F.);
#905=ORIENTED_EDGE('',*,*,#1126,.F.);
#906=ORIENTED_EDGE('',*,*,#1124,.F.);
#907=ORIENTED_EDGE('',*,*,#1122,.F.);
#908=ORIENTED_EDGE('',*,*,#1140,.F.);
#909=ORIENTED_EDGE('',*,*,#1137,.F.);
#910=ORIENTED_EDGE('',*,*,#1142,.T.);
#911=EDGE_CURVE('',#1143,#1144,#1309,.T.);
#912=EDGE_CURVE('',#1143,#1145,#371,.T.);
#913=EDGE_CURVE('',#1145,#1146,#1310,.T.);
#914=EDGE_CURVE('',#1144,#1146,#372,.T.);
#915=EDGE_CURVE('',#1144,#1147,#1311,.T.);
#916=EDGE_CURVE('',#1146,#1144,#373,.T.);
#917=EDGE_CURVE('',#1146,#1148,#1312,.T.);
#918=EDGE_CURVE('',#1148,#1147,#374,.T.);
#919=EDGE_CURVE('',#1147,#1149,#105,.F.);
#920=EDGE_CURVE('',#1148,#1150,#106,.F.);
#921=EDGE_CURVE('',#1150,#1151,#375,.F.);
#922=EDGE_CURVE('',#1151,#1145,#107,.T.);
#923=EDGE_CURVE('',#1152,#1143,#108,.T.);
#924=EDGE_CURVE('',#1149,#1152,#376,.F.);
#925=EDGE_CURVE('',#1153,#1153,#377,.T.);
#926=EDGE_CURVE('',#1154,#1154,#378,.T.);
#927=EDGE_CURVE('',#1155,#1156,#109,.T.);
#928=EDGE_CURVE('',#1156,#1157,#102,.F.);
#929=EDGE_CURVE('',#1158,#1157,#379,.T.);
#930=EDGE_CURVE('',#1158,#1155,#103,.T.);
#931=EDGE_CURVE('',#1159,#1159,#380,.T.);
#932=EDGE_CURVE('',#1160,#1160,#381,.T.);
#933=EDGE_CURVE('',#1162,#1162,#382,.T.);
#934=EDGE_CURVE('',#1163,#1164,#110,.T.);
#935=EDGE_CURVE('',#1165,#1163,#111,.T.);
#936=EDGE_CURVE('',#1165,#1166,#112,.T.);
#937=EDGE_CURVE('',#1166,#1164,#113,.T.);
#938=EDGE_CURVE('',#1167,#1167,#383,.F.);
#939=EDGE_CURVE('',#1168,#1168,#384,.T.);
#940=EDGE_CURVE('',#1169,#1157,#1313,.T.);
#941=EDGE_CURVE('',#1158,#1169,#1314,.T.);
#942=EDGE_CURVE('',#1170,#1170,#385,.T.);
#943=EDGE_CURVE('',#1171,#1171,#386,.T.);
#944=EDGE_CURVE('',#1172,#1172,#387,.T.);
#945=EDGE_CURVE('',#1173,#1173,#388,.F.);
#946=EDGE_CURVE('',#1174,#1174,#389,.T.);
#947=EDGE_CURVE('',#1175,#1175,#390,.F.);
#948=EDGE_CURVE('',#1176,#1176,#391,.T.);
#949=EDGE_CURVE('',#1177,#1177,#392,.F.);
#950=EDGE_CURVE('',#1178,#1178,#393,.T.);
#951=EDGE_CURVE('',#1179,#1179,#394,.F.);
#952=EDGE_CURVE('',#1180,#1180,#395,.F.);
#953=EDGE_CURVE('',#1181,#1181,#396,.T.);
#954=EDGE_CURVE('',#1182,#1182,#397,.T.);
#955=EDGE_CURVE('',#1183,#1183,#398,.T.);
#956=EDGE_CURVE('',#1184,#1184,#399,.T.);
#957=EDGE_CURVE('',#1185,#1185,#400,.T.);
#958=EDGE_CURVE('',#1186,#1186,#401,.T.);
#959=EDGE_CURVE('',#1164,#1187,#114,.T.);
#960=EDGE_CURVE('',#1166,#1188,#115,.T.);
#961=EDGE_CURVE('',#1188,#1187,#116,.T.);
#962=EDGE_CURVE('',#1187,#1189,#117,.T.);
#963=EDGE_CURVE('',#1188,#1190,#118,.T.);
#964=EDGE_CURVE('',#1190,#1189,#119,.T.);
#965=EDGE_CURVE('',#1189,#1191,#120,.T.);
#966=EDGE_CURVE('',#1190,#1192,#121,.T.);
#967=EDGE_CURVE('',#1192,#1191,#122,.T.);
#968=EDGE_CURVE('',#1191,#1193,#123,.T.);
#969=EDGE_CURVE('',#1192,#1194,#124,.T.);
#970=EDGE_CURVE('',#1194,#1193,#125,.T.);
#971=EDGE_CURVE('',#1193,#1163,#126,.T.);
#972=EDGE_CURVE('',#1194,#1165,#127,.T.);
#973=EDGE_CURVE('',#1195,#1195,#402,.T.);
#974=EDGE_CURVE('',#1196,#1196,#403,.T.);
#975=EDGE_CURVE('',#1169,#1197,#104,.T.);
#976=EDGE_CURVE('',#1197,#1155,#128,.T.);
#977=EDGE_CURVE('',#1156,#1197,#129,.T.);
#978=EDGE_CURVE('',#1150,#1151,#130,.T.);
#979=EDGE_CURVE('',#1149,#1152,#131,.T.);
#980=EDGE_CURVE('',#1198,#1198,#404,.T.);
#981=EDGE_CURVE('',#1199,#1199,#405,.T.);
#982=EDGE_CURVE('',#1200,#1200,#406,.T.);
#983=EDGE_CURVE('',#1201,#1201,#407,.T.);
#984=EDGE_CURVE('',#1202,#1203,#408,.T.);
#985=EDGE_CURVE('',#1202,#1204,#132,.T.);
#986=EDGE_CURVE('',#1204,#1205,#409,.T.);
#987=EDGE_CURVE('',#1205,#1203,#133,.T.);
#988=EDGE_CURVE('',#1206,#1207,#410,.T.);
#989=EDGE_CURVE('',#1207,#1208,#134,.T.);
#990=EDGE_CURVE('',#1209,#1208,#411,.T.);
#991=EDGE_CURVE('',#1209,#1206,#135,.F.);
#992=EDGE_CURVE('',#1210,#1211,#412,.T.);
#993=EDGE_CURVE('',#1211,#1207,#136,.T.);
#994=EDGE_CURVE('',#1206,#1210,#137,.F.);
#995=EDGE_CURVE('',#1212,#1213,#413,.T.);
#996=EDGE_CURVE('',#1213,#1211,#138,.T.);
#997=EDGE_CURVE('',#1210,#1212,#139,.F.);
#998=EDGE_CURVE('',#1214,#1215,#414,.T.);
#999=EDGE_CURVE('',#1214,#1216,#1315,.T.);
#1000=EDGE_CURVE('',#1216,#1202,#1316,.T.);
#1001=EDGE_CURVE('',#1203,#1217,#1317,.T.);
#1002=EDGE_CURVE('',#1217,#1215,#1318,.T.);
#1003=EDGE_CURVE('',#1215,#1213,#140,.T.);
#1004=EDGE_CURVE('',#1212,#1214,#141,.F.);
#1005=EDGE_CURVE('',#1218,#1219,#18,.T.);
#1006=EDGE_CURVE('',#1220,#1218,#142,.T.);
#1007=EDGE_CURVE('',#1221,#1220,#143,.F.);
#1008=EDGE_CURVE('',#1222,#1221,#1319,.T.);
#1009=EDGE_CURVE('',#1219,#1222,#144,.T.);
#1010=EDGE_CURVE('',#1223,#1224,#145,.T.);
#1011=EDGE_CURVE('',#1225,#1223,#146,.T.);
#1012=EDGE_CURVE('',#1221,#1225,#1320,.T.);
#1013=EDGE_CURVE('',#1226,#1220,#147,.T.);
#1014=EDGE_CURVE('',#1227,#1226,#148,.T.);
#1015=EDGE_CURVE('',#1228,#1227,#149,.T.);
#1016=EDGE_CURVE('',#1229,#1228,#150,.T.);
#1017=EDGE_CURVE('',#1224,#1229,#151,.T.);
#1018=EDGE_CURVE('',#1230,#1216,#152,.T.);
#1019=EDGE_CURVE('',#1231,#1230,#153,.T.);
#1020=EDGE_CURVE('',#1204,#1231,#19,.T.);
#1021=EDGE_CURVE('',#1232,#1209,#154,.F.);
#1022=EDGE_CURVE('',#1233,#1232,#155,.F.);
#1023=EDGE_CURVE('',#1230,#1233,#156,.T.);
#1024=EDGE_CURVE('',#1234,#1226,#157,.T.);
#1025=EDGE_CURVE('',#1218,#1234,#158,.T.);
#1026=EDGE_CURVE('',#1233,#1235,#159,.T.);
#1027=EDGE_CURVE('',#1231,#1235,#160,.T.);
#1028=EDGE_CURVE('',#1232,#1227,#415,.F.);
#1029=EDGE_CURVE('',#1235,#1234,#416,.T.);
#1030=EDGE_CURVE('',#1236,#1237,#417,.T.);
#1031=EDGE_CURVE('',#1236,#1238,#161,.T.);
#1032=EDGE_CURVE('',#1238,#1239,#418,.T.);
#1033=EDGE_CURVE('',#1239,#1237,#162,.T.);
#1034=EDGE_CURVE('',#1240,#1241,#419,.T.);
#1035=EDGE_CURVE('',#1241,#1242,#163,.T.);
#1036=EDGE_CURVE('',#1243,#1242,#420,.T.);
#1037=EDGE_CURVE('',#1243,#1240,#164,.F.);
#1038=EDGE_CURVE('',#1244,#1245,#421,.T.);
#1039=EDGE_CURVE('',#1245,#1241,#165,.T.);
#1040=EDGE_CURVE('',#1240,#1244,#166,.F.);
#1041=EDGE_CURVE('',#1246,#1247,#422,.T.);
#1042=EDGE_CURVE('',#1247,#1245,#167,.T.);
#1043=EDGE_CURVE('',#1244,#1246,#168,.F.);
#1044=EDGE_CURVE('',#1248,#1249,#423,.T.);
#1045=EDGE_CURVE('',#1248,#1250,#1321,.T.);
#1046=EDGE_CURVE('',#1250,#1236,#1322,.T.);
#1047=EDGE_CURVE('',#1237,#1251,#1323,.T.);
#1048=EDGE_CURVE('',#1251,#1249,#1324,.T.);
#1049=EDGE_CURVE('',#1249,#1247,#169,.T.);
#1050=EDGE_CURVE('',#1246,#1248,#170,.F.);
#1051=EDGE_CURVE('',#1252,#1205,#20,.T.);
#1052=EDGE_CURVE('',#1253,#1252,#171,.T.);
#1053=EDGE_CURVE('',#1217,#1253,#172,.F.);
#1054=EDGE_CURVE('',#1254,#1253,#173,.T.);
#1055=EDGE_CURVE('',#1255,#1254,#174,.T.);
#1056=EDGE_CURVE('',#1208,#1255,#175,.T.);
#1057=EDGE_CURVE('',#1256,#1250,#176,.T.);
#1058=EDGE_CURVE('',#1257,#1256,#177,.T.);
#1059=EDGE_CURVE('',#1238,#1257,#21,.T.);
#1060=EDGE_CURVE('',#1258,#1243,#178,.F.);
#1061=EDGE_CURVE('',#1259,#1258,#179,.F.);
#1062=EDGE_CURVE('',#1256,#1259,#180,.T.);
#1063=EDGE_CURVE('',#1260,#1254,#181,.T.);
#1064=EDGE_CURVE('',#1252,#1260,#182,.T.);
#1065=EDGE_CURVE('',#1259,#1261,#183,.T.);
#1066=EDGE_CURVE('',#1257,#1261,#184,.T.);
#1067=EDGE_CURVE('',#1258,#1255,#424,.F.);
#1068=EDGE_CURVE('',#1261,#1260,#425,.T.);
#1069=EDGE_CURVE('',#1262,#1263,#426,.T.);
#1070=EDGE_CURVE('',#1262,#1264,#185,.T.);
#1071=EDGE_CURVE('',#1264,#1265,#427,.T.);
#1072=EDGE_CURVE('',#1265,#1263,#186,.T.);
#1073=EDGE_CURVE('',#1266,#1267,#428,.T.);
#1074=EDGE_CURVE('',#1267,#1268,#187,.T.);
#1075=EDGE_CURVE('',#1269,#1268,#429,.T.);
#1076=EDGE_CURVE('',#1269,#1266,#188,.F.);
#1077=EDGE_CURVE('',#1270,#1271,#430,.T.);
#1078=EDGE_CURVE('',#1271,#1267,#189,.T.);
#1079=EDGE_CURVE('',#1266,#1270,#190,.F.);
#1080=EDGE_CURVE('',#1272,#1273,#431,.T.);
#1081=EDGE_CURVE('',#1273,#1271,#191,.T.);
#1082=EDGE_CURVE('',#1270,#1272,#192,.F.);
#1083=EDGE_CURVE('',#1274,#1275,#432,.T.);
#1084=EDGE_CURVE('',#1274,#1276,#1325,.T.);
#1085=EDGE_CURVE('',#1276,#1262,#1326,.T.);
#1086=EDGE_CURVE('',#1263,#1277,#1327,.T.);
#1087=EDGE_CURVE('',#1277,#1275,#1328,.T.);
#1088=EDGE_CURVE('',#1275,#1273,#193,.T.);
#1089=EDGE_CURVE('',#1272,#1274,#194,.F.);
#1090=EDGE_CURVE('',#1278,#1239,#22,.T.);
#1091=EDGE_CURVE('',#1279,#1278,#195,.T.);
#1092=EDGE_CURVE('',#1251,#1279,#196,.F.);
#1093=EDGE_CURVE('',#1280,#1279,#197,.T.);
#1094=EDGE_CURVE('',#1281,#1280,#198,.T.);
#1095=EDGE_CURVE('',#1242,#1281,#199,.T.);
#1096=EDGE_CURVE('',#1282,#1276,#200,.T.);
#1097=EDGE_CURVE('',#1283,#1282,#201,.T.);
#1098=EDGE_CURVE('',#1264,#1283,#23,.T.);
#1099=EDGE_CURVE('',#1284,#1269,#202,.F.);
#1100=EDGE_CURVE('',#1285,#1284,#203,.F.);
#1101=EDGE_CURVE('',#1282,#1285,#204,.T.);
#1102=EDGE_CURVE('',#1286,#1280,#205,.T.);
#1103=EDGE_CURVE('',#1278,#1286,#206,.T.);
#1104=EDGE_CURVE('',#1285,#1287,#207,.T.);
#1105=EDGE_CURVE('',#1283,#1287,#208,.T.);
#1106=EDGE_CURVE('',#1284,#1281,#433,.F.);
#1107=EDGE_CURVE('',#1287,#1286,#434,.T.);
#1108=EDGE_CURVE('',#1288,#1288,#435,.T.);
#1109=EDGE_CURVE('',#1289,#1219,#436,.T.);
#1110=EDGE_CURVE('',#1289,#1290,#24,.T.);
#1111=EDGE_CURVE('',#1290,#1291,#209,.T.);
#1112=EDGE_CURVE('',#1291,#1292,#437,.T.);
#1113=EDGE_CURVE('',#1293,#1292,#210,.T.);
#1114=EDGE_CURVE('',#1293,#1265,#25,.T.);
#1115=EDGE_CURVE('',#1294,#1222,#438,.T.);
#1116=EDGE_CURVE('',#1294,#1289,#211,.T.);
#1117=EDGE_CURVE('',#1295,#1295,#439,.T.);
#1118=EDGE_CURVE('',#1296,#1296,#440,.T.);
#1119=EDGE_CURVE('',#1297,#1228,#441,.T.);
#1120=EDGE_CURVE('',#1268,#1298,#212,.T.);
#1121=EDGE_CURVE('',#1299,#1298,#442,.F.);
#1122=EDGE_CURVE('',#1299,#1297,#213,.F.);
#1123=EDGE_CURVE('',#1300,#1229,#443,.T.);
#1124=EDGE_CURVE('',#1297,#1300,#214,.F.);
#1125=EDGE_CURVE('',#1301,#1224,#444,.T.);
#1126=EDGE_CURVE('',#1300,#1301,#215,.F.);
#1127=EDGE_CURVE('',#1302,#1223,#445,.T.);
#1128=EDGE_CURVE('',#1301,#1302,#216,.F.);
#1129=EDGE_CURVE('',#1303,#1225,#446,.T.);
#1130=EDGE_CURVE('',#1302,#1303,#217,.F.);
#1131=EDGE_CURVE('',#1303,#1304,#1329,.T.);
#1132=EDGE_CURVE('',#1304,#1294,#1330,.T.);
#1133=EDGE_CURVE('',#1292,#1305,#218,.T.);
#1134=EDGE_CURVE('',#1305,#1306,#219,.T.);
#1135=EDGE_CURVE('',#1306,#1293,#220,.T.);
#1136=EDGE_CURVE('',#1290,#1307,#221,.T.);
#1137=EDGE_CURVE('',#1307,#1308,#222,.T.);
#1138=EDGE_CURVE('',#1308,#1291,#223,.T.);
#1139=EDGE_CURVE('',#1298,#1305,#224,.T.);
#1140=EDGE_CURVE('',#1308,#1299,#225,.F.);
#1141=EDGE_CURVE('',#1277,#1306,#226,.F.);
#1142=EDGE_CURVE('',#1307,#1304,#227,.T.);
#1143=VERTEX_POINT('',#2751);
#1144=VERTEX_POINT('',#2752);
#1145=VERTEX_POINT('',#2754);
#1146=VERTEX_POINT('',#2759);
#1147=VERTEX_POINT('',#2766);
#1148=VERTEX_POINT('',#2772);
#1149=VERTEX_POINT('',#2776);
#1150=VERTEX_POINT('',#2778);
#1151=VERTEX_POINT('',#2780);
#1152=VERTEX_POINT('',#2783);
#1153=VERTEX_POINT('',#2786);
#1154=VERTEX_POINT('',#2789);
#1155=VERTEX_POINT('',#2791);
#1156=VERTEX_POINT('',#2792);
#1157=VERTEX_POINT('',#3242);
#1158=VERTEX_POINT('',#3244);
#1159=VERTEX_POINT('',#3696);
#1160=VERTEX_POINT('',#3698);
#1161=VERTEX_POINT('',#3700);
#1162=VERTEX_POINT('',#3703);
#1163=VERTEX_POINT('',#3705);
#1164=VERTEX_POINT('',#3706);
#1165=VERTEX_POINT('',#3708);
#1166=VERTEX_POINT('',#3710);
#1167=VERTEX_POINT('',#3714);
#1168=VERTEX_POINT('',#3716);
#1169=VERTEX_POINT('',#3738);
#1170=VERTEX_POINT('',#3748);
#1171=VERTEX_POINT('',#3751);
#1172=VERTEX_POINT('',#3754);
#1173=VERTEX_POINT('',#3757);
#1174=VERTEX_POINT('',#3760);
#1175=VERTEX_POINT('',#3762);
#1176=VERTEX_POINT('',#3765);
#1177=VERTEX_POINT('',#3767);
#1178=VERTEX_POINT('',#3770);
#1179=VERTEX_POINT('',#3772);
#1180=VERTEX_POINT('',#3775);
#1181=VERTEX_POINT('',#3777);
#1182=VERTEX_POINT('',#3780);
#1183=VERTEX_POINT('',#3782);
#1184=VERTEX_POINT('',#3785);
#1185=VERTEX_POINT('',#3788);
#1186=VERTEX_POINT('',#3791);
#1187=VERTEX_POINT('',#3795);
#1188=VERTEX_POINT('',#3797);
#1189=VERTEX_POINT('',#3801);
#1190=VERTEX_POINT('',#3803);
#1191=VERTEX_POINT('',#3807);
#1192=VERTEX_POINT('',#3809);
#1193=VERTEX_POINT('',#3813);
#1194=VERTEX_POINT('',#3815);
#1195=VERTEX_POINT('',#3822);
#1196=VERTEX_POINT('',#3824);
#1197=VERTEX_POINT('',#5154);
#1198=VERTEX_POINT('',#6050);
#1199=VERTEX_POINT('',#6052);
#1200=VERTEX_POINT('',#6055);
#1201=VERTEX_POINT('',#6058);
#1202=VERTEX_POINT('',#6062);
#1203=VERTEX_POINT('',#6063);
#1204=VERTEX_POINT('',#6065);
#1205=VERTEX_POINT('',#6067);
#1206=VERTEX_POINT('',#6071);
#1207=VERTEX_POINT('',#6072);
#1208=VERTEX_POINT('',#6074);
#1209=VERTEX_POINT('',#6076);
#1210=VERTEX_POINT('',#6080);
#1211=VERTEX_POINT('',#6081);
#1212=VERTEX_POINT('',#6086);
#1213=VERTEX_POINT('',#6087);
#1214=VERTEX_POINT('',#6092);
#1215=VERTEX_POINT('',#6093);
#1216=VERTEX_POINT('',#6098);
#1217=VERTEX_POINT('',#6107);
#1218=VERTEX_POINT('',#6117);
#1219=VERTEX_POINT('',#6118);
#1220=VERTEX_POINT('',#6120);
#1221=VERTEX_POINT('',#6122);
#1222=VERTEX_POINT('',#6127);
#1223=VERTEX_POINT('',#6131);
#1224=VERTEX_POINT('',#6132);
#1225=VERTEX_POINT('',#6134);
#1226=VERTEX_POINT('',#6140);
#1227=VERTEX_POINT('',#6142);
#1228=VERTEX_POINT('',#6144);
#1229=VERTEX_POINT('',#6146);
#1230=VERTEX_POINT('',#6150);
#1231=VERTEX_POINT('',#6152);
#1232=VERTEX_POINT('',#6156);
#1233=VERTEX_POINT('',#6158);
#1234=VERTEX_POINT('',#6162);
#1235=VERTEX_POINT('',#6166);
#1236=VERTEX_POINT('',#6173);
#1237=VERTEX_POINT('',#6174);
#1238=VERTEX_POINT('',#6176);
#1239=VERTEX_POINT('',#6178);
#1240=VERTEX_POINT('',#6182);
#1241=VERTEX_POINT('',#6183);
#1242=VERTEX_POINT('',#6185);
#1243=VERTEX_POINT('',#6187);
#1244=VERTEX_POINT('',#6191);
#1245=VERTEX_POINT('',#6192);
#1246=VERTEX_POINT('',#6197);
#1247=VERTEX_POINT('',#6198);
#1248=VERTEX_POINT('',#6203);
#1249=VERTEX_POINT('',#6204);
#1250=VERTEX_POINT('',#6209);
#1251=VERTEX_POINT('',#6218);
#1252=VERTEX_POINT('',#6228);
#1253=VERTEX_POINT('',#6230);
#1254=VERTEX_POINT('',#6234);
#1255=VERTEX_POINT('',#6236);
#1256=VERTEX_POINT('',#6240);
#1257=VERTEX_POINT('',#6242);
#1258=VERTEX_POINT('',#6246);
#1259=VERTEX_POINT('',#6248);
#1260=VERTEX_POINT('',#6252);
#1261=VERTEX_POINT('',#6256);
#1262=VERTEX_POINT('',#6263);
#1263=VERTEX_POINT('',#6264);
#1264=VERTEX_POINT('',#6266);
#1265=VERTEX_POINT('',#6268);
#1266=VERTEX_POINT('',#6272);
#1267=VERTEX_POINT('',#6273);
#1268=VERTEX_POINT('',#6275);
#1269=VERTEX_POINT('',#6277);
#1270=VERTEX_POINT('',#6281);
#1271=VERTEX_POINT('',#6282);
#1272=VERTEX_POINT('',#6287);
#1273=VERTEX_POINT('',#6288);
#1274=VERTEX_POINT('',#6293);
#1275=VERTEX_POINT('',#6294);
#1276=VERTEX_POINT('',#6299);
#1277=VERTEX_POINT('',#6308);
#1278=VERTEX_POINT('',#6318);
#1279=VERTEX_POINT('',#6320);
#1280=VERTEX_POINT('',#6324);
#1281=VERTEX_POINT('',#6326);
#1282=VERTEX_POINT('',#6330);
#1283=VERTEX_POINT('',#6332);
#1284=VERTEX_POINT('',#6336);
#1285=VERTEX_POINT('',#6338);
#1286=VERTEX_POINT('',#6342);
#1287=VERTEX_POINT('',#6346);
#1288=VERTEX_POINT('',#6353);
#1289=VERTEX_POINT('',#6355);
#1290=VERTEX_POINT('',#6357);
#1291=VERTEX_POINT('',#6359);
#1292=VERTEX_POINT('',#6361);
#1293=VERTEX_POINT('',#6363);
#1294=VERTEX_POINT('',#6367);
#1295=VERTEX_POINT('',#6371);
#1296=VERTEX_POINT('',#6373);
#1297=VERTEX_POINT('',#6376);
#1298=VERTEX_POINT('',#6378);
#1299=VERTEX_POINT('',#6380);
#1300=VERTEX_POINT('',#6384);
#1301=VERTEX_POINT('',#6388);
#1302=VERTEX_POINT('',#6392);
#1303=VERTEX_POINT('',#6396);
#1304=VERTEX_POINT('',#6403);
#1305=VERTEX_POINT('',#6411);
#1306=VERTEX_POINT('',#6413);
#1307=VERTEX_POINT('',#6417);
#1308=VERTEX_POINT('',#6419);
#1309=B_SPLINE_CURVE_WITH_KNOTS('',3,(#2747,#2748,#2749,#2750),
 .UNSPECIFIED.,.F.,.F.,(4,4),(0.017156807023379,0.0197129902270626),
 .UNSPECIFIED.);
#1310=B_SPLINE_CURVE_WITH_KNOTS('',3,(#2755,#2756,#2757,#2758),
 .UNSPECIFIED.,.F.,.F.,(4,4),(0.017156807023379,0.0197129902270626),
 .UNSPECIFIED.);
#1311=B_SPLINE_CURVE_WITH_KNOTS('',3,(#2762,#2763,#2764,#2765),
 .UNSPECIFIED.,.F.,.F.,(4,4),(0.0197129902270626,0.0222728858688274),
 .UNSPECIFIED.);
#1312=B_SPLINE_CURVE_WITH_KNOTS('',3,(#2768,#2769,#2770,#2771),
 .UNSPECIFIED.,.F.,.F.,(4,4),(0.0197129902270626,0.0222728858688274),
 .UNSPECIFIED.);
#1313=B_SPLINE_CURVE_WITH_KNOTS('',3,(#3719,#3720,#3721,#3722,#3723,#3724,
#3725,#3726,#3727,#3728,#3729,#3730,#3731,#3732,#3733,#3734,#3735,#3736,
#3737),.UNSPECIFIED.,.F.,.F.,(4,1,1,1,1,1,1,1,1,1,1,1,1,1,1,1,4),(0.,0.00306699042323155,
0.0061339808464631,0.00920097126969465,0.0122679616929262,0.0153349521161578,
0.0184019425393893,0.0214689329626209,0.0245359233858524,0.027602913809084,
0.0306699042323155,0.0337368946555471,0.0368038850787786,0.0398708755020102,
0.0429378659252417,0.0460048563484733,0.0490718467717048),.UNSPECIFIED.);
#1314=B_SPLINE_CURVE_WITH_KNOTS('',3,(#3739,#3740,#3741,#3742,#3743,#3744,
#3745),.UNSPECIFIED.,.F.,.F.,(4,1,1,1,4),(0.,0.00449102101556556,0.00898204203113111,
0.0134730630466967,0.0179640840622622),.UNSPECIFIED.);
#1315=B_SPLINE_CURVE_WITH_KNOTS('',3,(#6094,#6095,#6096,#6097),
 .UNSPECIFIED.,.F.,.F.,(4,4),(0.,0.000110223100085258),.UNSPECIFIED.);
#1316=B_SPLINE_CURVE_WITH_KNOTS('',3,(#6099,#6100,#6101,#6102),
 .UNSPECIFIED.,.F.,.F.,(4,4),(0.000153198465915224,0.000309106220041729),
 .UNSPECIFIED.);
#1317=B_SPLINE_CURVE_WITH_KNOTS('',3,(#6103,#6104,#6105,#6106),
 .UNSPECIFIED.,.F.,.F.,(4,4),(1.78811203067275E-18,0.000156661541605591),
 .UNSPECIFIED.);
#1318=B_SPLINE_CURVE_WITH_KNOTS('',3,(#6108,#6109,#6110,#6111),
 .UNSPECIFIED.,.F.,.F.,(4,4),(0.000155658445893311,0.000265470640942562),
 .UNSPECIFIED.);
#1319=B_SPLINE_CURVE_WITH_KNOTS('',3,(#6123,#6124,#6125,#6126),
 .UNSPECIFIED.,.F.,.F.,(4,4),(1.78811203067275E-18,0.000156661541605591),
 .UNSPECIFIED.);
#1320=B_SPLINE_CURVE_WITH_KNOTS('',3,(#6135,#6136,#6137,#6138),
 .UNSPECIFIED.,.F.,.F.,(4,4),(0.000155658445893311,0.000265470640942562),
 .UNSPECIFIED.);
#1321=B_SPLINE_CURVE_WITH_KNOTS('',3,(#6205,#6206,#6207,#6208),
 .UNSPECIFIED.,.F.,.F.,(4,4),(0.,0.000110223100085258),.UNSPECIFIED.);
#1322=B_SPLINE_CURVE_WITH_KNOTS('',3,(#6210,#6211,#6212,#6213),
 .UNSPECIFIED.,.F.,.F.,(4,4),(0.000153198465915224,0.000309106220041729),
 .UNSPECIFIED.);
#1323=B_SPLINE_CURVE_WITH_KNOTS('',3,(#6214,#6215,#6216,#6217),
 .UNSPECIFIED.,.F.,.F.,(4,4),(1.78811203067275E-18,0.000156661541605591),
 .UNSPECIFIED.);
#1324=B_SPLINE_CURVE_WITH_KNOTS('',3,(#6219,#6220,#6221,#6222),
 .UNSPECIFIED.,.F.,.F.,(4,4),(0.000155658445893311,0.000265470640942562),
 .UNSPECIFIED.);
#1325=B_SPLINE_CURVE_WITH_KNOTS('',3,(#6295,#6296,#6297,#6298),
 .UNSPECIFIED.,.F.,.F.,(4,4),(0.,0.000110223100085258),.UNSPECIFIED.);
#1326=B_SPLINE_CURVE_WITH_KNOTS('',3,(#6300,#6301,#6302,#6303),
 .UNSPECIFIED.,.F.,.F.,(4,4),(0.000153198465915224,0.000309106220041729),
 .UNSPECIFIED.);
#1327=B_SPLINE_CURVE_WITH_KNOTS('',3,(#6304,#6305,#6306,#6307),
 .UNSPECIFIED.,.F.,.F.,(4,4),(1.78811203067275E-18,0.000156661541605591),
 .UNSPECIFIED.);
#1328=B_SPLINE_CURVE_WITH_KNOTS('',3,(#6309,#6310,#6311,#6312),
 .UNSPECIFIED.,.F.,.F.,(4,4),(0.000155658445893311,0.000265470640942562),
 .UNSPECIFIED.);
#1329=B_SPLINE_CURVE_WITH_KNOTS('',3,(#6399,#6400,#6401,#6402),
 .UNSPECIFIED.,.F.,.F.,(4,4),(0.,0.000110223100085258),.UNSPECIFIED.);
#1330=B_SPLINE_CURVE_WITH_KNOTS('',3,(#6404,#6405,#6406,#6407),
 .UNSPECIFIED.,.F.,.F.,(4,4),(0.000153198465915224,0.000309106220041729),
 .UNSPECIFIED.);
#1331=EDGE_LOOP('',(#447,#448,#449,#450));
#1332=EDGE_LOOP('',(#451,#452,#453,#454));
#1333=EDGE_LOOP('',(#455,#456,#457,#458,#459,#460,#461,#462));
#1334=EDGE_LOOP('',(#463));
#1335=EDGE_LOOP('',(#464));
#1336=EDGE_LOOP('',(#465,#466,#467,#468));
#1337=EDGE_LOOP('',(#469));
#1338=EDGE_LOOP('',(#470));
#1339=EDGE_LOOP('',(#471));
#1340=EDGE_LOOP('',(#472));
#1341=EDGE_LOOP('',(#473,#474,#475,#476));
#1342=EDGE_LOOP('',(#477));
#1343=EDGE_LOOP('',(#478));
#1344=EDGE_LOOP('',(#479,#480));
#1345=EDGE_LOOP('',(#481));
#1346=EDGE_LOOP('',(#482,#483,#484));
#1347=EDGE_LOOP('',(#485));
#1348=EDGE_LOOP('',(#486));
#1349=EDGE_LOOP('',(#487));
#1350=EDGE_LOOP('',(#488));
#1351=EDGE_LOOP('',(#489));
#1352=EDGE_LOOP('',(#490));
#1353=EDGE_LOOP('',(#491));
#1354=EDGE_LOOP('',(#492));
#1355=EDGE_LOOP('',(#493));
#1356=EDGE_LOOP('',(#494));
#1357=EDGE_LOOP('',(#495));
#1358=EDGE_LOOP('',(#496));
#1359=EDGE_LOOP('',(#497));
#1360=EDGE_LOOP('',(#498));
#1361=EDGE_LOOP('',(#499));
#1362=EDGE_LOOP('',(#500));
#1363=EDGE_LOOP('',(#501));
#1364=EDGE_LOOP('',(#502));
#1365=EDGE_LOOP('',(#503));
#1366=EDGE_LOOP('',(#504));
#1367=EDGE_LOOP('',(#505));
#1368=EDGE_LOOP('',(#506));
#1369=EDGE_LOOP('',(#507));
#1370=EDGE_LOOP('',(#508));
#1371=EDGE_LOOP('',(#509));
#1372=EDGE_LOOP('',(#510));
#1373=EDGE_LOOP('',(#511));
#1374=EDGE_LOOP('',(#512,#513,#514,#515));
#1375=EDGE_LOOP('',(#516,#517,#518,#519));
#1376=EDGE_LOOP('',(#520,#521,#522,#523));
#1377=EDGE_LOOP('',(#524,#525,#526,#527));
#1378=EDGE_LOOP('',(#528,#529,#530,#531));
#1379=EDGE_LOOP('',(#532));
#1380=EDGE_LOOP('',(#533));
#1381=EDGE_LOOP('',(#534));
#1382=EDGE_LOOP('',(#535,#536,#537,#538,#539,#540));
#1383=EDGE_LOOP('',(#541));
#1384=EDGE_LOOP('',(#542,#543,#544,#545,#546,#547));
#1385=EDGE_LOOP('',(#548,#549,#550,#551));
#1386=EDGE_LOOP('',(#552,#553,#554,#555));
#1387=EDGE_LOOP('',(#556,#557,#558));
#1388=EDGE_LOOP('',(#559,#560,#561,#562,#563));
#1389=EDGE_LOOP('',(#564,#565));
#1390=EDGE_LOOP('',(#566,#567,#568,#569,#570));
#1391=EDGE_LOOP('',(#571,#572));
#1392=EDGE_LOOP('',(#573));
#1393=EDGE_LOOP('',(#574));
#1394=EDGE_LOOP('',(#575));
#1395=EDGE_LOOP('',(#576));
#1396=EDGE_LOOP('',(#577));
#1397=EDGE_LOOP('',(#578));
#1398=EDGE_LOOP('',(#579));
#1399=EDGE_LOOP('',(#580));
#1400=EDGE_LOOP('',(#581));
#1401=EDGE_LOOP('',(#582));
#1402=EDGE_LOOP('',(#583));
#1403=EDGE_LOOP('',(#584));
#1404=EDGE_LOOP('',(#585));
#1405=EDGE_LOOP('',(#586));
#1406=EDGE_LOOP('',(#587));
#1407=EDGE_LOOP('',(#588));
#1408=EDGE_LOOP('',(#589));
#1409=EDGE_LOOP('',(#590));
#1410=EDGE_LOOP('',(#591));
#1411=EDGE_LOOP('',(#592));
#1412=EDGE_LOOP('',(#593,#594,#595,#596));
#1413=EDGE_LOOP('',(#597,#598,#599,#600));
#1414=EDGE_LOOP('',(#601,#602,#603,#604));
#1415=EDGE_LOOP('',(#605,#606,#607,#608));
#1416=EDGE_LOOP('',(#609,#610,#611,#612,#613,#614));
#1417=EDGE_LOOP('',(#615,#616,#617,#618));
#1418=EDGE_LOOP('',(#619,#620,#621,#622,#623));
#1419=EDGE_LOOP('',(#624,#625,#626,#627,#628,#629,#630,#631,#632));
#1420=EDGE_LOOP('',(#633,#634,#635,#636,#637));
#1421=EDGE_LOOP('',(#638,#639,#640,#641,#642,#643,#644,#645,#646));
#1422=EDGE_LOOP('',(#647,#648,#649,#650));
#1423=EDGE_LOOP('',(#651,#652,#653,#654));
#1424=EDGE_LOOP('',(#655,#656,#657,#658,#659,#660));
#1425=EDGE_LOOP('',(#661,#662,#663,#664));
#1426=EDGE_LOOP('',(#665,#666,#667,#668));
#1427=EDGE_LOOP('',(#669,#670,#671,#672));
#1428=EDGE_LOOP('',(#673,#674,#675,#676));
#1429=EDGE_LOOP('',(#677,#678,#679,#680,#681,#682));
#1430=EDGE_LOOP('',(#683,#684,#685,#686));
#1431=EDGE_LOOP('',(#687,#688,#689,#690,#691));
#1432=EDGE_LOOP('',(#692,#693,#694,#695,#696,#697,#698,#699,#700));
#1433=EDGE_LOOP('',(#701,#702,#703,#704,#705));
#1434=EDGE_LOOP('',(#706,#707,#708,#709,#710,#711,#712,#713,#714));
#1435=EDGE_LOOP('',(#715,#716,#717,#718));
#1436=EDGE_LOOP('',(#719,#720,#721,#722));
#1437=EDGE_LOOP('',(#723,#724,#725,#726,#727,#728));
#1438=EDGE_LOOP('',(#729,#730,#731,#732));
#1439=EDGE_LOOP('',(#733,#734,#735,#736));
#1440=EDGE_LOOP('',(#737,#738,#739,#740));
#1441=EDGE_LOOP('',(#741,#742,#743,#744));
#1442=EDGE_LOOP('',(#745,#746,#747,#748,#749,#750));
#1443=EDGE_LOOP('',(#751,#752,#753,#754));
#1444=EDGE_LOOP('',(#755,#756,#757,#758,#759));
#1445=EDGE_LOOP('',(#760,#761,#762,#763,#764,#765,#766,#767,#768));
#1446=EDGE_LOOP('',(#769,#770,#771,#772,#773));
#1447=EDGE_LOOP('',(#774,#775,#776,#777,#778,#779,#780,#781,#782));
#1448=EDGE_LOOP('',(#783,#784,#785,#786));
#1449=EDGE_LOOP('',(#787,#788,#789,#790));
#1450=EDGE_LOOP('',(#791,#792,#793,#794,#795,#796));
#1451=EDGE_LOOP('',(#797));
#1452=EDGE_LOOP('',(#798,#799,#800,#801,#802,#803,#804,#805,#806,#807,#808,
#809,#810,#811,#812,#813,#814,#815,#816,#817,#818,#819,#820,#821));
#1453=EDGE_LOOP('',(#822,#823,#824,#825));
#1454=EDGE_LOOP('',(#826));
#1455=EDGE_LOOP('',(#827));
#1456=EDGE_LOOP('',(#828,#829,#830,#831,#832,#833,#834,#835,#836,#837,#838,
#839,#840,#841,#842,#843));
#1457=EDGE_LOOP('',(#844));
#1458=EDGE_LOOP('',(#845,#846,#847,#848));
#1459=EDGE_LOOP('',(#849,#850,#851,#852));
#1460=EDGE_LOOP('',(#853,#854,#855,#856));
#1461=EDGE_LOOP('',(#857,#858,#859,#860));
#1462=EDGE_LOOP('',(#861,#862,#863,#864,#865,#866));
#1463=EDGE_LOOP('',(#867));
#1464=EDGE_LOOP('',(#868));
#1465=EDGE_LOOP('',(#869,#870,#871,#872));
#1466=EDGE_LOOP('',(#873,#874,#875,#876));
#1467=EDGE_LOOP('',(#877,#878,#879,#880,#881,#882));
#1468=EDGE_LOOP('',(#883,#884,#885,#886,#887));
#1469=EDGE_LOOP('',(#888,#889,#890,#891,#892,#893,#894,#895,#896));
#1470=EDGE_LOOP('',(#897,#898,#899,#900,#901));
#1471=EDGE_LOOP('',(#902,#903,#904,#905,#906,#907,#908,#909,#910));
#1472=FACE_BOUND('',#1331,.T.);
#1473=FACE_BOUND('',#1332,.T.);
#1474=FACE_BOUND('',#1333,.T.);
#1475=FACE_BOUND('',#1334,.T.);
#1476=FACE_BOUND('',#1335,.T.);
#1477=FACE_BOUND('',#1336,.T.);
#1478=FACE_BOUND('',#1337,.T.);
#1479=FACE_BOUND('',#1338,.T.);
#1480=FACE_BOUND('',#101,.T.);
#1481=FACE_BOUND('',#1339,.T.);
#1482=FACE_BOUND('',#1340,.T.);
#1483=FACE_BOUND('',#1341,.T.);
#1484=FACE_BOUND('',#1342,.T.);
#1485=FACE_BOUND('',#1343,.T.);
#1486=FACE_BOUND('',#1344,.T.);
#1487=FACE_BOUND('',#1345,.T.);
#1488=FACE_BOUND('',#1346,.T.);
#1489=FACE_BOUND('',#1347,.T.);
#1490=FACE_BOUND('',#1348,.T.);
#1491=FACE_BOUND('',#1349,.T.);
#1492=FACE_BOUND('',#1350,.T.);
#1493=FACE_BOUND('',#1351,.T.);
#1494=FACE_BOUND('',#1352,.T.);
#1495=FACE_BOUND('',#1353,.T.);
#1496=FACE_BOUND('',#1354,.T.);
#1497=FACE_BOUND('',#1355,.T.);
#1498=FACE_BOUND('',#1356,.T.);
#1499=FACE_BOUND('',#1357,.T.);
#1500=FACE_BOUND('',#1358,.T.);
#1501=FACE_BOUND('',#1359,.T.);
#1502=FACE_BOUND('',#1360,.T.);
#1503=FACE_BOUND('',#1361,.T.);
#1504=FACE_BOUND('',#1362,.T.);
#1505=FACE_BOUND('',#1363,.T.);
#1506=FACE_BOUND('',#1364,.T.);
#1507=FACE_BOUND('',#1365,.T.);
#1508=FACE_BOUND('',#1366,.T.);
#1509=FACE_BOUND('',#1367,.T.);
#1510=FACE_BOUND('',#1368,.T.);
#1511=FACE_BOUND('',#1369,.T.);
#1512=FACE_BOUND('',#1370,.T.);
#1513=FACE_BOUND('',#1371,.T.);
#1514=FACE_BOUND('',#1372,.T.);
#1515=FACE_BOUND('',#1373,.T.);
#1516=FACE_BOUND('',#1374,.T.);
#1517=FACE_BOUND('',#1375,.T.);
#1518=FACE_BOUND('',#1376,.T.);
#1519=FACE_BOUND('',#1377,.T.);
#1520=FACE_BOUND('',#1378,.T.);
#1521=FACE_BOUND('',#1379,.T.);
#1522=FACE_BOUND('',#1380,.T.);
#1523=FACE_BOUND('',#1381,.T.);
#1524=FACE_BOUND('',#1382,.T.);
#1525=FACE_BOUND('',#1383,.T.);
#1526=FACE_BOUND('',#1384,.T.);
#1527=FACE_BOUND('',#1385,.T.);
#1528=FACE_BOUND('',#1386,.T.);
#1529=FACE_BOUND('',#1387,.T.);
#1530=FACE_BOUND('',#1388,.T.);
#1531=FACE_BOUND('',#1389,.T.);
#1532=FACE_BOUND('',#1390,.T.);
#1533=FACE_BOUND('',#1391,.T.);
#1534=FACE_BOUND('',#1392,.T.);
#1535=FACE_BOUND('',#1393,.T.);
#1536=FACE_BOUND('',#1394,.T.);
#1537=FACE_BOUND('',#1395,.T.);
#1538=FACE_BOUND('',#1396,.T.);
#1539=FACE_BOUND('',#1397,.T.);
#1540=FACE_BOUND('',#1398,.T.);
#1541=FACE_BOUND('',#1399,.T.);
#1542=FACE_BOUND('',#1400,.T.);
#1543=FACE_BOUND('',#1401,.T.);
#1544=FACE_BOUND('',#1402,.T.);
#1545=FACE_BOUND('',#1403,.T.);
#1546=FACE_BOUND('',#1404,.T.);
#1547=FACE_BOUND('',#1405,.T.);
#1548=FACE_BOUND('',#1406,.T.);
#1549=FACE_BOUND('',#1407,.T.);
#1550=FACE_BOUND('',#1408,.T.);
#1551=FACE_BOUND('',#1409,.T.);
#1552=FACE_BOUND('',#1410,.T.);
#1553=FACE_BOUND('',#1411,.T.);
#1554=FACE_BOUND('',#1412,.T.);
#1555=FACE_BOUND('',#1413,.T.);
#1556=FACE_BOUND('',#1414,.T.);
#1557=FACE_BOUND('',#1415,.T.);
#1558=FACE_BOUND('',#1416,.T.);
#1559=FACE_BOUND('',#1417,.T.);
#1560=FACE_BOUND('',#1418,.T.);
#1561=FACE_BOUND('',#1419,.T.);
#1562=FACE_BOUND('',#1420,.T.);
#1563=FACE_BOUND('',#1421,.T.);
#1564=FACE_BOUND('',#1422,.T.);
#1565=FACE_BOUND('',#1423,.T.);
#1566=FACE_BOUND('',#1424,.T.);
#1567=FACE_BOUND('',#1425,.T.);
#1568=FACE_BOUND('',#1426,.T.);
#1569=FACE_BOUND('',#1427,.T.);
#1570=FACE_BOUND('',#1428,.T.);
#1571=FACE_BOUND('',#1429,.T.);
#1572=FACE_BOUND('',#1430,.T.);
#1573=FACE_BOUND('',#1431,.T.);
#1574=FACE_BOUND('',#1432,.T.);
#1575=FACE_BOUND('',#1433,.T.);
#1576=FACE_BOUND('',#1434,.T.);
#1577=FACE_BOUND('',#1435,.T.);
#1578=FACE_BOUND('',#1436,.T.);
#1579=FACE_BOUND('',#1437,.T.);
#1580=FACE_BOUND('',#1438,.T.);
#1581=FACE_BOUND('',#1439,.T.);
#1582=FACE_BOUND('',#1440,.T.);
#1583=FACE_BOUND('',#1441,.T.);
#1584=FACE_BOUND('',#1442,.T.);
#1585=FACE_BOUND('',#1443,.T.);
#1586=FACE_BOUND('',#1444,.T.);
#1587=FACE_BOUND('',#1445,.T.);
#1588=FACE_BOUND('',#1446,.T.);
#1589=FACE_BOUND('',#1447,.T.);
#1590=FACE_BOUND('',#1448,.T.);
#1591=FACE_BOUND('',#1449,.T.);
#1592=FACE_BOUND('',#1450,.T.);
#1593=FACE_BOUND('',#1451,.T.);
#1594=FACE_BOUND('',#1452,.T.);
#1595=FACE_BOUND('',#1453,.T.);
#1596=FACE_BOUND('',#1454,.T.);
#1597=FACE_BOUND('',#1455,.T.);
#1598=FACE_BOUND('',#1456,.T.);
#1599=FACE_BOUND('',#1457,.T.);
#1600=FACE_BOUND('',#1458,.T.);
#1601=FACE_BOUND('',#1459,.T.);
#1602=FACE_BOUND('',#1460,.T.);
#1603=FACE_BOUND('',#1461,.T.);
#1604=FACE_BOUND('',#1462,.T.);
#1605=FACE_BOUND('',#1463,.T.);
#1606=FACE_BOUND('',#1464,.T.);
#1607=FACE_BOUND('',#1465,.T.);
#1608=FACE_BOUND('',#1466,.T.);
#1609=FACE_BOUND('',#1467,.T.);
#1610=FACE_BOUND('',#1468,.T.);
#1611=FACE_BOUND('',#1469,.T.);
#1612=FACE_BOUND('',#1470,.T.);
#1613=FACE_BOUND('',#1471,.T.);
#1614=CONICAL_SURFACE('',#2062,4.74937771167274,0.833589361705423);
#1615=CONICAL_SURFACE('',#2065,4.74937771167274,0.833589361705423);
#1616=CONICAL_SURFACE('',#2078,2.,1.00896522967197);
#1617=CONICAL_SURFACE('',#2085,5.35753273777021,0.833589361705421);
#1618=CONICAL_SURFACE('',#2090,7.25,0.737206965089476);
#1619=CONICAL_SURFACE('',#2115,2.3844988730184,0.756053217868168);
#1620=CONICAL_SURFACE('',#2135,4.77279674904521,0.785398163397446);
#1621=CONICAL_SURFACE('',#2137,6.05374869285178,0.992622314598868);
#1622=CONICAL_SURFACE('',#2140,7.21159100435452,0.578174012196029);
#1623=CONICAL_SURFACE('',#2142,7.4914954231147,0.992622314598868);
#1624=CONICAL_SURFACE('',#2144,6.33365311161196,0.578174012196026);
#1625=STYLED_ITEM('',(#1671),#1949);
#1626=STYLED_ITEM('',(#1672),#1950);
#1627=STYLED_ITEM('',(#1673),#1951);
#1628=STYLED_ITEM('',(#1674),#1952);
#1629=STYLED_ITEM('',(#1675),#1953);
#1630=STYLED_ITEM('',(#1676),#1954);
#1631=STYLED_ITEM('',(#1677),#1955);
#1632=STYLED_ITEM('',(#1678),#1956);
#1633=STYLED_ITEM('',(#1679),#1957);
#1634=STYLED_ITEM('',(#1680),#1958);
#1635=STYLED_ITEM('',(#1681),#1959);
#1636=STYLED_ITEM('',(#1682),#1960);
#1637=STYLED_ITEM('',(#1683),#1961);
#1638=STYLED_ITEM('',(#1684),#1962);
#1639=STYLED_ITEM('',(#1685),#1963);
#1640=STYLED_ITEM('',(#1686),#1964);
#1641=STYLED_ITEM('',(#1687),#1965);
#1642=STYLED_ITEM('',(#1688),#1966);
#1643=STYLED_ITEM('',(#1689),#1967);
#1644=STYLED_ITEM('',(#1690),#1968);
#1645=STYLED_ITEM('',(#1691),#1969);
#1646=STYLED_ITEM('',(#1692),#1970);
#1647=STYLED_ITEM('',(#1693),#1971);
#1648=STYLED_ITEM('',(#1694),#1972);
#1649=STYLED_ITEM('',(#1695),#1973);
#1650=STYLED_ITEM('',(#1696),#1974);
#1651=STYLED_ITEM('',(#1697),#1975);
#1652=STYLED_ITEM('',(#1698),#1976);
#1653=STYLED_ITEM('',(#1699),#1977);
#1654=STYLED_ITEM('',(#1700),#1978);
#1655=STYLED_ITEM('',(#1701),#1979);
#1656=STYLED_ITEM('',(#1702),#1980);
#1657=STYLED_ITEM('',(#1703),#1981);
#1658=STYLED_ITEM('',(#1704),#1982);
#1659=STYLED_ITEM('',(#1705),#1983);
#1660=STYLED_ITEM('',(#1706),#1984);
#1661=STYLED_ITEM('',(#1707),#1985);
#1662=STYLED_ITEM('',(#1708),#1986);
#1663=STYLED_ITEM('',(#1709),#1987);
#1664=STYLED_ITEM('',(#1710),#1988);
#1665=STYLED_ITEM('',(#1711),#1989);
#1666=STYLED_ITEM('',(#1712),#1990);
#1667=STYLED_ITEM('',(#1713),#1991);
#1668=STYLED_ITEM('',(#1714),#1992);
#1669=STYLED_ITEM('',(#1715),#2057);
#1670=STYLED_ITEM('',(#1716),#2058);
#1671=PRESENTATION_STYLE_ASSIGNMENT((#1717));
#1672=PRESENTATION_STYLE_ASSIGNMENT((#1718));
#1673=PRESENTATION_STYLE_ASSIGNMENT((#1719));
#1674=PRESENTATION_STYLE_ASSIGNMENT((#1720));
#1675=PRESENTATION_STYLE_ASSIGNMENT((#1721));
#1676=PRESENTATION_STYLE_ASSIGNMENT((#1722));
#1677=PRESENTATION_STYLE_ASSIGNMENT((#1723));
#1678=PRESENTATION_STYLE_ASSIGNMENT((#1724));
#1679=PRESENTATION_STYLE_ASSIGNMENT((#1725));
#1680=PRESENTATION_STYLE_ASSIGNMENT((#1726));
#1681=PRESENTATION_STYLE_ASSIGNMENT((#1727));
#1682=PRESENTATION_STYLE_ASSIGNMENT((#1728));
#1683=PRESENTATION_STYLE_ASSIGNMENT((#1729));
#1684=PRESENTATION_STYLE_ASSIGNMENT((#1730));
#1685=PRESENTATION_STYLE_ASSIGNMENT((#1731));
#1686=PRESENTATION_STYLE_ASSIGNMENT((#1732));
#1687=PRESENTATION_STYLE_ASSIGNMENT((#1733));
#1688=PRESENTATION_STYLE_ASSIGNMENT((#1734));
#1689=PRESENTATION_STYLE_ASSIGNMENT((#1735));
#1690=PRESENTATION_STYLE_ASSIGNMENT((#1736));
#1691=PRESENTATION_STYLE_ASSIGNMENT((#1737));
#1692=PRESENTATION_STYLE_ASSIGNMENT((#1738));
#1693=PRESENTATION_STYLE_ASSIGNMENT((#1739));
#1694=PRESENTATION_STYLE_ASSIGNMENT((#1740));
#1695=PRESENTATION_STYLE_ASSIGNMENT((#1741));
#1696=PRESENTATION_STYLE_ASSIGNMENT((#1742));
#1697=PRESENTATION_STYLE_ASSIGNMENT((#1743));
#1698=PRESENTATION_STYLE_ASSIGNMENT((#1744));
#1699=PRESENTATION_STYLE_ASSIGNMENT((#1745));
#1700=PRESENTATION_STYLE_ASSIGNMENT((#1746));
#1701=PRESENTATION_STYLE_ASSIGNMENT((#1747));
#1702=PRESENTATION_STYLE_ASSIGNMENT((#1748));
#1703=PRESENTATION_STYLE_ASSIGNMENT((#1749));
#1704=PRESENTATION_STYLE_ASSIGNMENT((#1750));
#1705=PRESENTATION_STYLE_ASSIGNMENT((#1751));
#1706=PRESENTATION_STYLE_ASSIGNMENT((#1752));
#1707=PRESENTATION_STYLE_ASSIGNMENT((#1753));
#1708=PRESENTATION_STYLE_ASSIGNMENT((#1754));
#1709=PRESENTATION_STYLE_ASSIGNMENT((#1755));
#1710=PRESENTATION_STYLE_ASSIGNMENT((#1756));
#1711=PRESENTATION_STYLE_ASSIGNMENT((#1757));
#1712=PRESENTATION_STYLE_ASSIGNMENT((#1758));
#1713=PRESENTATION_STYLE_ASSIGNMENT((#1759));
#1714=PRESENTATION_STYLE_ASSIGNMENT((#1760));
#1715=PRESENTATION_STYLE_ASSIGNMENT((#1761));
#1716=PRESENTATION_STYLE_ASSIGNMENT((#1762));
#1717=SURFACE_STYLE_USAGE(.BOTH.,#1763);
#1718=SURFACE_STYLE_USAGE(.BOTH.,#1764);
#1719=SURFACE_STYLE_USAGE(.BOTH.,#1765);
#1720=SURFACE_STYLE_USAGE(.BOTH.,#1766);
#1721=SURFACE_STYLE_USAGE(.BOTH.,#1767);
#1722=SURFACE_STYLE_USAGE(.BOTH.,#1768);
#1723=SURFACE_STYLE_USAGE(.BOTH.,#1769);
#1724=SURFACE_STYLE_USAGE(.BOTH.,#1770);
#1725=SURFACE_STYLE_USAGE(.BOTH.,#1771);
#1726=SURFACE_STYLE_USAGE(.BOTH.,#1772);
#1727=SURFACE_STYLE_USAGE(.BOTH.,#1773);
#1728=SURFACE_STYLE_USAGE(.BOTH.,#1774);
#1729=SURFACE_STYLE_USAGE(.BOTH.,#1775);
#1730=SURFACE_STYLE_USAGE(.BOTH.,#1776);
#1731=SURFACE_STYLE_USAGE(.BOTH.,#1777);
#1732=SURFACE_STYLE_USAGE(.BOTH.,#1778);
#1733=SURFACE_STYLE_USAGE(.BOTH.,#1779);
#1734=SURFACE_STYLE_USAGE(.BOTH.,#1780);
#1735=SURFACE_STYLE_USAGE(.BOTH.,#1781);
#1736=SURFACE_STYLE_USAGE(.BOTH.,#1782);
#1737=SURFACE_STYLE_USAGE(.BOTH.,#1783);
#1738=SURFACE_STYLE_USAGE(.BOTH.,#1784);
#1739=SURFACE_STYLE_USAGE(.BOTH.,#1785);
#1740=SURFACE_STYLE_USAGE(.BOTH.,#1786);
#1741=SURFACE_STYLE_USAGE(.BOTH.,#1787);
#1742=SURFACE_STYLE_USAGE(.BOTH.,#1788);
#1743=SURFACE_STYLE_USAGE(.BOTH.,#1789);
#1744=SURFACE_STYLE_USAGE(.BOTH.,#1790);
#1745=SURFACE_STYLE_USAGE(.BOTH.,#1791);
#1746=SURFACE_STYLE_USAGE(.BOTH.,#1792);
#1747=SURFACE_STYLE_USAGE(.BOTH.,#1793);
#1748=SURFACE_STYLE_USAGE(.BOTH.,#1794);
#1749=SURFACE_STYLE_USAGE(.BOTH.,#1795);
#1750=SURFACE_STYLE_USAGE(.BOTH.,#1796);
#1751=SURFACE_STYLE_USAGE(.BOTH.,#1797);
#1752=SURFACE_STYLE_USAGE(.BOTH.,#1798);
#1753=SURFACE_STYLE_USAGE(.BOTH.,#1799);
#1754=SURFACE_STYLE_USAGE(.BOTH.,#1800);
#1755=SURFACE_STYLE_USAGE(.BOTH.,#1801);
#1756=SURFACE_STYLE_USAGE(.BOTH.,#1802);
#1757=SURFACE_STYLE_USAGE(.BOTH.,#1803);
#1758=SURFACE_STYLE_USAGE(.BOTH.,#1804);
#1759=SURFACE_STYLE_USAGE(.BOTH.,#1805);
#1760=SURFACE_STYLE_USAGE(.BOTH.,#1806);
#1761=SURFACE_STYLE_USAGE(.BOTH.,#1807);
#1762=SURFACE_STYLE_USAGE(.BOTH.,#1808);
#1763=SURFACE_SIDE_STYLE('',(#1809));
#1764=SURFACE_SIDE_STYLE('',(#1810));
#1765=SURFACE_SIDE_STYLE('',(#1811));
#1766=SURFACE_SIDE_STYLE('',(#1812));
#1767=SURFACE_SIDE_STYLE('',(#1813));
#1768=SURFACE_SIDE_STYLE('',(#1814));
#1769=SURFACE_SIDE_STYLE('',(#1815));
#1770=SURFACE_SIDE_STYLE('',(#1816));
#1771=SURFACE_SIDE_STYLE('',(#1817));
#1772=SURFACE_SIDE_STYLE('',(#1818));
#1773=SURFACE_SIDE_STYLE('',(#1819));
#1774=SURFACE_SIDE_STYLE('',(#1820));
#1775=SURFACE_SIDE_STYLE('',(#1821));
#1776=SURFACE_SIDE_STYLE('',(#1822));
#1777=SURFACE_SIDE_STYLE('',(#1823));
#1778=SURFACE_SIDE_STYLE('',(#1824));
#1779=SURFACE_SIDE_STYLE('',(#1825));
#1780=SURFACE_SIDE_STYLE('',(#1826));
#1781=SURFACE_SIDE_STYLE('',(#1827));
#1782=SURFACE_SIDE_STYLE('',(#1828));
#1783=SURFACE_SIDE_STYLE('',(#1829));
#1784=SURFACE_SIDE_STYLE('',(#1830));
#1785=SURFACE_SIDE_STYLE('',(#1831));
#1786=SURFACE_SIDE_STYLE('',(#1832));
#1787=SURFACE_SIDE_STYLE('',(#1833));
#1788=SURFACE_SIDE_STYLE('',(#1834));
#1789=SURFACE_SIDE_STYLE('',(#1835));
#1790=SURFACE_SIDE_STYLE('',(#1836));
#1791=SURFACE_SIDE_STYLE('',(#1837));
#1792=SURFACE_SIDE_STYLE('',(#1838));
#1793=SURFACE_SIDE_STYLE('',(#1839));
#1794=SURFACE_SIDE_STYLE('',(#1840));
#1795=SURFACE_SIDE_STYLE('',(#1841));
#1796=SURFACE_SIDE_STYLE('',(#1842));
#1797=SURFACE_SIDE_STYLE('',(#1843));
#1798=SURFACE_SIDE_STYLE('',(#1844));
#1799=SURFACE_SIDE_STYLE('',(#1845));
#1800=SURFACE_SIDE_STYLE('',(#1846));
#1801=SURFACE_SIDE_STYLE('',(#1847));
#1802=SURFACE_SIDE_STYLE('',(#1848));
#1803=SURFACE_SIDE_STYLE('',(#1849));
#1804=SURFACE_SIDE_STYLE('',(#1850));
#1805=SURFACE_SIDE_STYLE('',(#1851));
#1806=SURFACE_SIDE_STYLE('',(#1852));
#1807=SURFACE_SIDE_STYLE('',(#1853));
#1808=SURFACE_SIDE_STYLE('',(#1854));
#1809=SURFACE_STYLE_FILL_AREA(#1855);
#1810=SURFACE_STYLE_FILL_AREA(#1856);
#1811=SURFACE_STYLE_FILL_AREA(#1857);
#1812=SURFACE_STYLE_FILL_AREA(#1858);
#1813=SURFACE_STYLE_FILL_AREA(#1859);
#1814=SURFACE_STYLE_FILL_AREA(#1860);
#1815=SURFACE_STYLE_FILL_AREA(#1861);
#1816=SURFACE_STYLE_FILL_AREA(#1862);
#1817=SURFACE_STYLE_FILL_AREA(#1863);
#1818=SURFACE_STYLE_FILL_AREA(#1864);
#1819=SURFACE_STYLE_FILL_AREA(#1865);
#1820=SURFACE_STYLE_FILL_AREA(#1866);
#1821=SURFACE_STYLE_FILL_AREA(#1867);
#1822=SURFACE_STYLE_FILL_AREA(#1868);
#1823=SURFACE_STYLE_FILL_AREA(#1869);
#1824=SURFACE_STYLE_FILL_AREA(#1870);
#1825=SURFACE_STYLE_FILL_AREA(#1871);
#1826=SURFACE_STYLE_FILL_AREA(#1872);
#1827=SURFACE_STYLE_FILL_AREA(#1873);
#1828=SURFACE_STYLE_FILL_AREA(#1874);
#1829=SURFACE_STYLE_FILL_AREA(#1875);
#1830=SURFACE_STYLE_FILL_AREA(#1876);
#1831=SURFACE_STYLE_FILL_AREA(#1877);
#1832=SURFACE_STYLE_FILL_AREA(#1878);
#1833=SURFACE_STYLE_FILL_AREA(#1879);
#1834=SURFACE_STYLE_FILL_AREA(#1880);
#1835=SURFACE_STYLE_FILL_AREA(#1881);
#1836=SURFACE_STYLE_FILL_AREA(#1882);
#1837=SURFACE_STYLE_FILL_AREA(#1883);
#1838=SURFACE_STYLE_FILL_AREA(#1884);
#1839=SURFACE_STYLE_FILL_AREA(#1885);
#1840=SURFACE_STYLE_FILL_AREA(#1886);
#1841=SURFACE_STYLE_FILL_AREA(#1887);
#1842=SURFACE_STYLE_FILL_AREA(#1888);
#1843=SURFACE_STYLE_FILL_AREA(#1889);
#1844=SURFACE_STYLE_FILL_AREA(#1890);
#1845=SURFACE_STYLE_FILL_AREA(#1891);
#1846=SURFACE_STYLE_FILL_AREA(#1892);
#1847=SURFACE_STYLE_FILL_AREA(#1893);
#1848=SURFACE_STYLE_FILL_AREA(#1894);
#1849=SURFACE_STYLE_FILL_AREA(#1895);
#1850=SURFACE_STYLE_FILL_AREA(#1896);
#1851=SURFACE_STYLE_FILL_AREA(#1897);
#1852=SURFACE_STYLE_FILL_AREA(#1898);
#1853=SURFACE_STYLE_FILL_AREA(#1899);
#1854=SURFACE_STYLE_FILL_AREA(#1900);
#1855=FILL_AREA_STYLE('',(#1901));
#1856=FILL_AREA_STYLE('',(#1902));
#1857=FILL_AREA_STYLE('',(#1903));
#1858=FILL_AREA_STYLE('',(#1904));
#1859=FILL_AREA_STYLE('',(#1905));
#1860=FILL_AREA_STYLE('',(#1906));
#1861=FILL_AREA_STYLE('',(#1907));
#1862=FILL_AREA_STYLE('',(#1908));
#1863=FILL_AREA_STYLE('',(#1909));
#1864=FILL_AREA_STYLE('',(#1910));
#1865=FILL_AREA_STYLE('',(#1911));
#1866=FILL_AREA_STYLE('',(#1912));
#1867=FILL_AREA_STYLE('',(#1913));
#1868=FILL_AREA_STYLE('',(#1914));
#1869=FILL_AREA_STYLE('',(#1915));
#1870=FILL_AREA_STYLE('',(#1916));
#1871=FILL_AREA_STYLE('',(#1917));
#1872=FILL_AREA_STYLE('',(#1918));
#1873=FILL_AREA_STYLE('',(#1919));
#1874=FILL_AREA_STYLE('',(#1920));
#1875=FILL_AREA_STYLE('',(#1921));
#1876=FILL_AREA_STYLE('',(#1922));
#1877=FILL_AREA_STYLE('',(#1923));
#1878=FILL_AREA_STYLE('',(#1924));
#1879=FILL_AREA_STYLE('',(#1925));
#1880=FILL_AREA_STYLE('',(#1926));
#1881=FILL_AREA_STYLE('',(#1927));
#1882=FILL_AREA_STYLE('',(#1928));
#1883=FILL_AREA_STYLE('',(#1929));
#1884=FILL_AREA_STYLE('',(#1930));
#1885=FILL_AREA_STYLE('',(#1931));
#1886=FILL_AREA_STYLE('',(#1932));
#1887=FILL_AREA_STYLE('',(#1933));
#1888=FILL_AREA_STYLE('',(#1934));
#1889=FILL_AREA_STYLE('',(#1935));
#1890=FILL_AREA_STYLE('',(#1936));
#1891=FILL_AREA_STYLE('',(#1937));
#1892=FILL_AREA_STYLE('',(#1938));
#1893=FILL_AREA_STYLE('',(#1939));
#1894=FILL_AREA_STYLE('',(#1940));
#1895=FILL_AREA_STYLE('',(#1941));
#1896=FILL_AREA_STYLE('',(#1942));
#1897=FILL_AREA_STYLE('',(#1943));
#1898=FILL_AREA_STYLE('',(#1944));
#1899=FILL_AREA_STYLE('',(#1945));
#1900=FILL_AREA_STYLE('',(#1946));
#1901=FILL_AREA_STYLE_COLOUR('',#1947);
#1902=FILL_AREA_STYLE_COLOUR('',#1947);
#1903=FILL_AREA_STYLE_COLOUR('',#1947);
#1904=FILL_AREA_STYLE_COLOUR('',#1947);
#1905=FILL_AREA_STYLE_COLOUR('',#1948);
#1906=FILL_AREA_STYLE_COLOUR('',#1948);
#1907=FILL_AREA_STYLE_COLOUR('',#1948);
#1908=FILL_AREA_STYLE_COLOUR('',#1948);
#1909=FILL_AREA_STYLE_COLOUR('',#1947);
#1910=FILL_AREA_STYLE_COLOUR('',#1947);
#1911=FILL_AREA_STYLE_COLOUR('',#1947);
#1912=FILL_AREA_STYLE_COLOUR('',#1947);
#1913=FILL_AREA_STYLE_COLOUR('',#1947);
#1914=FILL_AREA_STYLE_COLOUR('',#1947);
#1915=FILL_AREA_STYLE_COLOUR('',#1947);
#1916=FILL_AREA_STYLE_COLOUR('',#1947);
#1917=FILL_AREA_STYLE_COLOUR('',#1947);
#1918=FILL_AREA_STYLE_COLOUR('',#1947);
#1919=FILL_AREA_STYLE_COLOUR('',#1947);
#1920=FILL_AREA_STYLE_COLOUR('',#1947);
#1921=FILL_AREA_STYLE_COLOUR('',#1947);
#1922=FILL_AREA_STYLE_COLOUR('',#1947);
#1923=FILL_AREA_STYLE_COLOUR('',#1948);
#1924=FILL_AREA_STYLE_COLOUR('',#1948);
#1925=FILL_AREA_STYLE_COLOUR('',#1948);
#1926=FILL_AREA_STYLE_COLOUR('',#1948);
#1927=FILL_AREA_STYLE_COLOUR('',#1948);
#1928=FILL_AREA_STYLE_COLOUR('',#1948);
#1929=FILL_AREA_STYLE_COLOUR('',#1948);
#1930=FILL_AREA_STYLE_COLOUR('',#1948);
#1931=FILL_AREA_STYLE_COLOUR('',#1948);
#1932=FILL_AREA_STYLE_COLOUR('',#1947);
#1933=FILL_AREA_STYLE_COLOUR('',#1947);
#1934=FILL_AREA_STYLE_COLOUR('',#1947);
#1935=FILL_AREA_STYLE_COLOUR('',#1947);
#1936=FILL_AREA_STYLE_COLOUR('',#1947);
#1937=FILL_AREA_STYLE_COLOUR('',#1947);
#1938=FILL_AREA_STYLE_COLOUR('',#1947);
#1939=FILL_AREA_STYLE_COLOUR('',#1947);
#1940=FILL_AREA_STYLE_COLOUR('',#1947);
#1941=FILL_AREA_STYLE_COLOUR('',#1947);
#1942=FILL_AREA_STYLE_COLOUR('',#1947);
#1943=FILL_AREA_STYLE_COLOUR('',#1947);
#1944=FILL_AREA_STYLE_COLOUR('',#1948);
#1945=FILL_AREA_STYLE_COLOUR('',#1948);
#1946=FILL_AREA_STYLE_COLOUR('',#1948);
#1947=COLOUR_RGB('',0.200000002980232,0.200000002980232,0.200000002980232);
#1948=COLOUR_RGB('',0.699999988079071,0.699999988079071,0.699999988079071);
#1949=ADVANCED_FACE('',(#1472),#1614,.T.);
#1950=ADVANCED_FACE('',(#1473),#1615,.T.);
#1951=ADVANCED_FACE('',(#1474,#1475),#351,.T.);
#1952=ADVANCED_FACE('',(#1476,#1477),#352,.T.);
#1953=ADVANCED_FACE('',(#1478,#1479),#353,.F.);
#1954=ADVANCED_FACE('',(#1480,#1481),#1616,.F.);
#1955=ADVANCED_FACE('',(#1482,#1483),#40,.T.);
#1956=ADVANCED_FACE('',(#1484,#1485),#354,.T.);
#1957=ADVANCED_FACE('',(#1486,#1487),#41,.T.);
#1958=ADVANCED_FACE('',(#1488,#1489),#1617,.T.);
#1959=ADVANCED_FACE('',(#1490,#1491),#42,.T.);
#1960=ADVANCED_FACE('',(#1492,#1493),#355,.T.);
#1961=ADVANCED_FACE('',(#1494,#1495),#1618,.T.);
#1962=ADVANCED_FACE('',(#1496,#1497),#43,.T.);
#1963=ADVANCED_FACE('',(#1498,#1499),#356,.F.);
#1964=ADVANCED_FACE('',(#1500,#1501),#44,.T.);
#1965=ADVANCED_FACE('',(#1502,#1503),#357,.T.);
#1966=ADVANCED_FACE('',(#1504,#1505),#45,.T.);
#1967=ADVANCED_FACE('',(#1506,#1507),#358,.F.);
#1968=ADVANCED_FACE('',(#1508,#1509),#46,.T.);
#1969=ADVANCED_FACE('',(#1510,#1511),#359,.F.);
#1970=ADVANCED_FACE('',(#1512,#1513),#47,.T.);
#1971=ADVANCED_FACE('',(#1514,#1515),#1619,.F.);
#1972=ADVANCED_FACE('',(#1516),#48,.T.);
#1973=ADVANCED_FACE('',(#1517),#49,.T.);
#1974=ADVANCED_FACE('',(#1518),#50,.T.);
#1975=ADVANCED_FACE('',(#1519),#51,.T.);
#1976=ADVANCED_FACE('',(#1520),#52,.T.);
#1977=ADVANCED_FACE('',(#1521,#1522),#360,.F.);
#1978=ADVANCED_FACE('',(#1523,#1524),#53,.F.);
#1979=ADVANCED_FACE('',(#1525,#1526),#54,.T.);
#1980=ADVANCED_FACE('',(#1527),#38,.F.);
#1981=ADVANCED_FACE('',(#1528),#39,.F.);
#1982=ADVANCED_FACE('',(#1529),#55,.T.);
#1983=ADVANCED_FACE('',(#1530),#56,.T.);
#1984=ADVANCED_FACE('',(#1531),#57,.T.);
#1985=ADVANCED_FACE('',(#1532),#58,.F.);
#1986=ADVANCED_FACE('',(#1533),#59,.F.);
#1987=ADVANCED_FACE('',(#1534,#1535),#28,.T.);
#1988=ADVANCED_FACE('',(#1536,#1537),#29,.T.);
#1989=ADVANCED_FACE('',(#1538,#1539),#30,.F.);
#1990=ADVANCED_FACE('',(#1540,#1541),#31,.F.);
#1991=ADVANCED_FACE('',(#1542,#1543),#1620,.F.);
#1992=ADVANCED_FACE('',(#1544,#1545),#32,.T.);
#1993=ADVANCED_FACE('',(#1546,#1547),#1621,.F.);
#1994=ADVANCED_FACE('',(#1548,#1549),#1622,.T.);
#1995=ADVANCED_FACE('',(#1550,#1551),#1623,.T.);
#1996=ADVANCED_FACE('',(#1552,#1553),#1624,.F.);
#1997=ADVANCED_FACE('',(#1554),#60,.T.);
#1998=ADVANCED_FACE('',(#1555),#61,.T.);
#1999=ADVANCED_FACE('',(#1556),#361,.T.);
#2000=ADVANCED_FACE('',(#1557),#62,.T.);
#2001=ADVANCED_FACE('',(#1558),#33,.T.);
#2002=ADVANCED_FACE('',(#1559),#362,.T.);
#2003=ADVANCED_FACE('',(#1560),#63,.T.);
#2004=ADVANCED_FACE('',(#1561),#64,.T.);
#2005=ADVANCED_FACE('',(#1562),#65,.T.);
#2006=ADVANCED_FACE('',(#1563),#66,.F.);
#2007=ADVANCED_FACE('',(#1564),#67,.F.);
#2008=ADVANCED_FACE('',(#1565),#68,.F.);
#2009=ADVANCED_FACE('',(#1566),#69,.F.);
#2010=ADVANCED_FACE('',(#1567),#70,.T.);
#2011=ADVANCED_FACE('',(#1568),#71,.T.);
#2012=ADVANCED_FACE('',(#1569),#363,.T.);
#2013=ADVANCED_FACE('',(#1570),#72,.T.);
#2014=ADVANCED_FACE('',(#1571),#34,.T.);
#2015=ADVANCED_FACE('',(#1572),#364,.T.);
#2016=ADVANCED_FACE('',(#1573),#73,.T.);
#2017=ADVANCED_FACE('',(#1574),#74,.T.);
#2018=ADVANCED_FACE('',(#1575),#75,.T.);
#2019=ADVANCED_FACE('',(#1576),#76,.F.);
#2020=ADVANCED_FACE('',(#1577),#77,.F.);
#2021=ADVANCED_FACE('',(#1578),#78,.F.);
#2022=ADVANCED_FACE('',(#1579),#79,.F.);
#2023=ADVANCED_FACE('',(#1580),#80,.T.);
#2024=ADVANCED_FACE('',(#1581),#81,.T.);
#2025=ADVANCED_FACE('',(#1582),#365,.T.);
#2026=ADVANCED_FACE('',(#1583),#82,.T.);
#2027=ADVANCED_FACE('',(#1584),#35,.T.);
#2028=ADVANCED_FACE('',(#1585),#366,.T.);
#2029=ADVANCED_FACE('',(#1586),#83,.T.);
#2030=ADVANCED_FACE('',(#1587),#84,.T.);
#2031=ADVANCED_FACE('',(#1588),#85,.T.);
#2032=ADVANCED_FACE('',(#1589),#86,.F.);
#2033=ADVANCED_FACE('',(#1590),#87,.F.);
#2034=ADVANCED_FACE('',(#1591),#88,.F.);
#2035=ADVANCED_FACE('',(#1592),#89,.F.);
#2036=ADVANCED_FACE('',(#1593,#1594),#367,.F.);
#2037=ADVANCED_FACE('',(#1595),#90,.T.);
#2038=ADVANCED_FACE('',(#1596,#1597),#36,.T.);
#2039=ADVANCED_FACE('',(#1598,#1599),#368,.T.);
#2040=ADVANCED_FACE('',(#1600),#91,.T.);
#2041=ADVANCED_FACE('',(#1601),#369,.T.);
#2042=ADVANCED_FACE('',(#1602),#92,.T.);
#2043=ADVANCED_FACE('',(#1603),#370,.T.);
#2044=ADVANCED_FACE('',(#1604),#37,.T.);
#2045=ADVANCED_FACE('',(#1605,#1606),#93,.T.);
#2046=ADVANCED_FACE('',(#1607),#94,.F.);
#2047=ADVANCED_FACE('',(#1608),#95,.F.);
#2048=ADVANCED_FACE('',(#1609),#96,.F.);
#2049=ADVANCED_FACE('',(#1610),#97,.T.);
#2050=ADVANCED_FACE('',(#1611),#98,.T.);
#2051=ADVANCED_FACE('',(#1612),#99,.T.);
#2052=ADVANCED_FACE('',(#1613),#100,.F.);
#2053=CLOSED_SHELL('',(#1949,#1950,#1951,#1952,#1953,#1954,#1955,#1956,
#1957,#1958,#1959,#1960,#1961,#1962,#1963,#1964,#1965,#1966,#1967,#1968,
#1969,#1970,#1971,#1972,#1973,#1974,#1975,#1976,#1977,#1978,#1979,#1980,
#1981,#1982,#1983,#1984,#1985,#1986,#1987,#1988,#1989,#1990,#1991,#1992));
#2054=CLOSED_SHELL('',(#1993,#1994,#1995,#1996));
#2055=CLOSED_SHELL('',(#1997,#1998,#1999,#2000,#2001,#2002,#2003,#2004,
#2005,#2006,#2007,#2008,#2009,#2010,#2011,#2012,#2013,#2014,#2015,#2016,
#2017,#2018,#2019,#2020,#2021,#2022,#2023,#2024,#2025,#2026,#2027,#2028,
#2029,#2030,#2031,#2032,#2033,#2034,#2035,#2036,#2037,#2038,#2039,#2040,
#2041,#2042,#2043,#2044,#2045,#2046,#2047,#2048,#2049,#2050,#2051,#2052));
#2056=MANIFOLD_SOLID_BREP('',#2053);
#2057=MANIFOLD_SOLID_BREP('',#2054);
#2058=MANIFOLD_SOLID_BREP('',#2055);
#2059=SHAPE_DEFINITION_REPRESENTATION(#6436,#2060);
#2060=SHAPE_REPRESENTATION('23.3000-21',(#2061),#6431);
#2061=AXIS2_PLACEMENT_3D('',#2745,#2248,#2249);
#2062=AXIS2_PLACEMENT_3D('',#2746,#2250,#2251);
#2063=AXIS2_PLACEMENT_3D('',#2753,#2252,#2253);
#2064=AXIS2_PLACEMENT_3D('',#2760,#2254,#2255);
#2065=AXIS2_PLACEMENT_3D('',#2761,#2256,#2257);
#2066=AXIS2_PLACEMENT_3D('',#2767,#2258,#2259);
#2067=AXIS2_PLACEMENT_3D('',#2773,#2260,#2261);
#2068=AXIS2_PLACEMENT_3D('',#2774,#2262,#2263);
#2069=AXIS2_PLACEMENT_3D('',#2779,#2266,#2267);
#2070=AXIS2_PLACEMENT_3D('',#2784,#2270,#2271);
#2071=AXIS2_PLACEMENT_3D('',#2785,#2272,#2273);
#2072=AXIS2_PLACEMENT_3D('',#2787,#2274,#2275);
#2073=AXIS2_PLACEMENT_3D('',#2788,#2276,#2277);
#2074=AXIS2_PLACEMENT_3D('',#3243,#2279,#2280);
#2075=AXIS2_PLACEMENT_3D('',#3694,#2281,#2282);
#2076=AXIS2_PLACEMENT_3D('',#3695,#2283,#2284);
#2077=AXIS2_PLACEMENT_3D('',#3697,#2285,#2286);
#2078=AXIS2_PLACEMENT_3D('',#3699,#2287,#2288);
#2079=AXIS2_PLACEMENT_3D('',#3701,#2289,#2290);
#2080=AXIS2_PLACEMENT_3D('',#3702,#2291,#2292);
#2081=AXIS2_PLACEMENT_3D('',#3712,#2297,#2298);
#2082=AXIS2_PLACEMENT_3D('',#3713,#2299,#2300);
#2083=AXIS2_PLACEMENT_3D('',#3715,#2301,#2302);
#2084=AXIS2_PLACEMENT_3D('',#3717,#2303,#2304);
#2085=AXIS2_PLACEMENT_3D('',#3718,#2305,#2306);
#2086=AXIS2_PLACEMENT_3D('',#3746,#2307,#2308);
#2087=AXIS2_PLACEMENT_3D('',#3747,#2309,#2310);
#2088=AXIS2_PLACEMENT_3D('',#3749,#2311,#2312);
#2089=AXIS2_PLACEMENT_3D('',#3750,#2313,#2314);
#2090=AXIS2_PLACEMENT_3D('',#3752,#2315,#2316);
#2091=AXIS2_PLACEMENT_3D('',#3753,#2317,#2318);
#2092=AXIS2_PLACEMENT_3D('',#3755,#2319,#2320);
#2093=AXIS2_PLACEMENT_3D('',#3756,#2321,#2322);
#2094=AXIS2_PLACEMENT_3D('',#3758,#2323,#2324);
#2095=AXIS2_PLACEMENT_3D('',#3759,#2325,#2326);
#2096=AXIS2_PLACEMENT_3D('',#3761,#2327,#2328);
#2097=AXIS2_PLACEMENT_3D('',#3763,#2329,#2330);
#2098=AXIS2_PLACEMENT_3D('',#3764,#2331,#2332);
#2099=AXIS2_PLACEMENT_3D('',#3766,#2333,#2334);
#2100=AXIS2_PLACEMENT_3D('',#3768,#2335,#2336);
#2101=AXIS2_PLACEMENT_3D('',#3769,#2337,#2338);
#2102=AXIS2_PLACEMENT_3D('',#3771,#2339,#2340);
#2103=AXIS2_PLACEMENT_3D('',#3773,#2341,#2342);
#2104=AXIS2_PLACEMENT_3D('',#3774,#2343,#2344);
#2105=AXIS2_PLACEMENT_3D('',#3776,#2345,#2346);
#2106=AXIS2_PLACEMENT_3D('',#3778,#2347,#2348);
#2107=AXIS2_PLACEMENT_3D('',#3779,#2349,#2350);
#2108=AXIS2_PLACEMENT_3D('',#3781,#2351,#2352);
#2109=AXIS2_PLACEMENT_3D('',#3783,#2353,#2354);
#2110=AXIS2_PLACEMENT_3D('',#3784,#2355,#2356);
#2111=AXIS2_PLACEMENT_3D('',#3786,#2357,#2358);
#2112=AXIS2_PLACEMENT_3D('',#3787,#2359,#2360);
#2113=AXIS2_PLACEMENT_3D('',#3789,#2361,#2362);
#2114=AXIS2_PLACEMENT_3D('',#3790,#2363,#2364);
#2115=AXIS2_PLACEMENT_3D('',#3792,#2365,#2366);
#2116=AXIS2_PLACEMENT_3D('',#3793,#2367,#2368);
#2117=AXIS2_PLACEMENT_3D('',#3799,#2372,#2373);
#2118=AXIS2_PLACEMENT_3D('',#3805,#2377,#2378);
#2119=AXIS2_PLACEMENT_3D('',#3811,#2382,#2383);
#2120=AXIS2_PLACEMENT_3D('',#3817,#2387,#2388);
#2121=AXIS2_PLACEMENT_3D('',#3820,#2391,#2392);
#2122=AXIS2_PLACEMENT_3D('',#3821,#2393,#2394);
#2123=AXIS2_PLACEMENT_3D('',#3823,#2395,#2396);
#2124=AXIS2_PLACEMENT_3D('',#3825,#2397,#2398);
#2125=AXIS2_PLACEMENT_3D('',#3826,#2399,#2400);
#2126=AXIS2_PLACEMENT_3D('',#6035,#2403,#2404);
#2127=AXIS2_PLACEMENT_3D('',#6036,#2405,#2406);
#2128=AXIS2_PLACEMENT_3D('',#6038,#2408,#2409);
#2129=AXIS2_PLACEMENT_3D('',#6039,#2410,#2411);
#2130=AXIS2_PLACEMENT_3D('',#6041,#2413,#2414);
#2131=AXIS2_PLACEMENT_3D('',#6042,#2415,#2416);
#2132=AXIS2_PLACEMENT_3D('',#6043,#2417,#2418);
#2133=AXIS2_PLACEMENT_3D('',#6044,#2419,#2420);
#2134=AXIS2_PLACEMENT_3D('',#6045,#2421,#2422);
#2135=AXIS2_PLACEMENT_3D('',#6046,#2423,#2424);
#2136=AXIS2_PLACEMENT_3D('',#6047,#2425,#2426);
#2137=AXIS2_PLACEMENT_3D('',#6048,#2427,#2428);
#2138=AXIS2_PLACEMENT_3D('',#6049,#2429,#2430);
#2139=AXIS2_PLACEMENT_3D('',#6051,#2431,#2432);
#2140=AXIS2_PLACEMENT_3D('',#6053,#2433,#2434);
#2141=AXIS2_PLACEMENT_3D('',#6054,#2435,#2436);
#2142=AXIS2_PLACEMENT_3D('',#6056,#2437,#2438);
#2143=AXIS2_PLACEMENT_3D('',#6057,#2439,#2440);
#2144=AXIS2_PLACEMENT_3D('',#6059,#2441,#2442);
#2145=AXIS2_PLACEMENT_3D('',#6060,#2443,#2444);
#2146=AXIS2_PLACEMENT_3D('',#6061,#2445,#2446);
#2147=AXIS2_PLACEMENT_3D('',#6066,#2448,#2449);
#2148=AXIS2_PLACEMENT_3D('',#6069,#2451,#2452);
#2149=AXIS2_PLACEMENT_3D('',#6070,#2453,#2454);
#2150=AXIS2_PLACEMENT_3D('',#6075,#2456,#2457);
#2151=AXIS2_PLACEMENT_3D('',#6078,#2459,#2460);
#2152=AXIS2_PLACEMENT_3D('',#6079,#2461,#2462);
#2153=AXIS2_PLACEMENT_3D('',#6084,#2465,#2466);
#2154=AXIS2_PLACEMENT_3D('',#6085,#2467,#2468);
#2155=AXIS2_PLACEMENT_3D('',#6090,#2471,#2472);
#2156=AXIS2_PLACEMENT_3D('',#6091,#2473,#2474);
#2157=AXIS2_PLACEMENT_3D('',#6112,#2475,#2476);
#2158=AXIS2_PLACEMENT_3D('',#6115,#2479,#2480);
#2159=AXIS2_PLACEMENT_3D('',#6116,#2481,#2482);
#2160=AXIS2_PLACEMENT_3D('',#6129,#2486,#2487);
#2161=AXIS2_PLACEMENT_3D('',#6148,#2495,#2496);
#2162=AXIS2_PLACEMENT_3D('',#6153,#2499,#2500);
#2163=AXIS2_PLACEMENT_3D('',#6154,#2501,#2502);
#2164=AXIS2_PLACEMENT_3D('',#6160,#2506,#2507);
#2165=AXIS2_PLACEMENT_3D('',#6164,#2510,#2511);
#2166=AXIS2_PLACEMENT_3D('',#6168,#2514,#2515);
#2167=AXIS2_PLACEMENT_3D('',#6169,#2516,#2517);
#2168=AXIS2_PLACEMENT_3D('',#6170,#2518,#2519);
#2169=AXIS2_PLACEMENT_3D('',#6171,#2520,#2521);
#2170=AXIS2_PLACEMENT_3D('',#6172,#2522,#2523);
#2171=AXIS2_PLACEMENT_3D('',#6177,#2525,#2526);
#2172=AXIS2_PLACEMENT_3D('',#6180,#2528,#2529);
#2173=AXIS2_PLACEMENT_3D('',#6181,#2530,#2531);
#2174=AXIS2_PLACEMENT_3D('',#6186,#2533,#2534);
#2175=AXIS2_PLACEMENT_3D('',#6189,#2536,#2537);
#2176=AXIS2_PLACEMENT_3D('',#6190,#2538,#2539);
#2177=AXIS2_PLACEMENT_3D('',#6195,#2542,#2543);
#2178=AXIS2_PLACEMENT_3D('',#6196,#2544,#2545);
#2179=AXIS2_PLACEMENT_3D('',#6201,#2548,#2549);
#2180=AXIS2_PLACEMENT_3D('',#6202,#2550,#2551);
#2181=AXIS2_PLACEMENT_3D('',#6223,#2552,#2553);
#2182=AXIS2_PLACEMENT_3D('',#6226,#2556,#2557);
#2183=AXIS2_PLACEMENT_3D('',#6227,#2558,#2559);
#2184=AXIS2_PLACEMENT_3D('',#6232,#2562,#2563);
#2185=AXIS2_PLACEMENT_3D('',#6238,#2567,#2568);
#2186=AXIS2_PLACEMENT_3D('',#6243,#2571,#2572);
#2187=AXIS2_PLACEMENT_3D('',#6244,#2573,#2574);
#2188=AXIS2_PLACEMENT_3D('',#6250,#2578,#2579);
#2189=AXIS2_PLACEMENT_3D('',#6254,#2582,#2583);
#2190=AXIS2_PLACEMENT_3D('',#6258,#2586,#2587);
#2191=AXIS2_PLACEMENT_3D('',#6259,#2588,#2589);
#2192=AXIS2_PLACEMENT_3D('',#6260,#2590,#2591);
#2193=AXIS2_PLACEMENT_3D('',#6261,#2592,#2593);
#2194=AXIS2_PLACEMENT_3D('',#6262,#2594,#2595);
#2195=AXIS2_PLACEMENT_3D('',#6267,#2597,#2598);
#2196=AXIS2_PLACEMENT_3D('',#6270,#2600,#2601);
#2197=AXIS2_PLACEMENT_3D('',#6271,#2602,#2603);
#2198=AXIS2_PLACEMENT_3D('',#6276,#2605,#2606);
#2199=AXIS2_PLACEMENT_3D('',#6279,#2608,#2609);
#2200=AXIS2_PLACEMENT_3D('',#6280,#2610,#2611);
#2201=AXIS2_PLACEMENT_3D('',#6285,#2614,#2615);
#2202=AXIS2_PLACEMENT_3D('',#6286,#2616,#2617);
#2203=AXIS2_PLACEMENT_3D('',#6291,#2620,#2621);
#2204=AXIS2_PLACEMENT_3D('',#6292,#2622,#2623);
#2205=AXIS2_PLACEMENT_3D('',#6313,#2624,#2625);
#2206=AXIS2_PLACEMENT_3D('',#6316,#2628,#2629);
#2207=AXIS2_PLACEMENT_3D('',#6317,#2630,#2631);
#2208=AXIS2_PLACEMENT_3D('',#6322,#2634,#2635);
#2209=AXIS2_PLACEMENT_3D('',#6328,#2639,#2640);
#2210=AXIS2_PLACEMENT_3D('',#6333,#2643,#2644);
#2211=AXIS2_PLACEMENT_3D('',#6334,#2645,#2646);
#2212=AXIS2_PLACEMENT_3D('',#6340,#2650,#2651);
#2213=AXIS2_PLACEMENT_3D('',#6344,#2654,#2655);
#2214=AXIS2_PLACEMENT_3D('',#6348,#2658,#2659);
#2215=AXIS2_PLACEMENT_3D('',#6349,#2660,#2661);
#2216=AXIS2_PLACEMENT_3D('',#6350,#2662,#2663);
#2217=AXIS2_PLACEMENT_3D('',#6351,#2664,#2665);
#2218=AXIS2_PLACEMENT_3D('',#6352,#2666,#2667);
#2219=AXIS2_PLACEMENT_3D('',#6354,#2668,#2669);
#2220=AXIS2_PLACEMENT_3D('',#6356,#2670,#2671);
#2221=AXIS2_PLACEMENT_3D('',#6360,#2673,#2674);
#2222=AXIS2_PLACEMENT_3D('',#6364,#2676,#2677);
#2223=AXIS2_PLACEMENT_3D('',#6365,#2678,#2679);
#2224=AXIS2_PLACEMENT_3D('',#6366,#2680,#2681);
#2225=AXIS2_PLACEMENT_3D('',#6369,#2683,#2684);
#2226=AXIS2_PLACEMENT_3D('',#6370,#2685,#2686);
#2227=AXIS2_PLACEMENT_3D('',#6372,#2687,#2688);
#2228=AXIS2_PLACEMENT_3D('',#6374,#2689,#2690);
#2229=AXIS2_PLACEMENT_3D('',#6375,#2691,#2692);
#2230=AXIS2_PLACEMENT_3D('',#6379,#2694,#2695);
#2231=AXIS2_PLACEMENT_3D('',#6382,#2697,#2698);
#2232=AXIS2_PLACEMENT_3D('',#6383,#2699,#2700);
#2233=AXIS2_PLACEMENT_3D('',#6386,#2702,#2703);
#2234=AXIS2_PLACEMENT_3D('',#6387,#2704,#2705);
#2235=AXIS2_PLACEMENT_3D('',#6390,#2707,#2708);
#2236=AXIS2_PLACEMENT_3D('',#6391,#2709,#2710);
#2237=AXIS2_PLACEMENT_3D('',#6394,#2712,#2713);
#2238=AXIS2_PLACEMENT_3D('',#6395,#2714,#2715);
#2239=AXIS2_PLACEMENT_3D('',#6398,#2717,#2718);
#2240=AXIS2_PLACEMENT_3D('',#6408,#2719,#2720);
#2241=AXIS2_PLACEMENT_3D('',#6409,#2721,#2722);
#2242=AXIS2_PLACEMENT_3D('',#6415,#2726,#2727);
#2243=AXIS2_PLACEMENT_3D('',#6421,#2731,#2732);
#2244=AXIS2_PLACEMENT_3D('',#6424,#2735,#2736);
#2245=AXIS2_PLACEMENT_3D('',#6426,#2738,#2739);
#2246=AXIS2_PLACEMENT_3D('',#6427,#2740,#2741);
#2247=AXIS2_PLACEMENT_3D('',#6429,#2743,#2744);
#2248=DIRECTION('',(0.,0.,1.));
#2249=DIRECTION('',(1.,0.,0.));
#2250=DIRECTION('',(-6.12303176911188E-17,-1.,-1.62434274224405E-16));
#2251=DIRECTION('',(0.,1.62434274224405E-16,-1.));
#2252=DIRECTION('',(6.12303176911188E-17,1.,1.62434274224405E-16));
#2253=DIRECTION('',(0.,-1.62434274224405E-16,1.));
#2254=DIRECTION('',(6.12303176911188E-17,1.,1.62434274224405E-16));
#2255=DIRECTION('',(0.,-1.62434274224405E-16,1.));
#2256=DIRECTION('',(-6.12303176911188E-17,-1.,-1.62434274224405E-16));
#2257=DIRECTION('',(0.,1.62434274224405E-16,-1.));
#2258=DIRECTION('',(6.12303176911188E-17,1.,1.62434274224405E-16));
#2259=DIRECTION('',(0.,-1.62434274224405E-16,1.));
#2260=DIRECTION('',(6.12303176911188E-17,1.,1.62434274224405E-16));
#2261=DIRECTION('',(0.,-1.62434274224405E-16,1.));
#2262=DIRECTION('',(6.12303176911188E-17,1.,1.62434274224405E-16));
#2263=DIRECTION('',(0.,-1.62434274224405E-16,1.));
#2264=DIRECTION('',(6.12303176911188E-17,1.,1.62434274224405E-16));
#2265=DIRECTION('',(6.12303176911188E-17,1.,1.62434274224405E-16));
#2266=DIRECTION('',(0.,1.,0.));
#2267=DIRECTION('',(0.,0.,1.));
#2268=DIRECTION('',(6.12303176911188E-17,1.,1.62434274224405E-16));
#2269=DIRECTION('',(6.12303176911188E-17,1.,1.62434274224405E-16));
#2270=DIRECTION('',(0.,-1.,0.));
#2271=DIRECTION('',(0.,0.,-1.));
#2272=DIRECTION('',(6.12303176911188E-17,1.,1.62434274224405E-16));
#2273=DIRECTION('',(0.,-1.62434274224405E-16,1.));
#2274=DIRECTION('',(6.12303176911188E-17,1.,1.62434274224405E-16));
#2275=DIRECTION('',(0.,-1.62434274224405E-16,1.));
#2276=DIRECTION('',(6.12303176911188E-17,1.,1.62434274224405E-16));
#2277=DIRECTION('',(0.,-1.62434274224405E-16,1.));
#2278=DIRECTION('',(6.12303176911188E-17,1.,1.62434274224405E-16));
#2279=DIRECTION('',(6.12303176911188E-17,1.,1.62434274224405E-16));
#2280=DIRECTION('',(0.,-1.62434274224405E-16,1.));
#2281=DIRECTION('',(6.12303176911188E-17,1.,1.62434274224405E-16));
#2282=DIRECTION('',(0.,-1.62434274224405E-16,1.));
#2283=DIRECTION('',(6.12303176911188E-17,1.,1.62434274224405E-16));
#2284=DIRECTION('',(0.,-1.62434274224405E-16,1.));
#2285=DIRECTION('',(6.12303176911188E-17,1.,1.62434274224405E-16));
#2286=DIRECTION('',(0.,-1.62434274224405E-16,1.));
#2287=DIRECTION('',(-6.12303176911188E-17,-1.,-1.62434274224405E-16));
#2288=DIRECTION('',(0.,1.62434274224405E-16,-1.));
#2289=DIRECTION('',(6.12303176911188E-17,1.,1.62434274224405E-16));
#2290=DIRECTION('',(0.,-1.62434274224405E-16,1.));
#2291=DIRECTION('',(6.12303176911188E-17,1.,1.62434274224405E-16));
#2292=DIRECTION('',(0.,-1.62434274224405E-16,1.));
#2293=DIRECTION('',(0.,0.,1.));
#2294=DIRECTION('',(-1.,0.,0.));
#2295=DIRECTION('',(0.,0.,1.));
#2296=DIRECTION('',(-1.,0.,0.));
#2297=DIRECTION('',(6.12303176911188E-17,1.,1.62434274224405E-16));
#2298=DIRECTION('',(0.,-1.62434274224405E-16,1.));
#2299=DIRECTION('',(6.12303176911188E-17,1.,1.62434274224405E-16));
#2300=DIRECTION('',(0.,-1.62434274224405E-16,1.));
#2301=DIRECTION('',(6.12303176911188E-17,1.,1.62434274224405E-16));
#2302=DIRECTION('',(0.,-1.62434274224405E-16,1.));
#2303=DIRECTION('',(6.12303176911188E-17,1.,1.62434274224405E-16));
#2304=DIRECTION('',(0.,-1.62434274224405E-16,1.));
#2305=DIRECTION('',(-6.12303176911188E-17,-1.,-1.62434274224405E-16));
#2306=DIRECTION('',(0.,1.62434274224405E-16,-1.));
#2307=DIRECTION('',(6.12303176911188E-17,1.,1.62434274224405E-16));
#2308=DIRECTION('',(0.,-1.62434274224405E-16,1.));
#2309=DIRECTION('',(6.12303176911188E-17,1.,1.62434274224405E-16));
#2310=DIRECTION('',(0.,-1.62434274224405E-16,1.));
#2311=DIRECTION('',(6.12303176911188E-17,1.,1.62434274224405E-16));
#2312=DIRECTION('',(0.,-1.62434274224405E-16,1.));
#2313=DIRECTION('',(6.12303176911188E-17,1.,1.62434274224405E-16));
#2314=DIRECTION('',(0.,-1.62434274224405E-16,1.));
#2315=DIRECTION('',(6.12303176911188E-17,1.,1.62434274224405E-16));
#2316=DIRECTION('',(0.,-1.62434274224405E-16,1.));
#2317=DIRECTION('',(6.12303176911188E-17,1.,1.62434274224405E-16));
#2318=DIRECTION('',(0.,-1.62434274224405E-16,1.));
#2319=DIRECTION('',(-6.12303176911188E-17,-1.,-1.62434274224405E-16));
#2320=DIRECTION('',(0.,1.62434274224405E-16,-1.));
#2321=DIRECTION('',(-6.12303176911188E-17,-1.,-1.62434274224405E-16));
#2322=DIRECTION('',(0.,1.62434274224405E-16,-1.));
#2323=DIRECTION('',(6.12303176911188E-17,1.,1.62434274224405E-16));
#2324=DIRECTION('',(0.,-1.62434274224405E-16,1.));
#2325=DIRECTION('',(-6.12303176911189E-17,-1.,-1.62434274224406E-16));
#2326=DIRECTION('',(0.,1.62434274224406E-16,-1.));
#2327=DIRECTION('',(-6.12303176911188E-17,-1.,-1.62434274224405E-16));
#2328=DIRECTION('',(0.,1.62434274224405E-16,-1.));
#2329=DIRECTION('',(-6.12303176911188E-17,-1.,-1.62434274224405E-16));
#2330=DIRECTION('',(0.,1.62434274224405E-16,-1.));
#2331=DIRECTION('',(-6.12303176911188E-17,-1.,-1.62434274224405E-16));
#2332=DIRECTION('',(0.,1.62434274224405E-16,-1.));
#2333=DIRECTION('',(-6.12303176911188E-17,-1.,-1.62434274224405E-16));
#2334=DIRECTION('',(0.,1.62434274224405E-16,-1.));
#2335=DIRECTION('',(6.12303176911188E-17,1.,1.62434274224405E-16));
#2336=DIRECTION('',(0.,-1.62434274224405E-16,1.));
#2337=DIRECTION('',(-6.12303176911188E-17,-1.,-1.62434274224405E-16));
#2338=DIRECTION('',(0.,1.62434274224405E-16,-1.));
#2339=DIRECTION('',(-6.12303176911188E-17,-1.,-1.62434274224405E-16));
#2340=DIRECTION('',(0.,1.62434274224405E-16,-1.));
#2341=DIRECTION('',(-6.12303176911188E-17,-1.,-1.62434274224405E-16));
#2342=DIRECTION('',(0.,1.62434274224405E-16,-1.));
#2343=DIRECTION('',(-6.12303176911188E-17,-1.,-1.62434274224405E-16));
#2344=DIRECTION('',(0.,1.62434274224405E-16,-1.));
#2345=DIRECTION('',(-6.12303176911188E-17,-1.,-1.62434274224405E-16));
#2346=DIRECTION('',(0.,1.62434274224405E-16,-1.));
#2347=DIRECTION('',(6.12303176911188E-17,1.,1.62434274224405E-16));
#2348=DIRECTION('',(0.,-1.62434274224405E-16,1.));
#2349=DIRECTION('',(-6.12303176911188E-17,-1.,-1.62434274224405E-16));
#2350=DIRECTION('',(0.,1.62434274224405E-16,-1.));
#2351=DIRECTION('',(6.12303176911188E-17,1.,1.62434274224405E-16));
#2352=DIRECTION('',(0.,-1.62434274224405E-16,1.));
#2353=DIRECTION('',(6.12303176911188E-17,1.,1.62434274224405E-16));
#2354=DIRECTION('',(0.,-1.62434274224405E-16,1.));
#2355=DIRECTION('',(6.12303176911188E-17,1.,1.62434274224405E-16));
#2356=DIRECTION('',(0.,-1.62434274224405E-16,1.));
#2357=DIRECTION('',(6.12303176911188E-17,1.,1.62434274224405E-16));
#2358=DIRECTION('',(0.,-1.62434274224405E-16,1.));
#2359=DIRECTION('',(6.12303176911188E-17,1.,1.62434274224405E-16));
#2360=DIRECTION('',(0.,-1.62434274224405E-16,1.));
#2361=DIRECTION('',(-6.12303176911188E-17,-1.,-1.62434274224405E-16));
#2362=DIRECTION('',(0.,1.62434274224405E-16,-1.));
#2363=DIRECTION('',(6.12303176911188E-17,1.,1.62434274224405E-16));
#2364=DIRECTION('',(0.,-1.62434274224405E-16,1.));
#2365=DIRECTION('',(-6.12303176911188E-17,-1.,-1.62434274224405E-16));
#2366=DIRECTION('',(0.,1.62434274224405E-16,-1.));
#2367=DIRECTION('',(0.,-3.0651807574123E-16,1.));
#2368=DIRECTION('',(0.,-1.,-3.0651807574123E-16));
#2369=DIRECTION('',(6.12303176911189E-17,1.,3.0651807574123E-16));
#2370=DIRECTION('',(6.12303176911189E-17,1.,3.0651807574123E-16));
#2371=DIRECTION('',(-1.,0.,0.));
#2372=DIRECTION('',(0.,0.407176032538486,0.913349702209519));
#2373=DIRECTION('',(0.,-0.913349702209519,0.407176032538486));
#2374=DIRECTION('',(5.59246924293777E-17,0.913349702209519,-0.407176032538486));
#2375=DIRECTION('',(5.59246924293777E-17,0.913349702209519,-0.407176032538486));
#2376=DIRECTION('',(-1.,0.,0.));
#2377=DIRECTION('',(0.,1.,0.));
#2378=DIRECTION('',(0.,0.,1.));
#2379=DIRECTION('',(0.,0.,-1.));
#2380=DIRECTION('',(0.,0.,-1.));
#2381=DIRECTION('',(-1.,0.,0.));
#2382=DIRECTION('',(0.,0.407176032538487,-0.913349702209519));
#2383=DIRECTION('',(0.,0.913349702209519,0.407176032538487));
#2384=DIRECTION('',(-5.59246924293777E-17,-0.913349702209519,-0.407176032538487));
#2385=DIRECTION('',(-5.59246924293777E-17,-0.913349702209519,-0.407176032538487));
#2386=DIRECTION('',(-1.,0.,0.));
#2387=DIRECTION('',(0.,1.22607230296492E-16,-1.));
#2388=DIRECTION('',(0.,1.,1.22607230296492E-16));
#2389=DIRECTION('',(-6.12303176911189E-17,-1.,-1.22607230296492E-16));
#2390=DIRECTION('',(-6.12303176911189E-17,-1.,-1.22607230296492E-16));
#2391=DIRECTION('',(-1.,0.,0.));
#2392=DIRECTION('',(0.,0.,1.));
#2393=DIRECTION('',(-1.,6.12303176911189E-17,0.));
#2394=DIRECTION('',(6.12303176911189E-17,1.,0.));
#2395=DIRECTION('',(-1.,6.12303176911189E-17,0.));
#2396=DIRECTION('',(6.12303176911189E-17,1.,0.));
#2397=DIRECTION('',(-1.,6.12303176911189E-17,0.));
#2398=DIRECTION('',(-6.12303176911189E-17,-1.,0.));
#2399=DIRECTION('',(-1.,6.12303176911189E-17,0.));
#2400=DIRECTION('',(-6.12303176911189E-17,-1.,0.));
#2401=DIRECTION('',(3.24864292312743E-14,-0.388382566904546,0.921498226653007));
#2402=DIRECTION('',(-3.25339908071888E-14,-0.388382566904546,-0.921498226653007));
#2403=DIRECTION('',(1.,-6.12303176911145E-17,-3.52797315056292E-14));
#2404=DIRECTION('',(6.12303176911145E-17,1.,0.));
#2405=DIRECTION('',(0.,2.43246514180276E-16,1.));
#2406=DIRECTION('',(0.,-1.,2.43246514180276E-16));
#2407=DIRECTION('',(-1.,0.,0.));
#2408=DIRECTION('',(0.,1.,0.));
#2409=DIRECTION('',(0.,0.,1.));
#2410=DIRECTION('',(0.,-2.43246514180276E-16,1.));
#2411=DIRECTION('',(0.,-1.,-2.43246514180276E-16));
#2412=DIRECTION('',(-1.,0.,0.));
#2413=DIRECTION('',(0.,-1.,0.));
#2414=DIRECTION('',(0.,0.,-1.));
#2415=DIRECTION('',(-6.12303176911188E-17,-1.,-1.62434274224405E-16));
#2416=DIRECTION('',(0.,1.62434274224405E-16,-1.));
#2417=DIRECTION('',(-6.12303176911188E-17,-1.,-1.62434274224405E-16));
#2418=DIRECTION('',(0.,1.62434274224405E-16,-1.));
#2419=DIRECTION('',(-6.12303176911188E-17,-1.,-1.62434274224405E-16));
#2420=DIRECTION('',(0.,1.62434274224405E-16,-1.));
#2421=DIRECTION('',(-6.12303176911188E-17,-1.,-1.62434274224405E-16));
#2422=DIRECTION('',(0.,1.62434274224405E-16,-1.));
#2423=DIRECTION('',(-6.12303176911189E-17,-1.,-1.62434274224406E-16));
#2424=DIRECTION('',(0.,1.62434274224406E-16,-1.));
#2425=DIRECTION('',(6.12303176911188E-17,1.,1.62434274224405E-16));
#2426=DIRECTION('',(0.,-1.62434274224405E-16,1.));
#2427=DIRECTION('',(-6.12303176911188E-17,-1.,-1.62434274224405E-16));
#2428=DIRECTION('',(0.,1.62434274224405E-16,-1.));
#2429=DIRECTION('',(-6.12303176911188E-17,-1.,-1.62434274224405E-16));
#2430=DIRECTION('',(0.,1.62434274224405E-16,-1.));
#2431=DIRECTION('',(-6.12303176911188E-17,-1.,-1.62434274224405E-16));
#2432=DIRECTION('',(0.,1.62434274224405E-16,-1.));
#2433=DIRECTION('',(6.12303176911188E-17,1.,1.62434274224405E-16));
#2434=DIRECTION('',(0.,-1.62434274224405E-16,1.));
#2435=DIRECTION('',(-6.12303176911188E-17,-1.,-1.62434274224405E-16));
#2436=DIRECTION('',(0.,1.62434274224405E-16,-1.));
#2437=DIRECTION('',(-6.12303176911188E-17,-1.,-1.62434274224405E-16));
#2438=DIRECTION('',(0.,1.62434274224405E-16,-1.));
#2439=DIRECTION('',(-6.12303176911188E-17,-1.,-1.62434274224405E-16));
#2440=DIRECTION('',(0.,1.62434274224405E-16,-1.));
#2441=DIRECTION('',(6.12303176911188E-17,1.,1.62434274224405E-16));
#2442=DIRECTION('',(0.,-1.62434274224405E-16,1.));
#2443=DIRECTION('',(6.12303176911188E-17,1.,1.62434274224405E-16));
#2444=DIRECTION('',(0.,-1.62434274224405E-16,1.));
#2445=DIRECTION('',(-6.12303176911188E-17,-1.,-1.62434274224405E-16));
#2446=DIRECTION('',(0.,1.62434274224405E-16,-1.));
#2447=DIRECTION('',(3.83991337899373E-16,1.62434274224405E-16,-1.));
#2448=DIRECTION('',(-6.12303176911188E-17,-1.,-1.62434274224405E-16));
#2449=DIRECTION('',(0.,1.62434274224405E-16,-1.));
#2450=DIRECTION('',(-1.,6.12303176911188E-17,1.63871614218081E-16));
#2451=DIRECTION('',(6.12303176911188E-17,1.,1.62434274224405E-16));
#2452=DIRECTION('',(0.,-1.62434274224405E-16,1.));
#2453=DIRECTION('',(-6.12303176911188E-17,-1.,-1.62434274224405E-16));
#2454=DIRECTION('',(0.,1.62434274224405E-16,-1.));
#2455=DIRECTION('',(-0.603149023388085,-9.2631203396003E-17,0.797628519792265));
#2456=DIRECTION('',(-6.12303176911188E-17,-1.,-1.62434274224405E-16));
#2457=DIRECTION('',(0.,1.62434274224405E-16,-1.));
#2458=DIRECTION('',(-0.797628519772542,-4.91330262022696E-17,0.603149023414168));
#2459=DIRECTION('',(-6.12303176911188E-17,-1.,-1.62434274224405E-16));
#2460=DIRECTION('',(0.,1.62434274224405E-16,-1.));
#2461=DIRECTION('',(-6.12303176911188E-17,-1.,-1.62434274224405E-16));
#2462=DIRECTION('',(0.,1.62434274224405E-16,-1.));
#2463=DIRECTION('',(-6.12303176911188E-17,-1.,-1.62434274224405E-16));
#2464=DIRECTION('',(-6.12303176911188E-17,-1.,-1.62434274224405E-16));
#2465=DIRECTION('',(-6.12303176911188E-17,-1.,-1.62434274224405E-16));
#2466=DIRECTION('',(0.,1.62434274224405E-16,-1.));
#2467=DIRECTION('',(-6.12303176911188E-17,-1.,-1.62434274224405E-16));
#2468=DIRECTION('',(0.,1.62434274224405E-16,-1.));
#2469=DIRECTION('',(0.603149023388085,9.2631203396003E-17,-0.797628519792265));
#2470=DIRECTION('',(0.797628519772542,4.91330262022696E-17,-0.603149023414168));
#2471=DIRECTION('',(-6.12303176911188E-17,-1.,-1.62434274224405E-16));
#2472=DIRECTION('',(0.,1.62434274224405E-16,-1.));
#2473=DIRECTION('',(-6.12303176911188E-17,-1.,-1.62434274224405E-16));
#2474=DIRECTION('',(0.,1.62434274224405E-16,-1.));
#2475=DIRECTION('',(-6.12303176911188E-17,-1.,-1.62434274224405E-16));
#2476=DIRECTION('',(0.,1.62434274224405E-16,-1.));
#2477=DIRECTION('',(-6.12303176911188E-17,-1.,-1.62434274224405E-16));
#2478=DIRECTION('',(-6.12303176911188E-17,-1.,-1.62434274224405E-16));
#2479=DIRECTION('',(-0.707106780309754,0.707106782063341,1.87435303699437E-16));
#2480=DIRECTION('',(1.02639274260714E-16,-1.62434274224405E-16,1.));
#2481=DIRECTION('',(-0.707106780309754,0.707106782063341,1.87435303699437E-16));
#2482=DIRECTION('',(-0.707106782063341,-0.707106780309754,-4.22814497229611E-17));
#2483=DIRECTION('',(-1.02639274260714E-16,1.62434274224405E-16,-1.));
#2484=DIRECTION('',(0.623563931528164,0.623563929981759,0.471525236358398));
#2485=DIRECTION('',(1.02639274260714E-16,-1.62434274224405E-16,1.));
#2486=DIRECTION('',(-0.603149023388085,-9.26312033960029E-17,0.797628519792265));
#2487=DIRECTION('',(-6.12303176911188E-17,-1.,-1.62434274224405E-16));
#2488=DIRECTION('',(-0.797628519792265,1.4681112152958E-16,-0.603149023388085));
#2489=DIRECTION('',(-6.12303176911188E-17,-1.,-1.62434274224405E-16));
#2490=DIRECTION('',(6.12303176911188E-17,1.,1.47194163657183E-16));
#2491=DIRECTION('',(-0.797628519792265,-3.75906085378188E-17,-0.603149023388085));
#2492=DIRECTION('',(-6.12303176911188E-17,-1.,-1.62434274224405E-16));
#2493=DIRECTION('',(0.797628519792265,-1.4681112152958E-16,0.603149023388085));
#2494=DIRECTION('',(-6.12303176911188E-17,-1.,-1.62434274224405E-16));
#2495=DIRECTION('',(0.707106781186547,0.707106781186548,3.86381255746734E-16));
#2496=DIRECTION('',(3.83991337899373E-16,1.62434274224405E-16,-1.));
#2497=DIRECTION('',(-0.623563930917449,0.623563930917448,0.471525235928639));
#2498=DIRECTION('',(-3.83991337899373E-16,-1.62434274224405E-16,1.));
#2499=DIRECTION('',(0.707106781186547,0.707106781186548,3.86381255746734E-16));
#2500=DIRECTION('',(0.707106781186548,-0.707106781186547,1.56664502144349E-16));
#2501=DIRECTION('',(-0.603149023414167,1.66493216028677E-16,-0.797628519772542));
#2502=DIRECTION('',(-6.12303176911188E-17,-1.,-1.62434274224405E-16));
#2503=DIRECTION('',(-6.12303176911188E-17,-1.,-1.62434274224405E-16));
#2504=DIRECTION('',(0.797628519772542,-1.35268703873103E-16,-0.603149023414168));
#2505=DIRECTION('',(-6.12303176911188E-17,-1.,-5.52137494098695E-17));
#2506=DIRECTION('',(1.,-6.12303176911188E-17,-1.02639274260714E-16));
#2507=DIRECTION('',(-1.02639274260714E-16,1.01203956533287E-16,-1.));
#2508=DIRECTION('',(1.02639274260714E-16,1.43297349167031E-16,1.));
#2509=DIRECTION('',(-6.12303176911188E-17,-1.,-1.62434274224405E-16));
#2510=DIRECTION('',(-1.,6.12303176911189E-17,-3.83991337899373E-16));
#2511=DIRECTION('',(-3.83991337899373E-16,-1.01203956533287E-16,1.));
#2512=DIRECTION('',(3.83991337899373E-16,-1.43297349167031E-16,-1.));
#2513=DIRECTION('',(-6.12303176911188E-17,-1.,-1.62434274224405E-16));
#2514=DIRECTION('',(-6.12303176911189E-17,-1.,1.43297349167031E-16));
#2515=DIRECTION('',(-1.83697019872103E-16,1.43297349167031E-16,1.));
#2516=DIRECTION('',(-6.12303176911189E-17,-1.,1.43297349167031E-16));
#2517=DIRECTION('',(-1.83697019872103E-16,1.43297349167031E-16,1.));
#2518=DIRECTION('',(6.12303176911189E-17,1.,-1.43297349167031E-16));
#2519=DIRECTION('',(1.83697019872103E-16,-1.43297349167031E-16,-1.));
#2520=DIRECTION('',(6.12303176911188E-17,1.,1.62434274224405E-16));
#2521=DIRECTION('',(0.,-1.62434274224405E-16,1.));
#2522=DIRECTION('',(-6.12303176911188E-17,-1.,-1.62434274224405E-16));
#2523=DIRECTION('',(0.,1.62434274224405E-16,-1.));
#2524=DIRECTION('',(1.,-6.12303176911189E-17,3.22758997942005E-16));
#2525=DIRECTION('',(-6.12303176911188E-17,-1.,-1.62434274224405E-16));
#2526=DIRECTION('',(0.,1.62434274224405E-16,-1.));
#2527=DIRECTION('',(-2.25103954175449E-16,1.62434274224405E-16,-1.));
#2528=DIRECTION('',(6.12303176911188E-17,1.,1.62434274224405E-16));
#2529=DIRECTION('',(0.,-1.62434274224405E-16,1.));
#2530=DIRECTION('',(-6.12303176911188E-17,-1.,-1.62434274224405E-16));
#2531=DIRECTION('',(0.,1.62434274224405E-16,-1.));
#2532=DIRECTION('',(-0.797628519792265,1.4681112152958E-16,-0.603149023388085));
#2533=DIRECTION('',(-6.12303176911188E-17,-1.,-1.62434274224405E-16));
#2534=DIRECTION('',(0.,1.62434274224405E-16,-1.));
#2535=DIRECTION('',(-0.603149023414168,1.66493216028677E-16,-0.797628519772542));
#2536=DIRECTION('',(-6.12303176911188E-17,-1.,-1.62434274224405E-16));
#2537=DIRECTION('',(0.,1.62434274224405E-16,-1.));
#2538=DIRECTION('',(-6.12303176911188E-17,-1.,-1.62434274224405E-16));
#2539=DIRECTION('',(0.,1.62434274224405E-16,-1.));
#2540=DIRECTION('',(-6.12303176911188E-17,-1.,-1.62434274224405E-16));
#2541=DIRECTION('',(-6.12303176911188E-17,-1.,-1.62434274224405E-16));
#2542=DIRECTION('',(-6.12303176911188E-17,-1.,-1.62434274224405E-16));
#2543=DIRECTION('',(0.,1.62434274224405E-16,-1.));
#2544=DIRECTION('',(-6.12303176911188E-17,-1.,-1.62434274224405E-16));
#2545=DIRECTION('',(0.,1.62434274224405E-16,-1.));
#2546=DIRECTION('',(0.797628519792265,-1.4681112152958E-16,0.603149023388085));
#2547=DIRECTION('',(0.603149023414168,-1.66493216028677E-16,0.797628519772542));
#2548=DIRECTION('',(-6.12303176911188E-17,-1.,-1.62434274224405E-16));
#2549=DIRECTION('',(0.,1.62434274224405E-16,-1.));
#2550=DIRECTION('',(-6.12303176911188E-17,-1.,-1.62434274224405E-16));
#2551=DIRECTION('',(0.,1.62434274224405E-16,-1.));
#2552=DIRECTION('',(-6.12303176911188E-17,-1.,-1.62434274224405E-16));
#2553=DIRECTION('',(0.,1.62434274224405E-16,-1.));
#2554=DIRECTION('',(-6.12303176911188E-17,-1.,-1.62434274224405E-16));
#2555=DIRECTION('',(-6.12303176911188E-17,-1.,-1.62434274224405E-16));
#2556=DIRECTION('',(-7.25783566066265E-17,0.707106782063341,-0.707106780309754));
#2557=DIRECTION('',(-1.,6.12303176911188E-17,1.63871614218081E-16));
#2558=DIRECTION('',(-7.25783566066265E-17,0.707106782063341,-0.707106780309754));
#2559=DIRECTION('',(-1.59171102601183E-16,-0.707106780309754,-0.707106782063341));
#2560=DIRECTION('',(1.,-6.12303176911188E-17,-1.63871614218081E-16));
#2561=DIRECTION('',(-0.471525236358398,0.623563929981759,0.623563931528164));
#2562=DIRECTION('',(-0.797628519792265,1.4681112152958E-16,-0.603149023388085));
#2563=DIRECTION('',(-6.12303176911188E-17,-1.,-1.62434274224405E-16));
#2564=DIRECTION('',(7.64704282583409E-17,1.,1.62434274224405E-16));
#2565=DIRECTION('',(0.603149023388085,-9.17705266713956E-17,-0.797628519792265));
#2566=DIRECTION('',(-6.12303176911188E-17,-1.,-1.62434274224405E-16));
#2567=DIRECTION('',(-1.8492870328017E-16,0.707106781186548,0.707106781186547));
#2568=DIRECTION('',(1.,-6.12303176911189E-17,3.22758997942005E-16));
#2569=DIRECTION('',(-0.471525235928639,0.623563930917448,-0.623563930917449));
#2570=DIRECTION('',(-1.,6.12303176911189E-17,-3.22758997942005E-16));
#2571=DIRECTION('',(-1.8492870328017E-16,0.707106781186548,0.707106781186547));
#2572=DIRECTION('',(-2.71521448987364E-16,-0.707106781186547,0.707106781186548));
#2573=DIRECTION('',(0.797628519772542,4.91330262022696E-17,-0.603149023414167));
#2574=DIRECTION('',(-6.12303176911188E-17,-1.,-1.62434274224405E-16));
#2575=DIRECTION('',(-6.12303176911188E-17,-1.,-1.62434274224405E-16));
#2576=DIRECTION('',(0.603149023414168,-3.5089494610405E-16,0.797628519772542));
#2577=DIRECTION('',(-1.68450842505655E-16,-1.,-1.62434274224405E-16));
#2578=DIRECTION('',(1.63871614218081E-16,-1.62434274224405E-16,1.));
#2579=DIRECTION('',(1.,-1.22460635382238E-16,-1.63871614218081E-16));
#2580=DIRECTION('',(-1.,3.66961941082555E-16,1.63871614218081E-16));
#2581=DIRECTION('',(-6.12303176911188E-17,-1.,-1.62434274224405E-16));
#2582=DIRECTION('',(3.22758997942005E-16,1.62434274224405E-16,-1.));
#2583=DIRECTION('',(-1.,1.22460635382238E-16,-3.22758997942005E-16));
#2584=DIRECTION('',(1.,-3.66961941082555E-16,3.22758997942005E-16));
#2585=DIRECTION('',(-6.12303176911188E-17,-1.,-1.62434274224405E-16));
#2586=DIRECTION('',(-3.66961941082555E-16,-1.,-1.62434274224405E-16));
#2587=DIRECTION('',(-1.,3.66961941082555E-16,-1.22464679914735E-16));
#2588=DIRECTION('',(-3.66961941082555E-16,-1.,-1.62434274224405E-16));
#2589=DIRECTION('',(-1.,3.66961941082555E-16,-1.22464679914735E-16));
#2590=DIRECTION('',(3.66961941082555E-16,1.,1.62434274224405E-16));
#2591=DIRECTION('',(1.,-3.66961941082555E-16,1.22464679914735E-16));
#2592=DIRECTION('',(6.12303176911188E-17,1.,1.62434274224405E-16));
#2593=DIRECTION('',(0.,-1.62434274224405E-16,1.));
#2594=DIRECTION('',(-6.12303176911188E-17,-1.,-1.62434274224405E-16));
#2595=DIRECTION('',(0.,1.62434274224405E-16,-1.));
#2596=DIRECTION('',(-2.61526657984638E-16,-1.62434274224405E-16,1.));
#2597=DIRECTION('',(-6.12303176911188E-17,-1.,-1.62434274224405E-16));
#2598=DIRECTION('',(0.,1.62434274224405E-16,-1.));
#2599=DIRECTION('',(1.,-6.12303176911188E-17,-2.86336294132817E-16));
#2600=DIRECTION('',(6.12303176911188E-17,1.,1.62434274224405E-16));
#2601=DIRECTION('',(0.,-1.62434274224405E-16,1.));
#2602=DIRECTION('',(-6.12303176911188E-17,-1.,-1.62434274224405E-16));
#2603=DIRECTION('',(0.,1.62434274224405E-16,-1.));
#2604=DIRECTION('',(0.603149023388085,9.26312033960029E-17,-0.797628519792265));
#2605=DIRECTION('',(-6.12303176911188E-17,-1.,-1.62434274224405E-16));
#2606=DIRECTION('',(0.,1.62434274224405E-16,-1.));
#2607=DIRECTION('',(0.797628519772542,4.91330262022697E-17,-0.603149023414168));
#2608=DIRECTION('',(-6.12303176911188E-17,-1.,-1.62434274224405E-16));
#2609=DIRECTION('',(0.,1.62434274224405E-16,-1.));
#2610=DIRECTION('',(-6.12303176911188E-17,-1.,-1.62434274224405E-16));
#2611=DIRECTION('',(0.,1.62434274224405E-16,-1.));
#2612=DIRECTION('',(-6.12303176911188E-17,-1.,-1.62434274224405E-16));
#2613=DIRECTION('',(-6.12303176911188E-17,-1.,-1.62434274224405E-16));
#2614=DIRECTION('',(-6.12303176911188E-17,-1.,-1.62434274224405E-16));
#2615=DIRECTION('',(0.,1.62434274224405E-16,-1.));
#2616=DIRECTION('',(-6.12303176911188E-17,-1.,-1.62434274224405E-16));
#2617=DIRECTION('',(0.,1.62434274224405E-16,-1.));
#2618=DIRECTION('',(-0.603149023388085,-9.26312033960029E-17,0.797628519792265));
#2619=DIRECTION('',(-0.797628519772542,-4.91330262022697E-17,0.603149023414168));
#2620=DIRECTION('',(-6.12303176911188E-17,-1.,-1.62434274224405E-16));
#2621=DIRECTION('',(0.,1.62434274224405E-16,-1.));
#2622=DIRECTION('',(-6.12303176911188E-17,-1.,-1.62434274224405E-16));
#2623=DIRECTION('',(0.,1.62434274224405E-16,-1.));
#2624=DIRECTION('',(-6.12303176911188E-17,-1.,-1.62434274224405E-16));
#2625=DIRECTION('',(0.,1.62434274224405E-16,-1.));
#2626=DIRECTION('',(-6.12303176911188E-17,-1.,-1.62434274224405E-16));
#2627=DIRECTION('',(-6.12303176911188E-17,-1.,-1.62434274224405E-16));
#2628=DIRECTION('',(0.707106780309754,0.707106782063341,-4.43141553283825E-17));
#2629=DIRECTION('',(-2.25103954175449E-16,1.62434274224405E-16,-1.));
#2630=DIRECTION('',(0.707106780309754,0.707106782063341,-4.43141553283825E-17));
#2631=DIRECTION('',(0.707106782063341,-0.707106780309754,-2.74030909325506E-16));
#2632=DIRECTION('',(2.25103954175449E-16,-1.62434274224405E-16,1.));
#2633=DIRECTION('',(-0.623563931528164,0.623563929981759,-0.471525236358398));
#2634=DIRECTION('',(0.603149023388085,9.26312033960029E-17,-0.797628519792265));
#2635=DIRECTION('',(-6.12303176911188E-17,-1.,-1.62434274224405E-16));
#2636=DIRECTION('',(6.12303176911188E-17,1.,1.77674384791628E-16));
#2637=DIRECTION('',(0.797628519792265,-3.31212851596978E-16,0.603149023388085));
#2638=DIRECTION('',(-6.12303176911188E-17,-1.,-1.62434274224405E-16));
#2639=DIRECTION('',(-0.707106781186547,0.707106781186548,-7.00688965207998E-17));
#2640=DIRECTION('',(-2.61526657984638E-16,-1.62434274224405E-16,1.));
#2641=DIRECTION('',(0.623563930917449,0.623563930917448,-0.471525235928639));
#2642=DIRECTION('',(2.61526657984638E-16,1.62434274224405E-16,-1.));
#2643=DIRECTION('',(-0.707106781186547,0.707106781186548,-7.00688965207998E-17));
#2644=DIRECTION('',(-0.707106781186548,-0.707106781186547,-2.99785650123185E-16));
#2645=DIRECTION('',(0.603149023414168,-1.66493216028677E-16,0.797628519772542));
#2646=DIRECTION('',(-6.12303176911188E-17,-1.,-1.62434274224405E-16));
#2647=DIRECTION('',(-6.12303176911188E-17,-1.,-1.62434274224405E-16));
#2648=DIRECTION('',(-0.797628519772542,-2.33534756277643E-16,0.603149023414168));
#2649=DIRECTION('',(-6.12303176911188E-17,-1.,-2.69654799038941E-16));
#2650=DIRECTION('',(-1.,6.12303176911188E-17,2.25103954175449E-16));
#2651=DIRECTION('',(2.25103954175449E-16,-2.23664591915524E-16,1.));
#2652=DIRECTION('',(-2.25103954175449E-16,4.68165897615842E-16,-1.));
#2653=DIRECTION('',(-6.12303176911188E-17,-1.,-1.62434274224405E-16));
#2654=DIRECTION('',(1.,-6.12303176911189E-17,2.61526657984638E-16));
#2655=DIRECTION('',(2.61526657984638E-16,2.23664591915524E-16,-1.));
#2656=DIRECTION('',(-2.61526657984638E-16,-4.68165897615842E-16,1.));
#2657=DIRECTION('',(-6.12303176911188E-17,-1.,-1.62434274224405E-16));
#2658=DIRECTION('',(-6.12303176911188E-17,-1.,-4.68165897615842E-16));
#2659=DIRECTION('',(6.12323399573676E-17,4.68165897615842E-16,-1.));
#2660=DIRECTION('',(-6.12303176911188E-17,-1.,-4.68165897615842E-16));
#2661=DIRECTION('',(6.12323399573676E-17,4.68165897615842E-16,-1.));
#2662=DIRECTION('',(6.12303176911188E-17,1.,4.68165897615842E-16));
#2663=DIRECTION('',(-6.12323399573676E-17,-4.68165897615842E-16,1.));
#2664=DIRECTION('',(-6.12303176911188E-17,-1.,-1.62434274224405E-16));
#2665=DIRECTION('',(0.,1.62434274224405E-16,-1.));
#2666=DIRECTION('',(-6.12303176911188E-17,-1.,-1.62434274224405E-16));
#2667=DIRECTION('',(0.,1.62434274224405E-16,-1.));
#2668=DIRECTION('',(-6.12303176911188E-17,-1.,-1.62434274224405E-16));
#2669=DIRECTION('',(0.,1.62434274224405E-16,-1.));
#2670=DIRECTION('',(1.84925843363814E-16,0.707106781186548,-0.707106781186547));
#2671=DIRECTION('',(9.83330976566208E-17,-0.707106781186547,-0.707106781186548));
#2672=DIRECTION('',(-6.12303176911188E-17,-1.,-1.62434274224405E-16));
#2673=DIRECTION('',(-2.44501305700318E-16,1.,1.62434274224405E-16));
#2674=DIRECTION('',(-1.,-2.44501305700318E-16,0.));
#2675=DIRECTION('',(-6.12303176911188E-17,-1.,-1.62434274224405E-16));
#2676=DIRECTION('',(2.45766707937366E-16,0.707106782063341,0.707106780309754));
#2677=DIRECTION('',(1.59173962732288E-16,-0.707106780309754,0.707106782063341));
#2678=DIRECTION('',(6.12303176911188E-17,1.,1.62434274224405E-16));
#2679=DIRECTION('',(0.,-1.62434274224405E-16,1.));
#2680=DIRECTION('',(-6.12303176911188E-17,-1.,-1.62434274224405E-16));
#2681=DIRECTION('',(0.,1.62434274224405E-16,-1.));
#2682=DIRECTION('',(-1.,6.12303176911189E-17,-2.0029431802727E-16));
#2683=DIRECTION('',(-6.12303176911188E-17,-1.,-1.62434274224405E-16));
#2684=DIRECTION('',(0.,1.62434274224405E-16,-1.));
#2685=DIRECTION('',(-6.12303176911188E-17,-1.,-1.62434274224405E-16));
#2686=DIRECTION('',(0.,1.62434274224405E-16,-1.));
#2687=DIRECTION('',(-6.12303176911188E-17,-1.,-1.62434274224405E-16));
#2688=DIRECTION('',(0.,1.62434274224405E-16,-1.));
#2689=DIRECTION('',(-6.12303176911188E-17,-1.,-1.62434274224405E-16));
#2690=DIRECTION('',(0.,1.62434274224405E-16,-1.));
#2691=DIRECTION('',(-6.12303176911188E-17,-1.,-1.62434274224405E-16));
#2692=DIRECTION('',(0.,1.62434274224405E-16,-1.));
#2693=DIRECTION('',(-6.12303176911188E-17,-1.,-1.62434274224405E-16));
#2694=DIRECTION('',(2.44501305700318E-16,-1.,-1.62434274224405E-16));
#2695=DIRECTION('',(1.,2.44501305700318E-16,0.));
#2696=DIRECTION('',(-6.12303176911188E-17,-1.,-1.62434274224405E-16));
#2697=DIRECTION('',(6.12303176911188E-17,1.,1.62434274224405E-16));
#2698=DIRECTION('',(0.,-1.62434274224405E-16,1.));
#2699=DIRECTION('',(-6.12303176911188E-17,-1.,-1.62434274224405E-16));
#2700=DIRECTION('',(0.,1.62434274224405E-16,-1.));
#2701=DIRECTION('',(0.603149023414168,-1.66493216028677E-16,0.797628519772542));
#2702=DIRECTION('',(-6.12303176911188E-17,-1.,-1.62434274224405E-16));
#2703=DIRECTION('',(0.,1.62434274224405E-16,-1.));
#2704=DIRECTION('',(-6.12303176911188E-17,-1.,-1.62434274224405E-16));
#2705=DIRECTION('',(0.,1.62434274224405E-16,-1.));
#2706=DIRECTION('',(-6.12303176911188E-17,-1.,-1.62434274224405E-16));
#2707=DIRECTION('',(-6.12303176911188E-17,-1.,-1.62434274224405E-16));
#2708=DIRECTION('',(0.,1.62434274224405E-16,-1.));
#2709=DIRECTION('',(-6.12303176911188E-17,-1.,-1.62434274224405E-16));
#2710=DIRECTION('',(0.,1.62434274224405E-16,-1.));
#2711=DIRECTION('',(-0.603149023414168,1.66493216028677E-16,-0.797628519772542));
#2712=DIRECTION('',(-6.12303176911188E-17,-1.,-1.62434274224405E-16));
#2713=DIRECTION('',(0.,1.62434274224405E-16,-1.));
#2714=DIRECTION('',(-6.12303176911188E-17,-1.,-1.62434274224405E-16));
#2715=DIRECTION('',(0.,1.62434274224405E-16,-1.));
#2716=DIRECTION('',(-6.12303176911188E-17,-1.,-1.62434274224405E-16));
#2717=DIRECTION('',(-6.12303176911188E-17,-1.,-1.62434274224405E-16));
#2718=DIRECTION('',(0.,1.62434274224405E-16,-1.));
#2719=DIRECTION('',(-6.12303176911188E-17,-1.,-1.62434274224405E-16));
#2720=DIRECTION('',(0.,1.62434274224405E-16,-1.));
#2721=DIRECTION('',(-2.86336294132817E-16,1.62434274224405E-16,-1.));
#2722=DIRECTION('',(-1.,0.,2.86336294132817E-16));
#2723=DIRECTION('',(1.,2.44501305700318E-16,-2.86336294132817E-16));
#2724=DIRECTION('',(4.59902071238967E-17,1.,1.62434274224405E-16));
#2725=DIRECTION('',(-1.,6.12303176911188E-17,2.86336294132817E-16));
#2726=DIRECTION('',(-2.0029431802727E-16,-1.62434274224405E-16,1.));
#2727=DIRECTION('',(1.,0.,2.0029431802727E-16));
#2728=DIRECTION('',(1.,-6.12303176911189E-17,2.0029431802727E-16));
#2729=DIRECTION('',(4.59902071234171E-17,-1.,-1.62434274224405E-16));
#2730=DIRECTION('',(-1.,-2.44501305700318E-16,-2.0029431802727E-16));
#2731=DIRECTION('',(2.44501305700318E-16,-1.,-1.62434274224405E-16));
#2732=DIRECTION('',(1.,2.44501305700318E-16,0.));
#2733=DIRECTION('',(-0.603149023388085,-2.77032933463401E-16,0.797628519792265));
#2734=DIRECTION('',(-0.603149023414168,-1.79085140466958E-17,-0.797628519772542));
#2735=DIRECTION('',(2.45766707937366E-16,0.707106782063341,0.707106780309754));
#2736=DIRECTION('',(1.,-6.12303176911188E-17,-2.86336294132817E-16));
#2737=DIRECTION('',(0.471525236358398,0.623563929981759,-0.623563931528164));
#2738=DIRECTION('',(0.797628519792265,-1.4681112152958E-16,0.603149023388085));
#2739=DIRECTION('',(-6.12303176911188E-17,-1.,-1.62434274224405E-16));
#2740=DIRECTION('',(1.84925843363814E-16,0.707106781186548,-0.707106781186547));
#2741=DIRECTION('',(-1.,6.12303176911189E-17,-2.0029431802727E-16));
#2742=DIRECTION('',(0.471525235928639,0.623563930917448,0.623563930917449));
#2743=DIRECTION('',(-0.797628519772542,-4.91330262022697E-17,0.603149023414168));
#2744=DIRECTION('',(-6.12303176911188E-17,-1.,-1.62434274224405E-16));
#2745=CARTESIAN_POINT('',(0.,0.,0.));
#2746=CARTESIAN_POINT('',(1.39067461056253E-15,22.7121900228886,-8.17199591827371E-17));
#2747=CARTESIAN_POINT('',(-2.47922737725804,22.1599968933855,-4.74937771167274));
#2748=CARTESIAN_POINT('',(-1.69356001166337,22.4901131700281,-4.74937771167274));
#2749=CARTESIAN_POINT('',(-0.858516426806049,22.7121900228886,-4.74937771167274));
#2750=CARTESIAN_POINT('',(-3.06003898717644E-15,22.7121900228886,-4.74937771167274));
#2751=CARTESIAN_POINT('',(-2.47922737725803,22.1599968933855,-4.74937771167274));
#2752=CARTESIAN_POINT('',(1.39067352344771E-15,22.7121900228886,-4.74937771167274));
#2753=CARTESIAN_POINT('',(1.3568636498162E-15,22.1599968933855,-1.71415049405268E-16));
#2754=CARTESIAN_POINT('',(-2.47922737725803,22.1599968933855,4.74937771167274));
#2755=CARTESIAN_POINT('',(-2.47922737725803,22.1599968933855,4.74937771167274));
#2756=CARTESIAN_POINT('',(-1.69356001166336,22.4901131700281,4.74937771167274));
#2757=CARTESIAN_POINT('',(-0.858516426806047,22.7121900228886,4.74937771167274));
#2758=CARTESIAN_POINT('',(-5.45649380877875E-16,22.7121900228886,4.74937771167274));
#2759=CARTESIAN_POINT('',(1.39067352375064E-15,22.7121900228886,4.74937771167274));
#2760=CARTESIAN_POINT('',(1.39067461056253E-15,22.7121900228886,-8.17199591827371E-17));
#2761=CARTESIAN_POINT('',(1.39067461056253E-15,22.7121900228886,-8.17199591827371E-17));
#2762=CARTESIAN_POINT('',(3.41221825447898E-16,22.7121900228886,-4.74937771167274));
#2763=CARTESIAN_POINT('',(0.859763281519621,22.7121900228886,-4.74937771167274));
#2764=CARTESIAN_POINT('',(1.69644675846279,22.4889002367353,-4.74937771167274));
#2765=CARTESIAN_POINT('',(2.47922737725817,22.1599968933858,-4.74937771167274));
#2766=CARTESIAN_POINT('',(2.47922737725804,22.1599968933855,-4.74937771167274));
#2767=CARTESIAN_POINT('',(1.39067461056253E-15,22.7121900228886,-8.17199591827371E-17));
#2768=CARTESIAN_POINT('',(2.84248810793074E-15,22.7121900228886,4.74937771167274));
#2769=CARTESIAN_POINT('',(0.859763281519623,22.7121900228886,4.74937771167274));
#2770=CARTESIAN_POINT('',(1.69644675846279,22.4889002367353,4.74937771167274));
#2771=CARTESIAN_POINT('',(2.47922737725818,22.1599968933858,4.74937771167274));
#2772=CARTESIAN_POINT('',(2.47922737725804,22.1599968933855,4.74937771167274));
#2773=CARTESIAN_POINT('',(1.3568636498162E-15,22.1599968933855,-1.71415049405268E-16));
#2774=CARTESIAN_POINT('',(1.33156645407787E-15,21.7468486901385,-2.38524477946811E-16));
#2775=CARTESIAN_POINT('',(2.47922737725804,21.7468486901385,-4.74937771167274));
#2776=CARTESIAN_POINT('',(2.47922737725804,20.1427677628226,-4.74937771167274));
#2777=CARTESIAN_POINT('',(2.47922737725804,21.7468486901385,4.74937771167274));
#2778=CARTESIAN_POINT('',(2.47922737725804,20.1427677628226,4.74937771167274));
#2779=CARTESIAN_POINT('',(1.23334806929606E-15,20.1427677628226,-4.99082199172581E-16));
#2780=CARTESIAN_POINT('',(-2.47922737725803,20.1427677628226,4.74937771167274));
#2781=CARTESIAN_POINT('',(-2.47922737725803,21.7468486901385,4.74937771167274));
#2782=CARTESIAN_POINT('',(-2.47922737725803,21.7468486901385,-4.74937771167274));
#2783=CARTESIAN_POINT('',(-2.47922737725804,20.1427677628226,-4.74937771167274));
#2784=CARTESIAN_POINT('',(1.23334806929606E-15,20.1427677628226,-4.99082199172581E-16));
#2785=CARTESIAN_POINT('',(9.79685083057902E-16,16.,-1.17200967400694E-15));
#2786=CARTESIAN_POINT('',(9.79685083057902E-16,16.,5.35753273777021));
#2787=CARTESIAN_POINT('',(1.33156645407787E-15,21.7468486901385,-2.38524477946811E-16));
#2788=CARTESIAN_POINT('',(1.22460635382239E-16,2.,-3.44608951314861E-15));
#2789=CARTESIAN_POINT('',(1.22460635382239E-16,2.,5.99999999999999));
#2790=CARTESIAN_POINT('',(2.11819899781927E-13,2.3111222265143,5.99999999999999));
#2791=CARTESIAN_POINT('',(2.11806742534489E-13,2.09624097267383,5.99999999999999));
#2792=CARTESIAN_POINT('',(2.11833048097186E-13,2.52585760196585,5.99999999999999));
#2793=CARTESIAN_POINT('',(1.01188351108656E-15,16.5258576019658,6.));
#2794=CARTESIAN_POINT('',(-2.48528137423857,16.4946076019658,6.));
#2795=CARTESIAN_POINT('',(-4.24264068711928,16.4633576019659,4.24264068711928));
#2796=CARTESIAN_POINT('',(-6.,16.4321076019658,2.48528137423857));
#2797=CARTESIAN_POINT('',(-6.,16.4008576019658,-4.50297905911774E-16));
#2798=CARTESIAN_POINT('',(-6.,16.3696076019658,-2.48528137423857));
#2799=CARTESIAN_POINT('',(-4.24264068711928,16.3383576019658,-4.24264068711928));
#2800=CARTESIAN_POINT('',(-2.48528137423857,16.3071076019658,-6.));
#2801=CARTESIAN_POINT('',(2.61787852175369E-16,16.2758576019658,-6.));
#2802=CARTESIAN_POINT('',(2.48528137423857,16.2446076019658,-6.));
#2803=CARTESIAN_POINT('',(4.24264068711928,16.2133576019658,-4.24264068711929));
#2804=CARTESIAN_POINT('',(6.,16.1821076019658,-2.48528137423857));
#2805=CARTESIAN_POINT('',(6.,16.1508576019658,-1.95085126981675E-15));
#2806=CARTESIAN_POINT('',(6.,16.1196076019658,2.48528137423857));
#2807=CARTESIAN_POINT('',(4.24264068711929,16.0883576019659,4.24264068711928));
#2808=CARTESIAN_POINT('',(2.48528137423858,16.0571076019658,6.));
#2809=CARTESIAN_POINT('',(9.81268352241001E-16,16.0258576019658,6.));
#2810=CARTESIAN_POINT('',(-2.48528137423857,15.9946076019658,6.));
#2811=CARTESIAN_POINT('',(-4.24264068711928,15.9633576019658,4.24264068711928));
#2812=CARTESIAN_POINT('',(-6.,15.9321076019658,2.48528137423857));
#2813=CARTESIAN_POINT('',(-6.,15.9008576019658,-5.12252315768089E-16));
#2814=CARTESIAN_POINT('',(-6.,15.8696076019658,-2.48528137423857));
#2815=CARTESIAN_POINT('',(-4.24264068711928,15.8383576019658,-4.24264068711928));
#2816=CARTESIAN_POINT('',(-2.48528137423857,15.8071076019658,-6.));
#2817=CARTESIAN_POINT('',(2.3117269332981E-16,15.7758576019658,-6.));
#2818=CARTESIAN_POINT('',(2.48528137423857,15.7446076019658,-6.));
#2819=CARTESIAN_POINT('',(4.24264068711928,15.7133576019659,-4.24264068711929));
#2820=CARTESIAN_POINT('',(6.,15.6821076019658,-2.48528137423857));
#2821=CARTESIAN_POINT('',(6.,15.6508576019658,-2.01280567967307E-15));
#2822=CARTESIAN_POINT('',(6.,15.6196076019658,2.48528137423857));
#2823=CARTESIAN_POINT('',(4.24264068711929,15.5883576019659,4.24264068711928));
#2824=CARTESIAN_POINT('',(2.48528137423858,15.5571076019659,6.));
#2825=CARTESIAN_POINT('',(9.50653193395442E-16,15.5258576019659,6.));
#2826=CARTESIAN_POINT('',(-2.48528137423857,15.4946076019658,6.));
#2827=CARTESIAN_POINT('',(-4.24264068711928,15.4633576019658,4.24264068711928));
#2828=CARTESIAN_POINT('',(-6.,15.4321076019659,2.48528137423857));
#2829=CARTESIAN_POINT('',(-6.,15.4008576019658,-5.74206725624403E-16));
#2830=CARTESIAN_POINT('',(-6.,15.3696076019659,-2.48528137423857));
#2831=CARTESIAN_POINT('',(-4.24264068711928,15.3383576019659,-4.24264068711928));
#2832=CARTESIAN_POINT('',(-2.48528137423857,15.3071076019659,-6.));
#2833=CARTESIAN_POINT('',(2.0055753448425E-16,15.2758576019659,-6.));
#2834=CARTESIAN_POINT('',(2.48528137423857,15.2446076019658,-6.));
#2835=CARTESIAN_POINT('',(4.24264068711928,15.2133576019659,-4.24264068711929));
#2836=CARTESIAN_POINT('',(6.,15.1821076019659,-2.48528137423857));
#2837=CARTESIAN_POINT('',(6.,15.1508576019659,-2.07476008952938E-15));
#2838=CARTESIAN_POINT('',(6.,15.1196076019659,2.48528137423857));
#2839=CARTESIAN_POINT('',(4.24264068711929,15.0883576019658,4.24264068711928));
#2840=CARTESIAN_POINT('',(2.48528137423858,15.0571076019659,6.));
#2841=CARTESIAN_POINT('',(9.20038034549882E-16,15.0258576019658,6.));
#2842=CARTESIAN_POINT('',(-2.48528137423857,14.9946076019659,6.));
#2843=CARTESIAN_POINT('',(-4.24264068711928,14.9633576019659,4.24264068711928));
#2844=CARTESIAN_POINT('',(-6.,14.9321076019659,2.48528137423857));
#2845=CARTESIAN_POINT('',(-6.,14.9008576019659,-6.36161135480718E-16));
#2846=CARTESIAN_POINT('',(-6.,14.8696076019659,-2.48528137423857));
#2847=CARTESIAN_POINT('',(-4.24264068711928,14.8383576019659,-4.24264068711928));
#2848=CARTESIAN_POINT('',(-2.48528137423857,14.8071076019658,-6.));
#2849=CARTESIAN_POINT('',(1.69942375638691E-16,14.7758576019659,-6.));
#2850=CARTESIAN_POINT('',(2.48528137423857,14.7446076019659,-6.));
#2851=CARTESIAN_POINT('',(4.24264068711928,14.7133576019658,-4.24264068711929));
#2852=CARTESIAN_POINT('',(6.,14.6821076019659,-2.48528137423857));
#2853=CARTESIAN_POINT('',(6.,14.6508576019658,-2.1367144993857E-15));
#2854=CARTESIAN_POINT('',(6.,14.6196076019659,2.48528137423857));
#2855=CARTESIAN_POINT('',(4.24264068711929,14.5883576019659,4.24264068711928));
#2856=CARTESIAN_POINT('',(2.48528137423858,14.5571076019658,6.));
#2857=CARTESIAN_POINT('',(8.89422875704323E-16,14.5258576019659,6.));
#2858=CARTESIAN_POINT('',(-2.48528137423857,14.4946076019659,6.));
#2859=CARTESIAN_POINT('',(-4.24264068711928,14.4633576019659,4.24264068711928));
#2860=CARTESIAN_POINT('',(-6.,14.4321076019658,2.48528137423857));
#2861=CARTESIAN_POINT('',(-6.,14.4008576019659,-6.98115545337032E-16));
#2862=CARTESIAN_POINT('',(-6.,14.3696076019659,-2.48528137423857));
#2863=CARTESIAN_POINT('',(-4.24264068711928,14.3383576019658,-4.24264068711928));
#2864=CARTESIAN_POINT('',(-2.48528137423857,14.3071076019658,-6.));
#2865=CARTESIAN_POINT('',(1.39327216793131E-16,14.2758576019658,-6.));
#2866=CARTESIAN_POINT('',(2.48528137423857,14.2446076019659,-6.));
#2867=CARTESIAN_POINT('',(4.24264068711928,14.2133576019659,-4.24264068711929));
#2868=CARTESIAN_POINT('',(6.,14.1821076019659,-2.48528137423857));
#2869=CARTESIAN_POINT('',(6.,14.1508576019659,-2.19866890924201E-15));
#2870=CARTESIAN_POINT('',(6.,14.1196076019659,2.48528137423857));
#2871=CARTESIAN_POINT('',(4.24264068711929,14.0883576019659,4.24264068711928));
#2872=CARTESIAN_POINT('',(2.48528137423858,14.0571076019659,6.));
#2873=CARTESIAN_POINT('',(8.58807716858764E-16,14.0258576019659,6.));
#2874=CARTESIAN_POINT('',(-2.48528137423857,13.9946076019659,6.));
#2875=CARTESIAN_POINT('',(-4.24264068711928,13.9633576019658,4.24264068711928));
#2876=CARTESIAN_POINT('',(-6.,13.9321076019659,2.48528137423857));
#2877=CARTESIAN_POINT('',(-6.,13.9008576019659,-7.60069955193347E-16));
#2878=CARTESIAN_POINT('',(-6.,13.8696076019659,-2.48528137423857));
#2879=CARTESIAN_POINT('',(-4.24264068711928,13.8383576019659,-4.24264068711928));
#2880=CARTESIAN_POINT('',(-2.48528137423857,13.8071076019659,-6.));
#2881=CARTESIAN_POINT('',(1.08712057947572E-16,13.7758576019659,-6.));
#2882=CARTESIAN_POINT('',(2.48528137423857,13.7446076019659,-6.));
#2883=CARTESIAN_POINT('',(4.24264068711928,13.7133576019659,-4.24264068711929));
#2884=CARTESIAN_POINT('',(6.,13.6821076019659,-2.48528137423857));
#2885=CARTESIAN_POINT('',(6.,13.6508576019659,-2.26062331909833E-15));
#2886=CARTESIAN_POINT('',(6.,13.6196076019659,2.48528137423857));
#2887=CARTESIAN_POINT('',(4.24264068711929,13.5883576019659,4.24264068711928));
#2888=CARTESIAN_POINT('',(2.48528137423858,13.5571076019659,6.));
#2889=CARTESIAN_POINT('',(8.28192558013204E-16,13.5258576019659,6.));
#2890=CARTESIAN_POINT('',(-2.48528137423857,13.4946076019659,6.));
#2891=CARTESIAN_POINT('',(-4.24264068711928,13.4633576019659,4.24264068711928));
#2892=CARTESIAN_POINT('',(-6.,13.4321076019659,2.48528137423857));
#2893=CARTESIAN_POINT('',(-6.,13.4008576019659,-8.22024365049661E-16));
#2894=CARTESIAN_POINT('',(-6.,13.3696076019659,-2.48528137423857));
#2895=CARTESIAN_POINT('',(-4.24264068711928,13.3383576019659,-4.24264068711928));
#2896=CARTESIAN_POINT('',(-2.48528137423857,13.3071076019659,-6.));
#2897=CARTESIAN_POINT('',(7.80968991020126E-17,13.2758576019659,-6.));
#2898=CARTESIAN_POINT('',(2.48528137423857,13.2446076019659,-6.));
#2899=CARTESIAN_POINT('',(4.24264068711928,13.2133576019658,-4.24264068711929));
#2900=CARTESIAN_POINT('',(6.,13.1821076019659,-2.48528137423857));
#2901=CARTESIAN_POINT('',(6.,13.1508576019658,-2.32257772895464E-15));
#2902=CARTESIAN_POINT('',(6.,13.1196076019659,2.48528137423857));
#2903=CARTESIAN_POINT('',(4.24264068711929,13.0883576019659,4.24264068711928));
#2904=CARTESIAN_POINT('',(2.48528137423858,13.0571076019659,6.));
#2905=CARTESIAN_POINT('',(7.97577399167645E-16,13.0258576019659,6.));
#2906=CARTESIAN_POINT('',(-2.48528137423857,12.9946076019659,6.));
#2907=CARTESIAN_POINT('',(-4.24264068711928,12.9633576019659,4.24264068711928));
#2908=CARTESIAN_POINT('',(-6.,12.9321076019659,2.48528137423857));
#2909=CARTESIAN_POINT('',(-6.,12.9008576019659,-8.83978774905976E-16));
#2910=CARTESIAN_POINT('',(-6.,12.8696076019659,-2.48528137423857));
#2911=CARTESIAN_POINT('',(-4.24264068711928,12.8383576019658,-4.24264068711929));
#2912=CARTESIAN_POINT('',(-2.48528137423857,12.8071076019659,-6.));
#2913=CARTESIAN_POINT('',(4.74817402564532E-17,12.7758576019659,-6.));
#2914=CARTESIAN_POINT('',(2.48528137423857,12.7446076019658,-6.));
#2915=CARTESIAN_POINT('',(4.24264068711928,12.7133576019659,-4.24264068711929));
#2916=CARTESIAN_POINT('',(6.,12.6821076019659,-2.48528137423857));
#2917=CARTESIAN_POINT('',(6.,12.6508576019659,-2.38453213881096E-15));
#2918=CARTESIAN_POINT('',(6.,12.6196076019658,2.48528137423857));
#2919=CARTESIAN_POINT('',(4.24264068711929,12.5883576019659,4.24264068711928));
#2920=CARTESIAN_POINT('',(2.48528137423857,12.5571076019659,6.));
#2921=CARTESIAN_POINT('',(7.66962240322085E-16,12.5258576019658,6.));
#2922=CARTESIAN_POINT('',(-2.48528137423857,12.4946076019658,6.));
#2923=CARTESIAN_POINT('',(-4.24264068711928,12.4633576019658,4.24264068711928));
#2924=CARTESIAN_POINT('',(-6.,12.4321076019659,2.48528137423857));
#2925=CARTESIAN_POINT('',(-6.,12.4008576019659,-9.4593318476229E-16));
#2926=CARTESIAN_POINT('',(-6.,12.3696076019658,-2.48528137423857));
#2927=CARTESIAN_POINT('',(-4.24264068711928,12.3383576019659,-4.24264068711929));
#2928=CARTESIAN_POINT('',(-2.48528137423857,12.3071076019659,-6.));
#2929=CARTESIAN_POINT('',(1.68665814108937E-17,12.2758576019659,-6.));
#2930=CARTESIAN_POINT('',(2.48528137423857,12.2446076019659,-6.));
#2931=CARTESIAN_POINT('',(4.24264068711928,12.2133576019659,-4.24264068711929));
#2932=CARTESIAN_POINT('',(6.,12.1821076019659,-2.48528137423857));
#2933=CARTESIAN_POINT('',(6.,12.1508576019658,-2.44648654866727E-15));
#2934=CARTESIAN_POINT('',(6.,12.1196076019659,2.48528137423857));
#2935=CARTESIAN_POINT('',(4.24264068711929,12.0883576019658,4.24264068711928));
#2936=CARTESIAN_POINT('',(2.48528137423857,12.0571076019659,6.));
#2937=CARTESIAN_POINT('',(7.36347081476526E-16,12.0258576019659,6.));
#2938=CARTESIAN_POINT('',(-2.48528137423857,11.9946076019659,6.));
#2939=CARTESIAN_POINT('',(-4.24264068711928,11.9633576019659,4.24264068711928));
#2940=CARTESIAN_POINT('',(-6.,11.9321076019659,2.48528137423857));
#2941=CARTESIAN_POINT('',(-6.,11.9008576019659,-1.0078875946186E-15));
#2942=CARTESIAN_POINT('',(-6.,11.8696076019659,-2.48528137423857));
#2943=CARTESIAN_POINT('',(-4.24264068711928,11.8383576019659,-4.24264068711929));
#2944=CARTESIAN_POINT('',(-2.48528137423857,11.8071076019659,-6.));
#2945=CARTESIAN_POINT('',(-1.37485774346656E-17,11.7758576019658,-6.));
#2946=CARTESIAN_POINT('',(2.48528137423857,11.7446076019659,-6.));
#2947=CARTESIAN_POINT('',(4.24264068711928,11.7133576019658,-4.24264068711929));
#2948=CARTESIAN_POINT('',(6.,11.6821076019659,-2.48528137423857));
#2949=CARTESIAN_POINT('',(6.,11.6508576019659,-2.50844095852359E-15));
#2950=CARTESIAN_POINT('',(6.,11.6196076019659,2.48528137423857));
#2951=CARTESIAN_POINT('',(4.24264068711929,11.5883576019659,4.24264068711928));
#2952=CARTESIAN_POINT('',(2.48528137423857,11.5571076019659,6.));
#2953=CARTESIAN_POINT('',(7.05731922630966E-16,11.5258576019659,6.));
#2954=CARTESIAN_POINT('',(-2.48528137423857,11.4946076019659,6.));
#2955=CARTESIAN_POINT('',(-4.24264068711928,11.4633576019659,4.24264068711928));
#2956=CARTESIAN_POINT('',(-6.,11.4321076019659,2.48528137423857));
#2957=CARTESIAN_POINT('',(-6.,11.4008576019658,-1.06984200447492E-15));
#2958=CARTESIAN_POINT('',(-6.,11.3696076019659,-2.48528137423857));
#2959=CARTESIAN_POINT('',(-4.24264068711928,11.3383576019658,-4.24264068711929));
#2960=CARTESIAN_POINT('',(-2.48528137423857,11.3071076019658,-6.));
#2961=CARTESIAN_POINT('',(-4.43637362802251E-17,11.2758576019658,-6.));
#2962=CARTESIAN_POINT('',(2.48528137423857,11.2446076019658,-6.));
#2963=CARTESIAN_POINT('',(4.24264068711928,11.2133576019658,-4.24264068711929));
#2964=CARTESIAN_POINT('',(6.,11.1821076019658,-2.48528137423858));
#2965=CARTESIAN_POINT('',(6.,11.1508576019658,-2.5703953683799E-15));
#2966=CARTESIAN_POINT('',(6.,11.1196076019658,2.48528137423857));
#2967=CARTESIAN_POINT('',(4.24264068711929,11.0883576019658,4.24264068711928));
#2968=CARTESIAN_POINT('',(2.48528137423857,11.0571076019658,6.));
#2969=CARTESIAN_POINT('',(6.75116763785407E-16,11.0258576019659,6.));
#2970=CARTESIAN_POINT('',(-2.48528137423857,10.9946076019659,6.));
#2971=CARTESIAN_POINT('',(-4.24264068711928,10.9633576019658,4.24264068711928));
#2972=CARTESIAN_POINT('',(-6.,10.9321076019659,2.48528137423857));
#2973=CARTESIAN_POINT('',(-6.,10.9008576019659,-1.13179641433123E-15));
#2974=CARTESIAN_POINT('',(-6.,10.8696076019659,-2.48528137423857));
#2975=CARTESIAN_POINT('',(-4.24264068711928,10.8383576019659,-4.24264068711929));
#2976=CARTESIAN_POINT('',(-2.48528137423857,10.8071076019659,-6.));
#2977=CARTESIAN_POINT('',(-7.49788951257845E-17,10.7758576019659,-6.));
#2978=CARTESIAN_POINT('',(2.48528137423857,10.7446076019659,-6.));
#2979=CARTESIAN_POINT('',(4.24264068711928,10.7133576019659,-4.24264068711929));
#2980=CARTESIAN_POINT('',(6.,10.6821076019659,-2.48528137423858));
#2981=CARTESIAN_POINT('',(6.,10.6508576019658,-2.63234977823621E-15));
#2982=CARTESIAN_POINT('',(6.,10.6196076019659,2.48528137423857));
#2983=CARTESIAN_POINT('',(4.24264068711929,10.5883576019658,4.24264068711928));
#2984=CARTESIAN_POINT('',(2.48528137423857,10.5571076019658,6.));
#2985=CARTESIAN_POINT('',(6.44501604939847E-16,10.5258576019659,6.));
#2986=CARTESIAN_POINT('',(-2.48528137423857,10.4946076019659,6.));
#2987=CARTESIAN_POINT('',(-4.24264068711928,10.4633576019659,4.24264068711928));
#2988=CARTESIAN_POINT('',(-6.,10.4321076019658,2.48528137423857));
#2989=CARTESIAN_POINT('',(-6.,10.4008576019659,-1.19375082418755E-15));
#2990=CARTESIAN_POINT('',(-6.,10.3696076019659,-2.48528137423857));
#2991=CARTESIAN_POINT('',(-4.24264068711928,10.3383576019659,-4.24264068711929));
#2992=CARTESIAN_POINT('',(-2.48528137423857,10.3071076019658,-6.));
#2993=CARTESIAN_POINT('',(-1.05594053971344E-16,10.2758576019658,-6.));
#2994=CARTESIAN_POINT('',(2.48528137423857,10.2446076019659,-6.));
#2995=CARTESIAN_POINT('',(4.24264068711928,10.2133576019658,-4.24264068711929));
#2996=CARTESIAN_POINT('',(6.,10.1821076019658,-2.48528137423858));
#2997=CARTESIAN_POINT('',(6.,10.1508576019659,-2.69430418809253E-15));
#2998=CARTESIAN_POINT('',(6.,10.1196076019659,2.48528137423857));
#2999=CARTESIAN_POINT('',(4.24264068711929,10.0883576019659,4.24264068711928));
#3000=CARTESIAN_POINT('',(2.48528137423857,10.0571076019659,6.));
#3001=CARTESIAN_POINT('',(6.13886446094288E-16,10.0258576019659,6.));
#3002=CARTESIAN_POINT('',(-2.48528137423857,9.99460760196585,6.));
#3003=CARTESIAN_POINT('',(-4.24264068711928,9.96335760196585,4.24264068711928));
#3004=CARTESIAN_POINT('',(-6.,9.93210760196585,2.48528137423857));
#3005=CARTESIAN_POINT('',(-6.,9.90085760196585,-1.25570523404386E-15));
#3006=CARTESIAN_POINT('',(-6.,9.86960760196585,-2.48528137423857));
#3007=CARTESIAN_POINT('',(-4.24264068711928,9.83835760196585,-4.24264068711929));
#3008=CARTESIAN_POINT('',(-2.48528137423857,9.80710760196585,-6.));
#3009=CARTESIAN_POINT('',(-1.36209212816903E-16,9.77585760196585,-6.));
#3010=CARTESIAN_POINT('',(2.48528137423857,9.74460760196585,-6.));
#3011=CARTESIAN_POINT('',(4.24264068711928,9.71335760196585,-4.24264068711929));
#3012=CARTESIAN_POINT('',(6.,9.68210760196585,-2.48528137423858));
#3013=CARTESIAN_POINT('',(6.,9.65085760196585,-2.75625859794884E-15));
#3014=CARTESIAN_POINT('',(6.,9.61960760196585,2.48528137423857));
#3015=CARTESIAN_POINT('',(4.24264068711929,9.58835760196585,4.24264068711928));
#3016=CARTESIAN_POINT('',(2.48528137423857,9.55710760196585,6.));
#3017=CARTESIAN_POINT('',(5.83271287248729E-16,9.52585760196585,6.));
#3018=CARTESIAN_POINT('',(-2.48528137423857,9.49460760196585,6.));
#3019=CARTESIAN_POINT('',(-4.24264068711928,9.46335760196585,4.24264068711928));
#3020=CARTESIAN_POINT('',(-6.,9.43210760196585,2.48528137423857));
#3021=CARTESIAN_POINT('',(-6.,9.40085760196585,-1.31765964390018E-15));
#3022=CARTESIAN_POINT('',(-6.,9.36960760196585,-2.48528137423857));
#3023=CARTESIAN_POINT('',(-4.24264068711928,9.33835760196585,-4.24264068711929));
#3024=CARTESIAN_POINT('',(-2.48528137423857,9.30710760196585,-6.));
#3025=CARTESIAN_POINT('',(-1.66824371662463E-16,9.27585760196585,-6.));
#3026=CARTESIAN_POINT('',(2.48528137423857,9.24460760196585,-6.));
#3027=CARTESIAN_POINT('',(4.24264068711928,9.21335760196585,-4.24264068711929));
#3028=CARTESIAN_POINT('',(6.,9.18210760196585,-2.48528137423858));
#3029=CARTESIAN_POINT('',(6.,9.15085760196585,-2.81821300780516E-15));
#3030=CARTESIAN_POINT('',(6.,9.11960760196585,2.48528137423857));
#3031=CARTESIAN_POINT('',(4.24264068711928,9.08835760196585,4.24264068711928));
#3032=CARTESIAN_POINT('',(2.48528137423857,9.05710760196585,6.));
#3033=CARTESIAN_POINT('',(5.52656128403169E-16,9.02585760196585,6.));
#3034=CARTESIAN_POINT('',(-2.48528137423857,8.99460760196585,6.));
#3035=CARTESIAN_POINT('',(-4.24264068711928,8.96335760196585,4.24264068711928));
#3036=CARTESIAN_POINT('',(-6.,8.93210760196585,2.48528137423857));
#3037=CARTESIAN_POINT('',(-6.,8.90085760196585,-1.37961405375649E-15));
#3038=CARTESIAN_POINT('',(-6.,8.86960760196585,-2.48528137423857));
#3039=CARTESIAN_POINT('',(-4.24264068711928,8.83835760196585,-4.24264068711929));
#3040=CARTESIAN_POINT('',(-2.48528137423857,8.80710760196585,-6.));
#3041=CARTESIAN_POINT('',(-1.97439530508022E-16,8.77585760196585,-6.));
#3042=CARTESIAN_POINT('',(2.48528137423857,8.74460760196585,-6.));
#3043=CARTESIAN_POINT('',(4.24264068711928,8.71335760196585,-4.24264068711929));
#3044=CARTESIAN_POINT('',(6.,8.68210760196585,-2.48528137423858));
#3045=CARTESIAN_POINT('',(6.,8.65085760196585,-2.88016741766147E-15));
#3046=CARTESIAN_POINT('',(6.,8.61960760196585,2.48528137423857));
#3047=CARTESIAN_POINT('',(4.24264068711928,8.58835760196585,4.24264068711928));
#3048=CARTESIAN_POINT('',(2.48528137423857,8.55710760196585,6.));
#3049=CARTESIAN_POINT('',(5.2204096955761E-16,8.52585760196585,6.));
#3050=CARTESIAN_POINT('',(-2.48528137423857,8.49460760196585,6.));
#3051=CARTESIAN_POINT('',(-4.24264068711928,8.46335760196585,4.24264068711928));
#3052=CARTESIAN_POINT('',(-6.,8.43210760196585,2.48528137423857));
#3053=CARTESIAN_POINT('',(-6.,8.40085760196585,-1.44156846361281E-15));
#3054=CARTESIAN_POINT('',(-6.,8.36960760196585,-2.48528137423857));
#3055=CARTESIAN_POINT('',(-4.24264068711928,8.33835760196585,-4.24264068711929));
#3056=CARTESIAN_POINT('',(-2.48528137423857,8.30710760196585,-6.));
#3057=CARTESIAN_POINT('',(-2.28054689353582E-16,8.27585760196585,-6.));
#3058=CARTESIAN_POINT('',(2.48528137423857,8.24460760196585,-6.));
#3059=CARTESIAN_POINT('',(4.24264068711928,8.21335760196585,-4.24264068711929));
#3060=CARTESIAN_POINT('',(6.,8.18210760196585,-2.48528137423858));
#3061=CARTESIAN_POINT('',(6.,8.15085760196585,-2.94212182751779E-15));
#3062=CARTESIAN_POINT('',(6.,8.11960760196585,2.48528137423857));
#3063=CARTESIAN_POINT('',(4.24264068711928,8.08835760196585,4.24264068711928));
#3064=CARTESIAN_POINT('',(2.48528137423857,8.05710760196585,6.));
#3065=CARTESIAN_POINT('',(4.9142581071205E-16,8.02585760196585,6.));
#3066=CARTESIAN_POINT('',(-2.48528137423857,7.99460760196585,6.));
#3067=CARTESIAN_POINT('',(-4.24264068711928,7.96335760196585,4.24264068711928));
#3068=CARTESIAN_POINT('',(-6.,7.93210760196585,2.48528137423857));
#3069=CARTESIAN_POINT('',(-6.,7.90085760196585,-1.50352287346912E-15));
#3070=CARTESIAN_POINT('',(-6.,7.86960760196585,-2.48528137423857));
#3071=CARTESIAN_POINT('',(-4.24264068711928,7.83835760196585,-4.24264068711929));
#3072=CARTESIAN_POINT('',(-2.48528137423857,7.80710760196585,-6.));
#3073=CARTESIAN_POINT('',(-2.58669848199141E-16,7.77585760196585,-6.));
#3074=CARTESIAN_POINT('',(2.48528137423857,7.74460760196585,-6.));
#3075=CARTESIAN_POINT('',(4.24264068711928,7.71335760196585,-4.24264068711929));
#3076=CARTESIAN_POINT('',(6.,7.68210760196585,-2.48528137423858));
#3077=CARTESIAN_POINT('',(6.,7.65085760196585,-3.0040762373741E-15));
#3078=CARTESIAN_POINT('',(6.,7.61960760196585,2.48528137423857));
#3079=CARTESIAN_POINT('',(4.24264068711928,7.58835760196585,4.24264068711928));
#3080=CARTESIAN_POINT('',(2.48528137423857,7.55710760196585,6.));
#3081=CARTESIAN_POINT('',(4.60810651866491E-16,7.52585760196585,6.));
#3082=CARTESIAN_POINT('',(-2.48528137423857,7.49460760196585,6.));
#3083=CARTESIAN_POINT('',(-4.24264068711928,7.46335760196585,4.24264068711928));
#3084=CARTESIAN_POINT('',(-6.,7.43210760196585,2.48528137423857));
#3085=CARTESIAN_POINT('',(-6.,7.40085760196585,-1.56547728332544E-15));
#3086=CARTESIAN_POINT('',(-6.,7.36960760196585,-2.48528137423857));
#3087=CARTESIAN_POINT('',(-4.24264068711928,7.33835760196585,-4.24264068711929));
#3088=CARTESIAN_POINT('',(-2.48528137423857,7.30710760196585,-6.));
#3089=CARTESIAN_POINT('',(-2.89285007044701E-16,7.27585760196585,-6.));
#3090=CARTESIAN_POINT('',(2.48528137423857,7.24460760196585,-6.));
#3091=CARTESIAN_POINT('',(4.24264068711928,7.21335760196585,-4.24264068711929));
#3092=CARTESIAN_POINT('',(6.,7.18210760196585,-2.48528137423858));
#3093=CARTESIAN_POINT('',(6.,7.15085760196585,-3.06603064723042E-15));
#3094=CARTESIAN_POINT('',(6.,7.11960760196585,2.48528137423857));
#3095=CARTESIAN_POINT('',(4.24264068711928,7.08835760196585,4.24264068711928));
#3096=CARTESIAN_POINT('',(2.48528137423857,7.05710760196585,6.));
#3097=CARTESIAN_POINT('',(4.30195493020931E-16,7.02585760196585,6.));
#3098=CARTESIAN_POINT('',(-2.48528137423857,6.99460760196585,6.));
#3099=CARTESIAN_POINT('',(-4.24264068711928,6.96335760196585,4.24264068711928));
#3100=CARTESIAN_POINT('',(-6.,6.93210760196585,2.48528137423857));
#3101=CARTESIAN_POINT('',(-6.,6.90085760196585,-1.62743169318175E-15));
#3102=CARTESIAN_POINT('',(-6.,6.86960760196585,-2.48528137423857));
#3103=CARTESIAN_POINT('',(-4.24264068711928,6.83835760196585,-4.24264068711929));
#3104=CARTESIAN_POINT('',(-2.48528137423857,6.80710760196585,-6.));
#3105=CARTESIAN_POINT('',(-3.1990016589026E-16,6.77585760196585,-6.));
#3106=CARTESIAN_POINT('',(2.48528137423857,6.74460760196585,-6.));
#3107=CARTESIAN_POINT('',(4.24264068711928,6.71335760196585,-4.24264068711929));
#3108=CARTESIAN_POINT('',(6.,6.68210760196585,-2.48528137423858));
#3109=CARTESIAN_POINT('',(6.,6.65085760196585,-3.12798505708673E-15));
#3110=CARTESIAN_POINT('',(6.,6.61960760196585,2.48528137423857));
#3111=CARTESIAN_POINT('',(4.24264068711928,6.58835760196585,4.24264068711928));
#3112=CARTESIAN_POINT('',(2.48528137423857,6.55710760196585,6.));
#3113=CARTESIAN_POINT('',(3.99580334175372E-16,6.52585760196585,6.));
#3114=CARTESIAN_POINT('',(-2.48528137423857,6.49460760196585,6.));
#3115=CARTESIAN_POINT('',(-4.24264068711928,6.46335760196585,4.24264068711928));
#3116=CARTESIAN_POINT('',(-6.,6.43210760196585,2.48528137423857));
#3117=CARTESIAN_POINT('',(-6.,6.40085760196585,-1.68938610303807E-15));
#3118=CARTESIAN_POINT('',(-6.,6.36960760196585,-2.48528137423857));
#3119=CARTESIAN_POINT('',(-4.24264068711928,6.33835760196585,-4.24264068711929));
#3120=CARTESIAN_POINT('',(-2.48528137423857,6.30710760196585,-6.));
#3121=CARTESIAN_POINT('',(-3.50515324735819E-16,6.27585760196585,-6.));
#3122=CARTESIAN_POINT('',(2.48528137423857,6.24460760196585,-6.));
#3123=CARTESIAN_POINT('',(4.24264068711928,6.21335760196585,-4.24264068711929));
#3124=CARTESIAN_POINT('',(6.,6.18210760196585,-2.48528137423858));
#3125=CARTESIAN_POINT('',(6.,6.15085760196585,-3.18993946694305E-15));
#3126=CARTESIAN_POINT('',(6.,6.11960760196585,2.48528137423857));
#3127=CARTESIAN_POINT('',(4.24264068711928,6.08835760196585,4.24264068711928));
#3128=CARTESIAN_POINT('',(2.48528137423857,6.05710760196585,6.));
#3129=CARTESIAN_POINT('',(3.68965175329813E-16,6.02585760196585,6.));
#3130=CARTESIAN_POINT('',(-2.48528137423857,5.99460760196585,6.));
#3131=CARTESIAN_POINT('',(-4.24264068711928,5.96335760196585,4.24264068711928));
#3132=CARTESIAN_POINT('',(-6.,5.93210760196585,2.48528137423857));
#3133=CARTESIAN_POINT('',(-6.,5.90085760196585,-1.75134051289438E-15));
#3134=CARTESIAN_POINT('',(-6.,5.86960760196585,-2.48528137423857));
#3135=CARTESIAN_POINT('',(-4.24264068711928,5.83835760196585,-4.24264068711929));
#3136=CARTESIAN_POINT('',(-2.48528137423857,5.80710760196585,-6.));
#3137=CARTESIAN_POINT('',(-3.81130483581379E-16,5.77585760196585,-6.));
#3138=CARTESIAN_POINT('',(2.48528137423857,5.74460760196585,-6.));
#3139=CARTESIAN_POINT('',(4.24264068711928,5.71335760196585,-4.24264068711929));
#3140=CARTESIAN_POINT('',(6.,5.68210760196585,-2.48528137423858));
#3141=CARTESIAN_POINT('',(6.,5.65085760196585,-3.25189387679936E-15));
#3142=CARTESIAN_POINT('',(6.,5.61960760196585,2.48528137423857));
#3143=CARTESIAN_POINT('',(4.24264068711928,5.58835760196585,4.24264068711928));
#3144=CARTESIAN_POINT('',(2.48528137423857,5.55710760196585,5.99999999999999));
#3145=CARTESIAN_POINT('',(3.38350016484253E-16,5.52585760196585,6.));
#3146=CARTESIAN_POINT('',(-2.48528137423857,5.49460760196585,6.));
#3147=CARTESIAN_POINT('',(-4.24264068711928,5.46335760196585,4.24264068711928));
#3148=CARTESIAN_POINT('',(-6.,5.43210760196585,2.48528137423857));
#3149=CARTESIAN_POINT('',(-6.,5.40085760196585,-1.81329492275069E-15));
#3150=CARTESIAN_POINT('',(-6.,5.36960760196585,-2.48528137423857));
#3151=CARTESIAN_POINT('',(-4.24264068711928,5.33835760196585,-4.24264068711929));
#3152=CARTESIAN_POINT('',(-2.48528137423857,5.30710760196585,-6.));
#3153=CARTESIAN_POINT('',(-4.11745642426938E-16,5.27585760196585,-6.));
#3154=CARTESIAN_POINT('',(2.48528137423857,5.24460760196585,-6.));
#3155=CARTESIAN_POINT('',(4.24264068711928,5.21335760196585,-4.24264068711929));
#3156=CARTESIAN_POINT('',(6.,5.18210760196585,-2.48528137423858));
#3157=CARTESIAN_POINT('',(6.,5.15085760196585,-3.31384828665567E-15));
#3158=CARTESIAN_POINT('',(6.,5.11960760196585,2.48528137423857));
#3159=CARTESIAN_POINT('',(4.24264068711928,5.08835760196585,4.24264068711928));
#3160=CARTESIAN_POINT('',(2.48528137423857,5.05710760196585,5.99999999999999));
#3161=CARTESIAN_POINT('',(3.07734857638694E-16,5.02585760196585,6.));
#3162=CARTESIAN_POINT('',(-2.48528137423857,4.99460760196585,6.));
#3163=CARTESIAN_POINT('',(-4.24264068711928,4.96335760196585,4.24264068711928));
#3164=CARTESIAN_POINT('',(-6.,4.93210760196585,2.48528137423857));
#3165=CARTESIAN_POINT('',(-6.,4.90085760196585,-1.87524933260701E-15));
#3166=CARTESIAN_POINT('',(-6.,4.86960760196585,-2.48528137423857));
#3167=CARTESIAN_POINT('',(-4.24264068711928,4.83835760196585,-4.24264068711929));
#3168=CARTESIAN_POINT('',(-2.48528137423857,4.80710760196585,-6.));
#3169=CARTESIAN_POINT('',(-4.42360801272498E-16,4.77585760196585,-6.));
#3170=CARTESIAN_POINT('',(2.48528137423857,4.74460760196585,-6.));
#3171=CARTESIAN_POINT('',(4.24264068711928,4.71335760196585,-4.24264068711929));
#3172=CARTESIAN_POINT('',(6.,4.68210760196585,-2.48528137423858));
#3173=CARTESIAN_POINT('',(6.,4.65085760196585,-3.37580269651199E-15));
#3174=CARTESIAN_POINT('',(6.,4.61960760196585,2.48528137423857));
#3175=CARTESIAN_POINT('',(4.24264068711928,4.58835760196585,4.24264068711928));
#3176=CARTESIAN_POINT('',(2.48528137423857,4.55710760196585,5.99999999999999));
#3177=CARTESIAN_POINT('',(2.77119698793134E-16,4.52585760196585,6.));
#3178=CARTESIAN_POINT('',(-2.48528137423857,4.49460760196585,6.));
#3179=CARTESIAN_POINT('',(-4.24264068711928,4.46335760196585,4.24264068711928));
#3180=CARTESIAN_POINT('',(-6.,4.43210760196585,2.48528137423857));
#3181=CARTESIAN_POINT('',(-6.,4.40085760196585,-1.93720374246332E-15));
#3182=CARTESIAN_POINT('',(-6.,4.36960760196585,-2.48528137423857));
#3183=CARTESIAN_POINT('',(-4.24264068711928,4.33835760196585,-4.24264068711929));
#3184=CARTESIAN_POINT('',(-2.48528137423857,4.30710760196585,-6.));
#3185=CARTESIAN_POINT('',(-4.72975960118057E-16,4.27585760196585,-6.));
#3186=CARTESIAN_POINT('',(2.48528137423857,4.24460760196585,-6.));
#3187=CARTESIAN_POINT('',(4.24264068711928,4.21335760196585,-4.24264068711929));
#3188=CARTESIAN_POINT('',(6.,4.18210760196585,-2.48528137423858));
#3189=CARTESIAN_POINT('',(6.,4.15085760196585,-3.4377571063683E-15));
#3190=CARTESIAN_POINT('',(6.,4.11960760196585,2.48528137423857));
#3191=CARTESIAN_POINT('',(4.24264068711928,4.08835760196585,4.24264068711928));
#3192=CARTESIAN_POINT('',(2.48528137423857,4.05710760196585,5.99999999999999));
#3193=CARTESIAN_POINT('',(2.46504539947575E-16,4.02585760196585,6.));
#3194=CARTESIAN_POINT('',(-2.48528137423857,3.99460760196585,6.));
#3195=CARTESIAN_POINT('',(-4.24264068711928,3.96335760196585,4.24264068711928));
#3196=CARTESIAN_POINT('',(-6.,3.93210760196585,2.48528137423857));
#3197=CARTESIAN_POINT('',(-6.,3.90085760196585,-1.99915815231964E-15));
#3198=CARTESIAN_POINT('',(-6.,3.86960760196585,-2.48528137423857));
#3199=CARTESIAN_POINT('',(-4.24264068711928,3.83835760196585,-4.24264068711929));
#3200=CARTESIAN_POINT('',(-2.48528137423857,3.80710760196585,-6.));
#3201=CARTESIAN_POINT('',(-5.03591118963617E-16,3.77585760196585,-6.));
#3202=CARTESIAN_POINT('',(2.48528137423857,3.74460760196585,-6.));
#3203=CARTESIAN_POINT('',(4.24264068711928,3.71335760196585,-4.24264068711929));
#3204=CARTESIAN_POINT('',(6.,3.68210760196585,-2.48528137423858));
#3205=CARTESIAN_POINT('',(6.,3.65085760196585,-3.49971151622462E-15));
#3206=CARTESIAN_POINT('',(6.,3.61960760196585,2.48528137423857));
#3207=CARTESIAN_POINT('',(4.24264068711928,3.58835760196585,4.24264068711928));
#3208=CARTESIAN_POINT('',(2.48528137423857,3.55710760196585,5.99999999999999));
#3209=CARTESIAN_POINT('',(2.15889381102015E-16,3.52585760196585,6.));
#3210=CARTESIAN_POINT('',(-2.48528137423857,3.49460760196585,6.));
#3211=CARTESIAN_POINT('',(-4.24264068711928,3.46335760196585,4.24264068711928));
#3212=CARTESIAN_POINT('',(-6.,3.43210760196585,2.48528137423857));
#3213=CARTESIAN_POINT('',(-6.,3.40085760196585,-2.06111256217595E-15));
#3214=CARTESIAN_POINT('',(-6.,3.36960760196585,-2.48528137423857));
#3215=CARTESIAN_POINT('',(-4.24264068711928,3.33835760196585,-4.24264068711929));
#3216=CARTESIAN_POINT('',(-2.48528137423857,3.30710760196585,-6.));
#3217=CARTESIAN_POINT('',(-5.34206277809176E-16,3.27585760196585,-6.));
#3218=CARTESIAN_POINT('',(2.48528137423857,3.24460760196585,-6.));
#3219=CARTESIAN_POINT('',(4.24264068711928,3.21335760196585,-4.24264068711929));
#3220=CARTESIAN_POINT('',(6.,3.18210760196585,-2.48528137423858));
#3221=CARTESIAN_POINT('',(6.,3.15085760196585,-3.56166592608093E-15));
#3222=CARTESIAN_POINT('',(6.,3.11960760196585,2.48528137423857));
#3223=CARTESIAN_POINT('',(4.24264068711928,3.08835760196585,4.24264068711928));
#3224=CARTESIAN_POINT('',(2.48528137423857,3.05710760196585,5.99999999999999));
#3225=CARTESIAN_POINT('',(1.85274222256456E-16,3.02585760196585,6.));
#3226=CARTESIAN_POINT('',(-2.48528137423857,2.99460760196585,6.));
#3227=CARTESIAN_POINT('',(-4.24264068711928,2.96335760196585,4.24264068711928));
#3228=CARTESIAN_POINT('',(-6.,2.93210760196585,2.48528137423857));
#3229=CARTESIAN_POINT('',(-6.,2.90085760196585,-2.12306697203227E-15));
#3230=CARTESIAN_POINT('',(-6.,2.86960760196585,-2.48528137423857));
#3231=CARTESIAN_POINT('',(-4.24264068711928,2.83835760196585,-4.24264068711929));
#3232=CARTESIAN_POINT('',(-2.48528137423857,2.80710760196585,-6.));
#3233=CARTESIAN_POINT('',(-5.64821436654735E-16,2.77585760196585,-6.));
#3234=CARTESIAN_POINT('',(2.48528137423857,2.74460760196585,-6.));
#3235=CARTESIAN_POINT('',(4.24264068711928,2.71335760196585,-4.24264068711929));
#3236=CARTESIAN_POINT('',(6.,2.68210760196585,-2.48528137423858));
#3237=CARTESIAN_POINT('',(6.,2.65085760196585,-3.62362033593725E-15));
#3238=CARTESIAN_POINT('',(6.,2.61960760196585,2.48528137423857));
#3239=CARTESIAN_POINT('',(4.24264068711928,2.58835760196585,4.24264068711928));
#3240=CARTESIAN_POINT('',(2.48528137423857,2.55710760196585,5.99999999999999));
#3241=CARTESIAN_POINT('',(1.54659063410897E-16,2.52585760196585,6.));
#3242=CARTESIAN_POINT('',(-5.87766230011582,15.4166520164925,1.20544012119938));
#3243=CARTESIAN_POINT('',(9.43966500703263E-16,15.4166520164925,-1.26676538032825E-15));
#3244=CARTESIAN_POINT('',(-4.65581462488552,15.4166520164925,-3.78462550045604));
#3245=CARTESIAN_POINT('',(9.85577948389622E-16,16.0962409726738,6.));
#3246=CARTESIAN_POINT('',(-2.48528137423857,16.0649909726738,6.));
#3247=CARTESIAN_POINT('',(-4.24264068711928,16.0337409726738,4.24264068711928));
#3248=CARTESIAN_POINT('',(-6.,16.0024909726738,2.48528137423857));
#3249=CARTESIAN_POINT('',(-6.,15.9712409726738,-5.03531195376267E-16));
#3250=CARTESIAN_POINT('',(-6.,15.9399909726738,-2.48528137423857));
#3251=CARTESIAN_POINT('',(-4.24264068711928,15.9087409726738,-4.24264068711928));
#3252=CARTESIAN_POINT('',(-2.48528137423857,15.8774909726738,-6.));
#3253=CARTESIAN_POINT('',(2.35482289478431E-16,15.8462409726738,-6.));
#3254=CARTESIAN_POINT('',(2.48528137423857,15.8149909726738,-6.));
#3255=CARTESIAN_POINT('',(4.24264068711928,15.7837409726738,-4.24264068711929));
#3256=CARTESIAN_POINT('',(6.,15.7524909726738,-2.48528137423857));
#3257=CARTESIAN_POINT('',(6.,15.7212409726738,-2.00408455928125E-15));
#3258=CARTESIAN_POINT('',(6.,15.6899909726738,2.48528137423857));
#3259=CARTESIAN_POINT('',(4.24264068711929,15.6587409726738,4.24264068711928));
#3260=CARTESIAN_POINT('',(2.48528137423858,15.6274909726738,5.99999999999999));
#3261=CARTESIAN_POINT('',(9.54962789544063E-16,15.5962409726738,6.));
#3262=CARTESIAN_POINT('',(-2.48528137423857,15.5649909726738,6.));
#3263=CARTESIAN_POINT('',(-4.24264068711928,15.5337409726738,4.24264068711928));
#3264=CARTESIAN_POINT('',(-6.,15.5024909726738,2.48528137423857));
#3265=CARTESIAN_POINT('',(-6.,15.4712409726738,-5.65485605232581E-16));
#3266=CARTESIAN_POINT('',(-6.,15.4399909726738,-2.48528137423857));
#3267=CARTESIAN_POINT('',(-4.24264068711928,15.4087409726738,-4.24264068711928));
#3268=CARTESIAN_POINT('',(-2.48528137423857,15.3774909726738,-6.));
#3269=CARTESIAN_POINT('',(2.04867130632872E-16,15.3462409726738,-6.));
#3270=CARTESIAN_POINT('',(2.48528137423857,15.3149909726738,-6.));
#3271=CARTESIAN_POINT('',(4.24264068711928,15.2837409726738,-4.24264068711929));
#3272=CARTESIAN_POINT('',(6.,15.2524909726738,-2.48528137423857));
#3273=CARTESIAN_POINT('',(6.,15.2212409726738,-2.06603896913756E-15));
#3274=CARTESIAN_POINT('',(6.,15.1899909726738,2.48528137423857));
#3275=CARTESIAN_POINT('',(4.24264068711929,15.1587409726738,4.24264068711928));
#3276=CARTESIAN_POINT('',(2.48528137423858,15.1274909726738,5.99999999999999));
#3277=CARTESIAN_POINT('',(9.24347630698504E-16,15.0962409726738,6.));
#3278=CARTESIAN_POINT('',(-2.48528137423857,15.0649909726738,6.));
#3279=CARTESIAN_POINT('',(-4.24264068711928,15.0337409726738,4.24264068711928));
#3280=CARTESIAN_POINT('',(-6.,15.0024909726738,2.48528137423857));
#3281=CARTESIAN_POINT('',(-6.,14.9712409726738,-6.27440015088896E-16));
#3282=CARTESIAN_POINT('',(-6.,14.9399909726738,-2.48528137423857));
#3283=CARTESIAN_POINT('',(-4.24264068711928,14.9087409726738,-4.24264068711928));
#3284=CARTESIAN_POINT('',(-2.48528137423857,14.8774909726738,-6.));
#3285=CARTESIAN_POINT('',(1.74251971787312E-16,14.8462409726738,-6.));
#3286=CARTESIAN_POINT('',(2.48528137423857,14.8149909726738,-6.));
#3287=CARTESIAN_POINT('',(4.24264068711928,14.7837409726738,-4.24264068711929));
#3288=CARTESIAN_POINT('',(6.,14.7524909726738,-2.48528137423857));
#3289=CARTESIAN_POINT('',(6.,14.7212409726738,-2.12799337899388E-15));
#3290=CARTESIAN_POINT('',(6.,14.6899909726738,2.48528137423857));
#3291=CARTESIAN_POINT('',(4.24264068711929,14.6587409726738,4.24264068711928));
#3292=CARTESIAN_POINT('',(2.48528137423858,14.6274909726738,5.99999999999999));
#3293=CARTESIAN_POINT('',(8.93732471852944E-16,14.5962409726738,6.));
#3294=CARTESIAN_POINT('',(-2.48528137423857,14.5649909726738,6.));
#3295=CARTESIAN_POINT('',(-4.24264068711928,14.5337409726738,4.24264068711928));
#3296=CARTESIAN_POINT('',(-6.,14.5024909726738,2.48528137423857));
#3297=CARTESIAN_POINT('',(-6.,14.4712409726738,-6.8939442494521E-16));
#3298=CARTESIAN_POINT('',(-6.,14.4399909726738,-2.48528137423857));
#3299=CARTESIAN_POINT('',(-4.24264068711928,14.4087409726738,-4.24264068711928));
#3300=CARTESIAN_POINT('',(-2.48528137423857,14.3774909726738,-6.));
#3301=CARTESIAN_POINT('',(1.43636812941753E-16,14.3462409726738,-6.));
#3302=CARTESIAN_POINT('',(2.48528137423857,14.3149909726738,-6.));
#3303=CARTESIAN_POINT('',(4.24264068711928,14.2837409726738,-4.24264068711929));
#3304=CARTESIAN_POINT('',(6.,14.2524909726738,-2.48528137423857));
#3305=CARTESIAN_POINT('',(6.,14.2212409726738,-2.18994778885019E-15));
#3306=CARTESIAN_POINT('',(6.,14.1899909726738,2.48528137423857));
#3307=CARTESIAN_POINT('',(4.24264068711929,14.1587409726738,4.24264068711928));
#3308=CARTESIAN_POINT('',(2.48528137423858,14.1274909726738,5.99999999999999));
#3309=CARTESIAN_POINT('',(8.63117313007385E-16,14.0962409726738,6.));
#3310=CARTESIAN_POINT('',(-2.48528137423857,14.0649909726738,6.));
#3311=CARTESIAN_POINT('',(-4.24264068711928,14.0337409726738,4.24264068711928));
#3312=CARTESIAN_POINT('',(-6.,14.0024909726738,2.48528137423857));
#3313=CARTESIAN_POINT('',(-6.,13.9712409726738,-7.51348834801525E-16));
#3314=CARTESIAN_POINT('',(-6.,13.9399909726738,-2.48528137423857));
#3315=CARTESIAN_POINT('',(-4.24264068711928,13.9087409726738,-4.24264068711928));
#3316=CARTESIAN_POINT('',(-2.48528137423857,13.8774909726738,-6.));
#3317=CARTESIAN_POINT('',(1.13021654096193E-16,13.8462409726738,-6.));
#3318=CARTESIAN_POINT('',(2.48528137423857,13.8149909726738,-6.));
#3319=CARTESIAN_POINT('',(4.24264068711928,13.7837409726738,-4.24264068711929));
#3320=CARTESIAN_POINT('',(6.,13.7524909726738,-2.48528137423857));
#3321=CARTESIAN_POINT('',(6.,13.7212409726738,-2.25190219870651E-15));
#3322=CARTESIAN_POINT('',(6.,13.6899909726738,2.48528137423857));
#3323=CARTESIAN_POINT('',(4.24264068711929,13.6587409726738,4.24264068711928));
#3324=CARTESIAN_POINT('',(2.48528137423858,13.6274909726738,5.99999999999999));
#3325=CARTESIAN_POINT('',(8.32502154161825E-16,13.5962409726738,6.));
#3326=CARTESIAN_POINT('',(-2.48528137423857,13.5649909726738,6.));
#3327=CARTESIAN_POINT('',(-4.24264068711928,13.5337409726738,4.24264068711928));
#3328=CARTESIAN_POINT('',(-6.,13.5024909726738,2.48528137423857));
#3329=CARTESIAN_POINT('',(-6.,13.4712409726738,-8.1330324465784E-16));
#3330=CARTESIAN_POINT('',(-6.,13.4399909726738,-2.48528137423857));
#3331=CARTESIAN_POINT('',(-4.24264068711928,13.4087409726738,-4.24264068711928));
#3332=CARTESIAN_POINT('',(-2.48528137423857,13.3774909726738,-6.));
#3333=CARTESIAN_POINT('',(8.24064952506339E-17,13.3462409726738,-6.));
#3334=CARTESIAN_POINT('',(2.48528137423857,13.3149909726738,-6.));
#3335=CARTESIAN_POINT('',(4.24264068711928,13.2837409726738,-4.24264068711929));
#3336=CARTESIAN_POINT('',(6.,13.2524909726738,-2.48528137423857));
#3337=CARTESIAN_POINT('',(6.,13.2212409726738,-2.31385660856282E-15));
#3338=CARTESIAN_POINT('',(6.,13.1899909726738,2.48528137423857));
#3339=CARTESIAN_POINT('',(4.24264068711929,13.1587409726738,4.24264068711928));
#3340=CARTESIAN_POINT('',(2.48528137423858,13.1274909726738,5.99999999999999));
#3341=CARTESIAN_POINT('',(8.01886995316266E-16,13.0962409726738,6.));
#3342=CARTESIAN_POINT('',(-2.48528137423857,13.0649909726738,6.));
#3343=CARTESIAN_POINT('',(-4.24264068711928,13.0337409726738,4.24264068711928));
#3344=CARTESIAN_POINT('',(-6.,13.0024909726738,2.48528137423857));
#3345=CARTESIAN_POINT('',(-6.,12.9712409726738,-8.75257654514154E-16));
#3346=CARTESIAN_POINT('',(-6.,12.9399909726738,-2.48528137423857));
#3347=CARTESIAN_POINT('',(-4.24264068711928,12.9087409726738,-4.24264068711928));
#3348=CARTESIAN_POINT('',(-2.48528137423857,12.8774909726738,-6.));
#3349=CARTESIAN_POINT('',(5.17913364050744E-17,12.8462409726738,-6.));
#3350=CARTESIAN_POINT('',(2.48528137423857,12.8149909726738,-6.));
#3351=CARTESIAN_POINT('',(4.24264068711928,12.7837409726738,-4.24264068711929));
#3352=CARTESIAN_POINT('',(6.,12.7524909726738,-2.48528137423857));
#3353=CARTESIAN_POINT('',(6.,12.7212409726738,-2.37581101841914E-15));
#3354=CARTESIAN_POINT('',(6.,12.6899909726738,2.48528137423857));
#3355=CARTESIAN_POINT('',(4.24264068711929,12.6587409726738,4.24264068711928));
#3356=CARTESIAN_POINT('',(2.48528137423858,12.6274909726738,5.99999999999999));
#3357=CARTESIAN_POINT('',(7.71271836470706E-16,12.5962409726738,6.));
#3358=CARTESIAN_POINT('',(-2.48528137423857,12.5649909726738,6.));
#3359=CARTESIAN_POINT('',(-4.24264068711928,12.5337409726738,4.24264068711928));
#3360=CARTESIAN_POINT('',(-6.,12.5024909726738,2.48528137423857));
#3361=CARTESIAN_POINT('',(-6.,12.4712409726738,-9.37212064370469E-16));
#3362=CARTESIAN_POINT('',(-6.,12.4399909726738,-2.48528137423857));
#3363=CARTESIAN_POINT('',(-4.24264068711928,12.4087409726738,-4.24264068711929));
#3364=CARTESIAN_POINT('',(-2.48528137423857,12.3774909726738,-6.));
#3365=CARTESIAN_POINT('',(2.1176177559515E-17,12.3462409726738,-6.));
#3366=CARTESIAN_POINT('',(2.48528137423857,12.3149909726738,-6.));
#3367=CARTESIAN_POINT('',(4.24264068711928,12.2837409726738,-4.24264068711929));
#3368=CARTESIAN_POINT('',(6.,12.2524909726738,-2.48528137423857));
#3369=CARTESIAN_POINT('',(6.,12.2212409726738,-2.43776542827545E-15));
#3370=CARTESIAN_POINT('',(6.,12.1899909726738,2.48528137423857));
#3371=CARTESIAN_POINT('',(4.24264068711929,12.1587409726738,4.24264068711928));
#3372=CARTESIAN_POINT('',(2.48528137423857,12.1274909726738,5.99999999999999));
#3373=CARTESIAN_POINT('',(7.40656677625147E-16,12.0962409726738,6.));
#3374=CARTESIAN_POINT('',(-2.48528137423857,12.0649909726738,6.));
#3375=CARTESIAN_POINT('',(-4.24264068711928,12.0337409726738,4.24264068711928));
#3376=CARTESIAN_POINT('',(-6.,12.0024909726738,2.48528137423857));
#3377=CARTESIAN_POINT('',(-6.,11.9712409726738,-9.99166474226783E-16));
#3378=CARTESIAN_POINT('',(-6.,11.9399909726738,-2.48528137423857));
#3379=CARTESIAN_POINT('',(-4.24264068711928,11.9087409726738,-4.24264068711929));
#3380=CARTESIAN_POINT('',(-2.48528137423857,11.8774909726738,-6.));
#3381=CARTESIAN_POINT('',(-9.43898128604447E-18,11.8462409726738,-6.));
#3382=CARTESIAN_POINT('',(2.48528137423857,11.8149909726738,-6.));
#3383=CARTESIAN_POINT('',(4.24264068711928,11.7837409726738,-4.24264068711929));
#3384=CARTESIAN_POINT('',(6.,11.7524909726738,-2.48528137423857));
#3385=CARTESIAN_POINT('',(6.,11.7212409726738,-2.49971983813176E-15));
#3386=CARTESIAN_POINT('',(6.,11.6899909726738,2.48528137423857));
#3387=CARTESIAN_POINT('',(4.24264068711929,11.6587409726738,4.24264068711928));
#3388=CARTESIAN_POINT('',(2.48528137423857,11.6274909726738,5.99999999999999));
#3389=CARTESIAN_POINT('',(7.10041518779588E-16,11.5962409726738,6.));
#3390=CARTESIAN_POINT('',(-2.48528137423857,11.5649909726738,6.));
#3391=CARTESIAN_POINT('',(-4.24264068711928,11.5337409726738,4.24264068711928));
#3392=CARTESIAN_POINT('',(-6.,11.5024909726738,2.48528137423857));
#3393=CARTESIAN_POINT('',(-6.,11.4712409726738,-1.0611208840831E-15));
#3394=CARTESIAN_POINT('',(-6.,11.4399909726738,-2.48528137423857));
#3395=CARTESIAN_POINT('',(-4.24264068711928,11.4087409726738,-4.24264068711929));
#3396=CARTESIAN_POINT('',(-2.48528137423857,11.3774909726738,-6.));
#3397=CARTESIAN_POINT('',(-4.00541401316039E-17,11.3462409726738,-6.));
#3398=CARTESIAN_POINT('',(2.48528137423857,11.3149909726738,-6.));
#3399=CARTESIAN_POINT('',(4.24264068711928,11.2837409726738,-4.24264068711929));
#3400=CARTESIAN_POINT('',(6.,11.2524909726738,-2.48528137423857));
#3401=CARTESIAN_POINT('',(6.,11.2212409726738,-2.56167424798808E-15));
#3402=CARTESIAN_POINT('',(6.,11.1899909726738,2.48528137423857));
#3403=CARTESIAN_POINT('',(4.24264068711929,11.1587409726738,4.24264068711928));
#3404=CARTESIAN_POINT('',(2.48528137423857,11.1274909726738,5.99999999999999));
#3405=CARTESIAN_POINT('',(6.79426359934028E-16,11.0962409726738,6.));
#3406=CARTESIAN_POINT('',(-2.48528137423857,11.0649909726738,6.));
#3407=CARTESIAN_POINT('',(-4.24264068711928,11.0337409726738,4.24264068711928));
#3408=CARTESIAN_POINT('',(-6.,11.0024909726738,2.48528137423857));
#3409=CARTESIAN_POINT('',(-6.,10.9712409726738,-1.12307529393941E-15));
#3410=CARTESIAN_POINT('',(-6.,10.9399909726738,-2.48528137423857));
#3411=CARTESIAN_POINT('',(-4.24264068711928,10.9087409726738,-4.24264068711929));
#3412=CARTESIAN_POINT('',(-2.48528137423857,10.8774909726738,-6.));
#3413=CARTESIAN_POINT('',(-7.06692989771633E-17,10.8462409726738,-6.));
#3414=CARTESIAN_POINT('',(2.48528137423857,10.8149909726738,-6.));
#3415=CARTESIAN_POINT('',(4.24264068711928,10.7837409726738,-4.24264068711929));
#3416=CARTESIAN_POINT('',(6.,10.7524909726738,-2.48528137423858));
#3417=CARTESIAN_POINT('',(6.,10.7212409726738,-2.62362865784439E-15));
#3418=CARTESIAN_POINT('',(6.,10.6899909726738,2.48528137423857));
#3419=CARTESIAN_POINT('',(4.24264068711929,10.6587409726738,4.24264068711928));
#3420=CARTESIAN_POINT('',(2.48528137423857,10.6274909726738,5.99999999999999));
#3421=CARTESIAN_POINT('',(6.48811201088469E-16,10.5962409726738,6.));
#3422=CARTESIAN_POINT('',(-2.48528137423857,10.5649909726738,6.));
#3423=CARTESIAN_POINT('',(-4.24264068711928,10.5337409726738,4.24264068711928));
#3424=CARTESIAN_POINT('',(-6.,10.5024909726738,2.48528137423857));
#3425=CARTESIAN_POINT('',(-6.,10.4712409726738,-1.18502970379573E-15));
#3426=CARTESIAN_POINT('',(-6.,10.4399909726738,-2.48528137423857));
#3427=CARTESIAN_POINT('',(-4.24264068711928,10.4087409726738,-4.24264068711929));
#3428=CARTESIAN_POINT('',(-2.48528137423857,10.3774909726738,-6.));
#3429=CARTESIAN_POINT('',(-1.01284457822723E-16,10.3462409726738,-6.));
#3430=CARTESIAN_POINT('',(2.48528137423857,10.3149909726738,-6.));
#3431=CARTESIAN_POINT('',(4.24264068711928,10.2837409726738,-4.24264068711929));
#3432=CARTESIAN_POINT('',(6.,10.2524909726738,-2.48528137423858));
#3433=CARTESIAN_POINT('',(6.,10.2212409726738,-2.68558306770071E-15));
#3434=CARTESIAN_POINT('',(6.,10.1899909726738,2.48528137423857));
#3435=CARTESIAN_POINT('',(4.24264068711929,10.1587409726738,4.24264068711928));
#3436=CARTESIAN_POINT('',(2.48528137423857,10.1274909726738,5.99999999999999));
#3437=CARTESIAN_POINT('',(6.18196042242909E-16,10.0962409726738,6.));
#3438=CARTESIAN_POINT('',(-2.48528137423857,10.0649909726738,6.));
#3439=CARTESIAN_POINT('',(-4.24264068711928,10.0337409726738,4.24264068711928));
#3440=CARTESIAN_POINT('',(-6.,10.0024909726738,2.48528137423857));
#3441=CARTESIAN_POINT('',(-6.,9.97124097267383,-1.24698411365204E-15));
#3442=CARTESIAN_POINT('',(-6.,9.93999097267383,-2.48528137423857));
#3443=CARTESIAN_POINT('',(-4.24264068711928,9.90874097267383,-4.24264068711929));
#3444=CARTESIAN_POINT('',(-2.48528137423857,9.87749097267383,-6.));
#3445=CARTESIAN_POINT('',(-1.31899616668282E-16,9.84624097267383,-6.));
#3446=CARTESIAN_POINT('',(2.48528137423857,9.81499097267383,-6.));
#3447=CARTESIAN_POINT('',(4.24264068711928,9.78374097267383,-4.24264068711929));
#3448=CARTESIAN_POINT('',(6.,9.75249097267383,-2.48528137423858));
#3449=CARTESIAN_POINT('',(6.,9.72124097267383,-2.74753747755702E-15));
#3450=CARTESIAN_POINT('',(6.,9.68999097267383,2.48528137423857));
#3451=CARTESIAN_POINT('',(4.24264068711929,9.65874097267383,4.24264068711928));
#3452=CARTESIAN_POINT('',(2.48528137423857,9.62749097267383,5.99999999999999));
#3453=CARTESIAN_POINT('',(5.8758088339735E-16,9.59624097267383,6.));
#3454=CARTESIAN_POINT('',(-2.48528137423857,9.56499097267383,6.));
#3455=CARTESIAN_POINT('',(-4.24264068711928,9.53374097267383,4.24264068711928));
#3456=CARTESIAN_POINT('',(-6.,9.50249097267383,2.48528137423857));
#3457=CARTESIAN_POINT('',(-6.,9.47124097267383,-1.30893852350836E-15));
#3458=CARTESIAN_POINT('',(-6.,9.43999097267383,-2.48528137423857));
#3459=CARTESIAN_POINT('',(-4.24264068711928,9.40874097267383,-4.24264068711929));
#3460=CARTESIAN_POINT('',(-2.48528137423857,9.37749097267383,-6.));
#3461=CARTESIAN_POINT('',(-1.62514775513842E-16,9.34624097267383,-6.));
#3462=CARTESIAN_POINT('',(2.48528137423857,9.31499097267383,-6.));
#3463=CARTESIAN_POINT('',(4.24264068711928,9.28374097267383,-4.24264068711929));
#3464=CARTESIAN_POINT('',(6.,9.25249097267383,-2.48528137423858));
#3465=CARTESIAN_POINT('',(6.,9.22124097267383,-2.80949188741334E-15));
#3466=CARTESIAN_POINT('',(6.,9.18999097267383,2.48528137423857));
#3467=CARTESIAN_POINT('',(4.24264068711929,9.15874097267383,4.24264068711928));
#3468=CARTESIAN_POINT('',(2.48528137423857,9.12749097267383,5.99999999999999));
#3469=CARTESIAN_POINT('',(5.5696572455179E-16,9.09624097267383,6.));
#3470=CARTESIAN_POINT('',(-2.48528137423857,9.06499097267383,6.));
#3471=CARTESIAN_POINT('',(-4.24264068711928,9.03374097267383,4.24264068711928));
#3472=CARTESIAN_POINT('',(-6.,9.00249097267383,2.48528137423857));
#3473=CARTESIAN_POINT('',(-6.,8.97124097267383,-1.37089293336467E-15));
#3474=CARTESIAN_POINT('',(-6.,8.93999097267383,-2.48528137423857));
#3475=CARTESIAN_POINT('',(-4.24264068711928,8.90874097267383,-4.24264068711929));
#3476=CARTESIAN_POINT('',(-2.48528137423857,8.87749097267383,-6.));
#3477=CARTESIAN_POINT('',(-1.93129934359401E-16,8.84624097267383,-6.));
#3478=CARTESIAN_POINT('',(2.48528137423857,8.81499097267383,-6.));
#3479=CARTESIAN_POINT('',(4.24264068711928,8.78374097267383,-4.24264068711929));
#3480=CARTESIAN_POINT('',(6.,8.75249097267383,-2.48528137423858));
#3481=CARTESIAN_POINT('',(6.,8.72124097267383,-2.87144629726965E-15));
#3482=CARTESIAN_POINT('',(6.,8.68999097267383,2.48528137423857));
#3483=CARTESIAN_POINT('',(4.24264068711928,8.65874097267383,4.24264068711928));
#3484=CARTESIAN_POINT('',(2.48528137423857,8.62749097267383,5.99999999999999));
#3485=CARTESIAN_POINT('',(5.26350565706231E-16,8.59624097267383,6.));
#3486=CARTESIAN_POINT('',(-2.48528137423857,8.56499097267383,6.));
#3487=CARTESIAN_POINT('',(-4.24264068711928,8.53374097267383,4.24264068711928));
#3488=CARTESIAN_POINT('',(-6.,8.50249097267383,2.48528137423857));
#3489=CARTESIAN_POINT('',(-6.,8.47124097267383,-1.43284734322098E-15));
#3490=CARTESIAN_POINT('',(-6.,8.43999097267383,-2.48528137423857));
#3491=CARTESIAN_POINT('',(-4.24264068711928,8.40874097267383,-4.24264068711929));
#3492=CARTESIAN_POINT('',(-2.48528137423857,8.37749097267383,-6.));
#3493=CARTESIAN_POINT('',(-2.2374509320496E-16,8.34624097267383,-6.));
#3494=CARTESIAN_POINT('',(2.48528137423857,8.31499097267383,-6.));
#3495=CARTESIAN_POINT('',(4.24264068711928,8.28374097267383,-4.24264068711929));
#3496=CARTESIAN_POINT('',(6.,8.25249097267383,-2.48528137423858));
#3497=CARTESIAN_POINT('',(6.,8.22124097267383,-2.93340070712597E-15));
#3498=CARTESIAN_POINT('',(6.,8.18999097267383,2.48528137423857));
#3499=CARTESIAN_POINT('',(4.24264068711928,8.15874097267383,4.24264068711928));
#3500=CARTESIAN_POINT('',(2.48528137423857,8.12749097267383,5.99999999999999));
#3501=CARTESIAN_POINT('',(4.95735406860672E-16,8.09624097267383,6.));
#3502=CARTESIAN_POINT('',(-2.48528137423857,8.06499097267383,6.));
#3503=CARTESIAN_POINT('',(-4.24264068711928,8.03374097267383,4.24264068711928));
#3504=CARTESIAN_POINT('',(-6.,8.00249097267383,2.48528137423857));
#3505=CARTESIAN_POINT('',(-6.,7.97124097267383,-1.4948017530773E-15));
#3506=CARTESIAN_POINT('',(-6.,7.93999097267383,-2.48528137423857));
#3507=CARTESIAN_POINT('',(-4.24264068711928,7.90874097267383,-4.24264068711929));
#3508=CARTESIAN_POINT('',(-2.48528137423857,7.87749097267383,-6.));
#3509=CARTESIAN_POINT('',(-2.5436025205052E-16,7.84624097267383,-6.));
#3510=CARTESIAN_POINT('',(2.48528137423857,7.81499097267383,-6.));
#3511=CARTESIAN_POINT('',(4.24264068711928,7.78374097267383,-4.24264068711929));
#3512=CARTESIAN_POINT('',(6.,7.75249097267383,-2.48528137423858));
#3513=CARTESIAN_POINT('',(6.,7.72124097267383,-2.99535511698228E-15));
#3514=CARTESIAN_POINT('',(6.,7.68999097267383,2.48528137423857));
#3515=CARTESIAN_POINT('',(4.24264068711928,7.65874097267383,4.24264068711928));
#3516=CARTESIAN_POINT('',(2.48528137423857,7.62749097267383,5.99999999999999));
#3517=CARTESIAN_POINT('',(4.65120248015112E-16,7.59624097267383,6.));
#3518=CARTESIAN_POINT('',(-2.48528137423857,7.56499097267383,6.));
#3519=CARTESIAN_POINT('',(-4.24264068711928,7.53374097267383,4.24264068711928));
#3520=CARTESIAN_POINT('',(-6.,7.50249097267383,2.48528137423857));
#3521=CARTESIAN_POINT('',(-6.,7.47124097267383,-1.55675616293361E-15));
#3522=CARTESIAN_POINT('',(-6.,7.43999097267383,-2.48528137423857));
#3523=CARTESIAN_POINT('',(-4.24264068711928,7.40874097267383,-4.24264068711929));
#3524=CARTESIAN_POINT('',(-2.48528137423857,7.37749097267383,-6.));
#3525=CARTESIAN_POINT('',(-2.84975410896079E-16,7.34624097267383,-6.));
#3526=CARTESIAN_POINT('',(2.48528137423857,7.31499097267383,-6.));
#3527=CARTESIAN_POINT('',(4.24264068711928,7.28374097267383,-4.24264068711929));
#3528=CARTESIAN_POINT('',(6.,7.25249097267383,-2.48528137423858));
#3529=CARTESIAN_POINT('',(6.,7.22124097267383,-3.05730952683859E-15));
#3530=CARTESIAN_POINT('',(6.,7.18999097267383,2.48528137423857));
#3531=CARTESIAN_POINT('',(4.24264068711928,7.15874097267383,4.24264068711928));
#3532=CARTESIAN_POINT('',(2.48528137423857,7.12749097267383,5.99999999999999));
#3533=CARTESIAN_POINT('',(4.34505089169553E-16,7.09624097267383,6.));
#3534=CARTESIAN_POINT('',(-2.48528137423857,7.06499097267383,6.));
#3535=CARTESIAN_POINT('',(-4.24264068711928,7.03374097267383,4.24264068711928));
#3536=CARTESIAN_POINT('',(-6.,7.00249097267383,2.48528137423857));
#3537=CARTESIAN_POINT('',(-6.,6.97124097267383,-1.61871057278993E-15));
#3538=CARTESIAN_POINT('',(-6.,6.93999097267383,-2.48528137423857));
#3539=CARTESIAN_POINT('',(-4.24264068711928,6.90874097267383,-4.24264068711929));
#3540=CARTESIAN_POINT('',(-2.48528137423857,6.87749097267383,-6.));
#3541=CARTESIAN_POINT('',(-3.15590569741639E-16,6.84624097267383,-6.));
#3542=CARTESIAN_POINT('',(2.48528137423857,6.81499097267383,-6.));
#3543=CARTESIAN_POINT('',(4.24264068711928,6.78374097267383,-4.24264068711929));
#3544=CARTESIAN_POINT('',(6.,6.75249097267383,-2.48528137423858));
#3545=CARTESIAN_POINT('',(6.,6.72124097267383,-3.11926393669491E-15));
#3546=CARTESIAN_POINT('',(6.,6.68999097267383,2.48528137423857));
#3547=CARTESIAN_POINT('',(4.24264068711928,6.65874097267383,4.24264068711928));
#3548=CARTESIAN_POINT('',(2.48528137423857,6.62749097267383,5.99999999999999));
#3549=CARTESIAN_POINT('',(4.03889930323993E-16,6.59624097267383,6.));
#3550=CARTESIAN_POINT('',(-2.48528137423857,6.56499097267383,6.));
#3551=CARTESIAN_POINT('',(-4.24264068711928,6.53374097267383,4.24264068711928));
#3552=CARTESIAN_POINT('',(-6.,6.50249097267383,2.48528137423857));
#3553=CARTESIAN_POINT('',(-6.,6.47124097267383,-1.68066498264624E-15));
#3554=CARTESIAN_POINT('',(-6.,6.43999097267383,-2.48528137423857));
#3555=CARTESIAN_POINT('',(-4.24264068711928,6.40874097267383,-4.24264068711929));
#3556=CARTESIAN_POINT('',(-2.48528137423857,6.37749097267383,-6.));
#3557=CARTESIAN_POINT('',(-3.46205728587198E-16,6.34624097267383,-6.));
#3558=CARTESIAN_POINT('',(2.48528137423857,6.31499097267383,-6.));
#3559=CARTESIAN_POINT('',(4.24264068711928,6.28374097267383,-4.24264068711929));
#3560=CARTESIAN_POINT('',(6.,6.25249097267383,-2.48528137423858));
#3561=CARTESIAN_POINT('',(6.,6.22124097267383,-3.18121834655122E-15));
#3562=CARTESIAN_POINT('',(6.,6.18999097267383,2.48528137423857));
#3563=CARTESIAN_POINT('',(4.24264068711928,6.15874097267383,4.24264068711928));
#3564=CARTESIAN_POINT('',(2.48528137423857,6.12749097267383,5.99999999999999));
#3565=CARTESIAN_POINT('',(3.73274771478434E-16,6.09624097267383,6.));
#3566=CARTESIAN_POINT('',(-2.48528137423857,6.06499097267383,6.));
#3567=CARTESIAN_POINT('',(-4.24264068711928,6.03374097267383,4.24264068711928));
#3568=CARTESIAN_POINT('',(-6.,6.00249097267383,2.48528137423857));
#3569=CARTESIAN_POINT('',(-6.,5.97124097267383,-1.74261939250256E-15));
#3570=CARTESIAN_POINT('',(-6.,5.93999097267383,-2.48528137423857));
#3571=CARTESIAN_POINT('',(-4.24264068711928,5.90874097267383,-4.24264068711929));
#3572=CARTESIAN_POINT('',(-2.48528137423857,5.87749097267383,-6.));
#3573=CARTESIAN_POINT('',(-3.76820887432758E-16,5.84624097267383,-6.));
#3574=CARTESIAN_POINT('',(2.48528137423857,5.81499097267383,-6.));
#3575=CARTESIAN_POINT('',(4.24264068711928,5.78374097267383,-4.24264068711929));
#3576=CARTESIAN_POINT('',(6.,5.75249097267383,-2.48528137423858));
#3577=CARTESIAN_POINT('',(6.,5.72124097267383,-3.24317275640754E-15));
#3578=CARTESIAN_POINT('',(6.,5.68999097267383,2.48528137423857));
#3579=CARTESIAN_POINT('',(4.24264068711928,5.65874097267383,4.24264068711928));
#3580=CARTESIAN_POINT('',(2.48528137423857,5.62749097267383,5.99999999999999));
#3581=CARTESIAN_POINT('',(3.42659612632874E-16,5.59624097267383,6.));
#3582=CARTESIAN_POINT('',(-2.48528137423857,5.56499097267383,5.99999999999999));
#3583=CARTESIAN_POINT('',(-4.24264068711928,5.53374097267383,4.24264068711928));
#3584=CARTESIAN_POINT('',(-6.,5.50249097267383,2.48528137423857));
#3585=CARTESIAN_POINT('',(-6.,5.47124097267383,-1.80457380235887E-15));
#3586=CARTESIAN_POINT('',(-6.,5.43999097267383,-2.48528137423857));
#3587=CARTESIAN_POINT('',(-4.24264068711928,5.40874097267383,-4.24264068711929));
#3588=CARTESIAN_POINT('',(-2.48528137423857,5.37749097267383,-6.));
#3589=CARTESIAN_POINT('',(-4.07436046278317E-16,5.34624097267383,-6.));
#3590=CARTESIAN_POINT('',(2.48528137423857,5.31499097267383,-6.));
#3591=CARTESIAN_POINT('',(4.24264068711928,5.28374097267383,-4.24264068711929));
#3592=CARTESIAN_POINT('',(6.,5.25249097267383,-2.48528137423858));
#3593=CARTESIAN_POINT('',(6.,5.22124097267383,-3.30512716626385E-15));
#3594=CARTESIAN_POINT('',(6.,5.18999097267383,2.48528137423857));
#3595=CARTESIAN_POINT('',(4.24264068711928,5.15874097267383,4.24264068711928));
#3596=CARTESIAN_POINT('',(2.48528137423857,5.12749097267382,5.99999999999999));
#3597=CARTESIAN_POINT('',(3.12044453787315E-16,5.09624097267383,6.));
#3598=CARTESIAN_POINT('',(-2.48528137423857,5.06499097267383,5.99999999999999));
#3599=CARTESIAN_POINT('',(-4.24264068711928,5.03374097267383,4.24264068711928));
#3600=CARTESIAN_POINT('',(-6.,5.00249097267383,2.48528137423857));
#3601=CARTESIAN_POINT('',(-6.,4.97124097267383,-1.86652821221519E-15));
#3602=CARTESIAN_POINT('',(-6.,4.93999097267383,-2.48528137423857));
#3603=CARTESIAN_POINT('',(-4.24264068711928,4.90874097267383,-4.24264068711929));
#3604=CARTESIAN_POINT('',(-2.48528137423857,4.87749097267383,-6.));
#3605=CARTESIAN_POINT('',(-4.38051205123877E-16,4.84624097267383,-6.));
#3606=CARTESIAN_POINT('',(2.48528137423857,4.81499097267383,-6.));
#3607=CARTESIAN_POINT('',(4.24264068711928,4.78374097267383,-4.24264068711929));
#3608=CARTESIAN_POINT('',(6.,4.75249097267383,-2.48528137423858));
#3609=CARTESIAN_POINT('',(6.,4.72124097267383,-3.36708157612017E-15));
#3610=CARTESIAN_POINT('',(6.,4.68999097267383,2.48528137423857));
#3611=CARTESIAN_POINT('',(4.24264068711928,4.65874097267383,4.24264068711928));
#3612=CARTESIAN_POINT('',(2.48528137423857,4.62749097267383,5.99999999999999));
#3613=CARTESIAN_POINT('',(2.81429294941756E-16,4.59624097267383,6.));
#3614=CARTESIAN_POINT('',(-2.48528137423857,4.56499097267383,5.99999999999999));
#3615=CARTESIAN_POINT('',(-4.24264068711928,4.53374097267383,4.24264068711928));
#3616=CARTESIAN_POINT('',(-6.,4.50249097267383,2.48528137423857));
#3617=CARTESIAN_POINT('',(-6.,4.47124097267383,-1.9284826220715E-15));
#3618=CARTESIAN_POINT('',(-6.,4.43999097267383,-2.48528137423857));
#3619=CARTESIAN_POINT('',(-4.24264068711928,4.40874097267383,-4.24264068711929));
#3620=CARTESIAN_POINT('',(-2.48528137423857,4.37749097267383,-6.));
#3621=CARTESIAN_POINT('',(-4.68666363969436E-16,4.34624097267383,-6.));
#3622=CARTESIAN_POINT('',(2.48528137423857,4.31499097267383,-6.));
#3623=CARTESIAN_POINT('',(4.24264068711928,4.28374097267383,-4.24264068711929));
#3624=CARTESIAN_POINT('',(6.,4.25249097267383,-2.48528137423858));
#3625=CARTESIAN_POINT('',(6.,4.22124097267383,-3.42903598597648E-15));
#3626=CARTESIAN_POINT('',(6.,4.18999097267383,2.48528137423857));
#3627=CARTESIAN_POINT('',(4.24264068711928,4.15874097267383,4.24264068711928));
#3628=CARTESIAN_POINT('',(2.48528137423857,4.12749097267383,5.99999999999999));
#3629=CARTESIAN_POINT('',(2.50814136096196E-16,4.09624097267383,6.));
#3630=CARTESIAN_POINT('',(-2.48528137423857,4.06499097267383,5.99999999999999));
#3631=CARTESIAN_POINT('',(-4.24264068711928,4.03374097267383,4.24264068711928));
#3632=CARTESIAN_POINT('',(-6.,4.00249097267383,2.48528137423857));
#3633=CARTESIAN_POINT('',(-6.,3.97124097267383,-1.99043703192782E-15));
#3634=CARTESIAN_POINT('',(-6.,3.93999097267383,-2.48528137423857));
#3635=CARTESIAN_POINT('',(-4.24264068711928,3.90874097267383,-4.24264068711929));
#3636=CARTESIAN_POINT('',(-2.48528137423857,3.87749097267383,-6.));
#3637=CARTESIAN_POINT('',(-4.99281522814995E-16,3.84624097267383,-6.));
#3638=CARTESIAN_POINT('',(2.48528137423857,3.81499097267383,-6.));
#3639=CARTESIAN_POINT('',(4.24264068711928,3.78374097267383,-4.24264068711929));
#3640=CARTESIAN_POINT('',(6.,3.75249097267383,-2.48528137423858));
#3641=CARTESIAN_POINT('',(6.,3.72124097267383,-3.4909903958328E-15));
#3642=CARTESIAN_POINT('',(6.,3.68999097267383,2.48528137423857));
#3643=CARTESIAN_POINT('',(4.24264068711928,3.65874097267383,4.24264068711928));
#3644=CARTESIAN_POINT('',(2.48528137423857,3.62749097267383,5.99999999999999));
#3645=CARTESIAN_POINT('',(2.20198977250637E-16,3.59624097267383,6.));
#3646=CARTESIAN_POINT('',(-2.48528137423857,3.56499097267383,5.99999999999999));
#3647=CARTESIAN_POINT('',(-4.24264068711928,3.53374097267383,4.24264068711928));
#3648=CARTESIAN_POINT('',(-6.,3.50249097267383,2.48528137423857));
#3649=CARTESIAN_POINT('',(-6.,3.47124097267383,-2.05239144178413E-15));
#3650=CARTESIAN_POINT('',(-6.,3.43999097267383,-2.48528137423857));
#3651=CARTESIAN_POINT('',(-4.24264068711928,3.40874097267383,-4.24264068711929));
#3652=CARTESIAN_POINT('',(-2.48528137423857,3.37749097267383,-6.));
#3653=CARTESIAN_POINT('',(-5.29896681660555E-16,3.34624097267383,-6.));
#3654=CARTESIAN_POINT('',(2.48528137423857,3.31499097267383,-6.));
#3655=CARTESIAN_POINT('',(4.24264068711928,3.28374097267383,-4.24264068711929));
#3656=CARTESIAN_POINT('',(6.,3.25249097267383,-2.48528137423858));
#3657=CARTESIAN_POINT('',(6.,3.22124097267383,-3.55294480568911E-15));
#3658=CARTESIAN_POINT('',(6.,3.18999097267383,2.48528137423857));
#3659=CARTESIAN_POINT('',(4.24264068711928,3.15874097267383,4.24264068711928));
#3660=CARTESIAN_POINT('',(2.48528137423857,3.12749097267383,5.99999999999999));
#3661=CARTESIAN_POINT('',(1.89583818405077E-16,3.09624097267383,6.));
#3662=CARTESIAN_POINT('',(-2.48528137423857,3.06499097267383,5.99999999999999));
#3663=CARTESIAN_POINT('',(-4.24264068711928,3.03374097267383,4.24264068711928));
#3664=CARTESIAN_POINT('',(-6.,3.00249097267383,2.48528137423857));
#3665=CARTESIAN_POINT('',(-6.,2.97124097267383,-2.11434585164045E-15));
#3666=CARTESIAN_POINT('',(-6.,2.93999097267383,-2.48528137423857));
#3667=CARTESIAN_POINT('',(-4.24264068711928,2.90874097267383,-4.24264068711929));
#3668=CARTESIAN_POINT('',(-2.48528137423857,2.87749097267383,-6.));
#3669=CARTESIAN_POINT('',(-5.60511840506114E-16,2.84624097267383,-6.));
#3670=CARTESIAN_POINT('',(2.48528137423857,2.81499097267383,-6.));
#3671=CARTESIAN_POINT('',(4.24264068711928,2.78374097267383,-4.24264068711929));
#3672=CARTESIAN_POINT('',(6.,2.75249097267383,-2.48528137423858));
#3673=CARTESIAN_POINT('',(6.,2.72124097267383,-3.61489921554543E-15));
#3674=CARTESIAN_POINT('',(6.,2.68999097267383,2.48528137423857));
#3675=CARTESIAN_POINT('',(4.24264068711928,2.65874097267383,4.24264068711928));
#3676=CARTESIAN_POINT('',(2.48528137423857,2.62749097267383,5.99999999999999));
#3677=CARTESIAN_POINT('',(1.58968659559518E-16,2.59624097267383,6.));
#3678=CARTESIAN_POINT('',(-2.48528137423857,2.56499097267383,5.99999999999999));
#3679=CARTESIAN_POINT('',(-4.24264068711928,2.53374097267383,4.24264068711928));
#3680=CARTESIAN_POINT('',(-6.,2.50249097267383,2.48528137423857));
#3681=CARTESIAN_POINT('',(-6.,2.47124097267383,-2.17630026149676E-15));
#3682=CARTESIAN_POINT('',(-6.,2.43999097267383,-2.48528137423857));
#3683=CARTESIAN_POINT('',(-4.24264068711928,2.40874097267383,-4.24264068711929));
#3684=CARTESIAN_POINT('',(-2.48528137423857,2.37749097267383,-6.));
#3685=CARTESIAN_POINT('',(-5.91126999351674E-16,2.34624097267383,-6.));
#3686=CARTESIAN_POINT('',(2.48528137423857,2.31499097267383,-6.));
#3687=CARTESIAN_POINT('',(4.24264068711928,2.28374097267383,-4.24264068711929));
#3688=CARTESIAN_POINT('',(6.,2.25249097267383,-2.48528137423858));
#3689=CARTESIAN_POINT('',(6.,2.22124097267383,-3.67685362540174E-15));
#3690=CARTESIAN_POINT('',(6.,2.18999097267383,2.48528137423857));
#3691=CARTESIAN_POINT('',(4.24264068711928,2.15874097267383,4.24264068711928));
#3692=CARTESIAN_POINT('',(2.48528137423857,2.12749097267383,5.99999999999999));
#3693=CARTESIAN_POINT('',(1.28353500713958E-16,2.09624097267383,6.));
#3694=CARTESIAN_POINT('',(1.33156645407787E-15,21.7468486901385,-2.38524477946811E-16));
#3695=CARTESIAN_POINT('',(1.26265097500046E-15,20.6213363348856,-4.21346260502923E-16));
#3696=CARTESIAN_POINT('',(1.26265097500046E-15,20.6213363348856,2.));
#3697=CARTESIAN_POINT('',(3.24814882777786E-16,5.30480479321273,-2.90927594510976E-15));
#3698=CARTESIAN_POINT('',(3.24814882777786E-16,5.30480479321273,1.99999999999999));
#3699=CARTESIAN_POINT('',(1.26265097500046E-15,20.6213363348856,-4.21346260502923E-16));
#3700=CARTESIAN_POINT('',(1.33974035010809E-15,21.8803429514528,4.33680868994202E-16));
#3701=CARTESIAN_POINT('',(1.42147931041024E-15,23.2152855645957,-3.52478174099444E-32));
#3702=CARTESIAN_POINT('',(1.42147931041024E-15,23.2152855645957,1.44444745829043E-31));
#3703=CARTESIAN_POINT('',(1.42147931041024E-15,23.2152855645957,2.52556806031136));
#3704=CARTESIAN_POINT('',(-0.399999999999999,23.2152855645957,-2.4));
#3705=CARTESIAN_POINT('',(-0.399999999999999,23.2152855645957,-2.4));
#3706=CARTESIAN_POINT('',(-0.399999999999999,23.2152855645957,2.4));
#3707=CARTESIAN_POINT('',(0.400000000000001,23.2152855645957,-2.4));
#3708=CARTESIAN_POINT('',(0.400000000000001,23.2152855645957,-2.4));
#3709=CARTESIAN_POINT('',(0.400000000000001,23.2152855645957,-2.4));
#3710=CARTESIAN_POINT('',(0.400000000000001,23.2152855645957,2.4));
#3711=CARTESIAN_POINT('',(0.400000000000001,23.2152855645957,2.4));
#3712=CARTESIAN_POINT('',(1.33156645407787E-15,21.7468486901385,-2.38524477946811E-16));
#3713=CARTESIAN_POINT('',(1.41252437644792E-15,23.0690355645957,-2.37560126053203E-17));
#3714=CARTESIAN_POINT('',(1.41252437644792E-15,23.0690355645957,2.67181806031137));
#3715=CARTESIAN_POINT('',(1.39067461056253E-15,22.7121900228886,-8.1719959182737E-17));
#3716=CARTESIAN_POINT('',(1.39067461056253E-15,22.7121900228886,2.67181806031137));
#3717=CARTESIAN_POINT('',(1.39067461056253E-15,22.7121900228886,-2.67181806031137));
#3718=CARTESIAN_POINT('',(9.79685083057902E-16,16.,-1.17200967400694E-15));
#3719=CARTESIAN_POINT('',(4.16818407013936,15.8794192087416,3.57351457211928));
#3720=CARTESIAN_POINT('',(3.50681260015537,15.8694851641355,4.36175445692233));
#3721=CARTESIAN_POINT('',(1.75316036867968,15.8489845127019,5.54047298329595));
#3722=CARTESIAN_POINT('',(-1.4194738474432,15.8196803671992,5.66988866473445));
#3723=CARTESIAN_POINT('',(-4.19342657290894,15.7895005662805,4.11415526198688));
#3724=CARTESIAN_POINT('',(-5.74741386682514,15.759566012235,1.35765430254603));
#3725=CARTESIAN_POINT('',(-5.65260752757798,15.7305864693195,-1.81629685569945));
#3726=CARTESIAN_POINT('',(-3.93800210000343,15.7013753324675,-4.48165129322734));
#3727=CARTESIAN_POINT('',(-1.10720483481956,15.6716082093924,-5.89561810464678));
#3728=CARTESIAN_POINT('',(2.05883878277618,15.6430904195359,-5.66494489030251));
#3729=CARTESIAN_POINT('',(4.65728882995442,15.6146113943069,-3.87305242455682));
#3730=CARTESIAN_POINT('',(6.00569009000395,15.5851134264258,-1.00251575396161));
#3731=CARTESIAN_POINT('',(5.7294592422581,15.5572047249193,2.14272341506466));
#3732=CARTESIAN_POINT('',(3.91822263945564,15.5291036761037,4.73709529525942));
#3733=CARTESIAN_POINT('',(1.06023586485271,15.5001167466093,6.08518776675134));
#3734=CARTESIAN_POINT('',(-2.08773687134623,15.4726957883266,5.84505077728209));
#3735=CARTESIAN_POINT('',(-4.71173624882216,15.4448917256299,4.08224548406587));
#3736=CARTESIAN_POINT('',(-5.66100101245658,15.4260351522443,2.2104319536721));
#3737=CARTESIAN_POINT('',(-5.87766230011578,15.4166520164925,1.20544012119957));
#3738=CARTESIAN_POINT('',(4.16818407013936,15.8794192087416,3.57351457211928));
#3739=CARTESIAN_POINT('',(-4.65581462488552,15.4166520164925,-3.78462550045604));
#3740=CARTESIAN_POINT('',(-5.57339028667684,15.4532681140257,-2.5918988027968));
#3741=CARTESIAN_POINT('',(-6.44930537927059,15.5285109730103,0.471518216615565));
#3742=CARTESIAN_POINT('',(-4.23736894787667,15.6425478291368,4.74839324448289));
#3743=CARTESIAN_POINT('',(0.37271616709879,15.7591268808267,6.23234920076644));
#3744=CARTESIAN_POINT('',(3.22171429648305,15.8397073789535,4.74468308843031));
#3745=CARTESIAN_POINT('',(4.16818407013936,15.8794192087416,3.57351457211928));
#3746=CARTESIAN_POINT('',(1.22460635382238E-16,2.,-6.));
#3747=CARTESIAN_POINT('',(1.22460635382239E-16,2.,-3.44608951314861E-15));
#3748=CARTESIAN_POINT('',(1.22460635382239E-16,2.,7.25));
#3749=CARTESIAN_POINT('',(1.33156645407787E-15,21.7468486901385,-2.38524477946811E-16));
#3750=CARTESIAN_POINT('',(6.12303176911193E-17,0.999999999999994,-3.60852378737301E-15));
#3751=CARTESIAN_POINT('',(6.12303176911193E-17,0.999999999999993,7.25));
#3752=CARTESIAN_POINT('',(6.12303176911193E-17,0.999999999999994,-3.60852378737301E-15));
#3753=CARTESIAN_POINT('',(7.70371977754894E-31,0.,-3.77095806159742E-15));
#3754=CARTESIAN_POINT('',(7.70371977754894E-31,-1.030161274549E-15,6.34201913030881));
#3755=CARTESIAN_POINT('',(2.9427037028794E-32,4.80595857386222E-16,-6.34201913030881));
#3756=CARTESIAN_POINT('',(7.36721912669965E-31,-5.49565417162783E-16,-3.77095806159742E-15));
#3757=CARTESIAN_POINT('',(7.36721912669965E-31,2.25700358788977E-16,-4.77279674904522));
#3758=CARTESIAN_POINT('',(1.33156645407787E-15,21.7468486901385,-2.38524477946811E-16));
#3759=CARTESIAN_POINT('',(2.47217407677901E-17,0.403750000000001,-3.70537522337931E-15));
#3760=CARTESIAN_POINT('',(2.47217407677901E-17,0.403750000000002,-4.36904674904522));
#3761=CARTESIAN_POINT('',(1.17203217521741E-15,19.1413701481971,-6.61743493914327E-16));
#3762=CARTESIAN_POINT('',(1.17203217521741E-15,19.1413701481971,-4.36904674904521));
#3763=CARTESIAN_POINT('',(1.20785191106671E-15,19.7263701481971,-4.36904674904522));
#3764=CARTESIAN_POINT('',(1.20785191106671E-15,19.7263701481971,-5.66719443493051E-16));
#3765=CARTESIAN_POINT('',(1.20785191106671E-15,19.7263701481971,-3.78404674904522));
#3766=CARTESIAN_POINT('',(1.20785191106671E-15,19.7263701481971,-5.66719443493051E-16));
#3767=CARTESIAN_POINT('',(1.20785191106671E-15,19.7263701481971,-3.7088052213868));
#3768=CARTESIAN_POINT('',(1.33156645407787E-15,21.7468486901385,-2.38524477946811E-16));
#3769=CARTESIAN_POINT('',(1.17203217521741E-15,19.1413701481971,-6.61743493914327E-16));
#3770=CARTESIAN_POINT('',(1.17203217521741E-15,19.1413701481971,-3.12380522138681));
#3771=CARTESIAN_POINT('',(2.45165196558176E-17,0.400398374208872,-3.70591964228217E-15));
#3772=CARTESIAN_POINT('',(2.45165196558176E-17,0.400398374208872,-3.12380522138681));
#3773=CARTESIAN_POINT('',(6.14742434848097E-18,0.10039837420887,-3.12380522138681));
#3774=CARTESIAN_POINT('',(6.14742434848181E-18,0.10039837420887,-3.75464992454949E-15));
#3775=CARTESIAN_POINT('',(6.14742434848181E-18,0.10039837420887,-2.38333098854225));
#3776=CARTESIAN_POINT('',(6.14742434848181E-18,0.10039837420887,-3.75464992454949E-15));
#3777=CARTESIAN_POINT('',(6.14742434848181E-18,0.10039837420887,-2.82380522138681));
#3778=CARTESIAN_POINT('',(1.33156645407787E-15,21.7468486901385,-2.38524477946811E-16));
#3779=CARTESIAN_POINT('',(2.45165196558176E-17,0.400398374208872,-3.70591964228217E-15));
#3780=CARTESIAN_POINT('',(2.45165196558176E-17,0.400398374208872,-2.08333098854225));
#3781=CARTESIAN_POINT('',(2.95456127679503E-16,4.82532410120676,-2.98716004332037E-15));
#3782=CARTESIAN_POINT('',(2.95456127679503E-16,4.82532410120676,2.08333098854224));
#3783=CARTESIAN_POINT('',(2.95456127679502E-16,4.82532410120676,-2.08333098854225));
#3784=CARTESIAN_POINT('',(2.95456127679503E-16,4.82532410120676,-2.98716004332037E-15));
#3785=CARTESIAN_POINT('',(2.95456127679503E-16,4.82532410120676,2.60356810496452));
#3786=CARTESIAN_POINT('',(1.33156645407787E-15,21.7468486901385,-2.38524477946811E-16));
#3787=CARTESIAN_POINT('',(2.9984796534318E-16,4.89705062214091,-2.97550919794979E-15));
#3788=CARTESIAN_POINT('',(2.9984796534318E-16,4.89705062214091,2.60356810496452));
#3789=CARTESIAN_POINT('',(2.9984796534318E-16,4.89705062214092,-2.60356810496453));
#3790=CARTESIAN_POINT('',(2.9984796534318E-16,4.89705062214091,-2.97550919794979E-15));
#3791=CARTESIAN_POINT('',(2.9984796534318E-16,4.89705062214091,2.3844988730184));
#3792=CARTESIAN_POINT('',(2.9984796534318E-16,4.89705062214091,-2.97550919794979E-15));
#3793=CARTESIAN_POINT('',(0.400000000000001,23.2152855645957,2.4));
#3794=CARTESIAN_POINT('',(-0.399999999999999,23.2152855645957,2.4));
#3795=CARTESIAN_POINT('',(-0.399999999999998,30.289597054146,2.4));
#3796=CARTESIAN_POINT('',(0.400000000000001,23.2152855645957,2.4));
#3797=CARTESIAN_POINT('',(0.400000000000002,30.289597054146,2.4));
#3798=CARTESIAN_POINT('',(0.400000000000002,30.289597054146,2.4));
#3799=CARTESIAN_POINT('',(0.400000000000002,30.289597054146,2.4));
#3800=CARTESIAN_POINT('',(-0.399999999999998,30.289597054146,2.4));
#3801=CARTESIAN_POINT('',(-0.399999999999998,31.5,1.86039609136185));
#3802=CARTESIAN_POINT('',(0.400000000000002,30.289597054146,2.4));
#3803=CARTESIAN_POINT('',(0.400000000000002,31.5,1.86039609136185));
#3804=CARTESIAN_POINT('',(0.400000000000002,31.5,1.86039609136185));
#3805=CARTESIAN_POINT('',(0.400000000000002,31.5,1.86039609136185));
#3806=CARTESIAN_POINT('',(-0.399999999999998,31.5,1.86039609136185));
#3807=CARTESIAN_POINT('',(-0.399999999999998,31.5,-1.86039609136185));
#3808=CARTESIAN_POINT('',(0.400000000000002,31.5,1.86039609136185));
#3809=CARTESIAN_POINT('',(0.400000000000002,31.5,-1.86039609136185));
#3810=CARTESIAN_POINT('',(0.400000000000002,31.5,-1.86039609136185));
#3811=CARTESIAN_POINT('',(0.400000000000002,30.289597054146,-2.4));
#3812=CARTESIAN_POINT('',(-0.399999999999998,30.289597054146,-2.4));
#3813=CARTESIAN_POINT('',(-0.399999999999998,30.289597054146,-2.4));
#3814=CARTESIAN_POINT('',(0.400000000000002,30.289597054146,-2.4));
#3815=CARTESIAN_POINT('',(0.400000000000002,30.289597054146,-2.4));
#3816=CARTESIAN_POINT('',(0.400000000000002,30.289597054146,-2.4));
#3817=CARTESIAN_POINT('',(0.400000000000002,30.289597054146,-2.4));
#3818=CARTESIAN_POINT('',(-0.399999999999998,30.289597054146,-2.4));
#3819=CARTESIAN_POINT('',(0.400000000000002,30.289597054146,-2.4));
#3820=CARTESIAN_POINT('',(0.400000000000002,28.813634284344,0.));
#3821=CARTESIAN_POINT('',(0.400000000000002,28.813634284344,0.));
#3822=CARTESIAN_POINT('',(0.400000000000002,29.563634284344,0.));
#3823=CARTESIAN_POINT('',(-0.399999999999998,28.813634284344,0.));
#3824=CARTESIAN_POINT('',(-0.399999999999998,29.563634284344,0.));
#3825=CARTESIAN_POINT('',(0.4,0.,0.));
#3826=CARTESIAN_POINT('',(-0.4,0.,0.));
#3827=CARTESIAN_POINT('',(5.2205182600895,15.9609450065473,-1.69998645164731));
#3828=CARTESIAN_POINT('',(5.49033376396302,15.9480235049702,-0.871405280625615));
#3829=CARTESIAN_POINT('',(5.49033376396302,15.9360492873198,-1.88384374585958E-15));
#3830=CARTESIAN_POINT('',(5.49033376396302,15.9047992873198,2.27417070698841));
#3831=CARTESIAN_POINT('',(3.88225223547571,15.8735492873198,3.88225223547571));
#3832=CARTESIAN_POINT('',(2.27417070698841,15.8422992873198,5.49033376396302));
#3833=CARTESIAN_POINT('',(9.68115570892532E-16,15.8110492873198,5.49033376396302));
#3834=CARTESIAN_POINT('',(-2.2741707069884,15.7797992873198,5.49033376396302));
#3835=CARTESIAN_POINT('',(-3.88225223547571,15.7485492873198,3.88225223547571));
#3836=CARTESIAN_POINT('',(-5.49033376396302,15.7172992873198,2.2741707069884));
#3837=CARTESIAN_POINT('',(-5.49033376396302,15.6860492873198,-5.70077016730143E-16));
#3838=CARTESIAN_POINT('',(-5.49033376396302,15.6547992873198,-2.27417070698841));
#3839=CARTESIAN_POINT('',(-3.88225223547571,15.6235492873198,-3.88225223547571));
#3840=CARTESIAN_POINT('',(-2.2741707069884,15.5922992873198,-5.49033376396302));
#3841=CARTESIAN_POINT('',(2.80436024440958E-16,15.5610492873198,-5.49033376396302));
#3842=CARTESIAN_POINT('',(2.2741707069884,15.5297992873198,-5.49033376396302));
#3843=CARTESIAN_POINT('',(3.88225223547571,15.4985492873198,-3.88225223547571));
#3844=CARTESIAN_POINT('',(5.49033376396302,15.4672992873198,-2.27417070698841));
#3845=CARTESIAN_POINT('',(5.49033376396302,15.4360492873198,-1.94579815571589E-15));
#3846=CARTESIAN_POINT('',(5.49033376396302,15.4047992873198,2.27417070698841));
#3847=CARTESIAN_POINT('',(3.88225223547571,15.3735492873198,3.88225223547571));
#3848=CARTESIAN_POINT('',(2.27417070698841,15.3422992873198,5.49033376396302));
#3849=CARTESIAN_POINT('',(9.37500412046973E-16,15.3110492873198,5.49033376396302));
#3850=CARTESIAN_POINT('',(-2.2741707069884,15.2797992873198,5.49033376396302));
#3851=CARTESIAN_POINT('',(-3.88225223547571,15.2485492873198,3.88225223547571));
#3852=CARTESIAN_POINT('',(-5.49033376396302,15.2172992873198,2.2741707069884));
#3853=CARTESIAN_POINT('',(-5.49033376396302,15.1860492873198,-6.32031426586458E-16));
#3854=CARTESIAN_POINT('',(-5.49033376396302,15.1547992873198,-2.27417070698841));
#3855=CARTESIAN_POINT('',(-3.88225223547571,15.1235492873198,-3.88225223547571));
#3856=CARTESIAN_POINT('',(-2.2741707069884,15.0922992873198,-5.49033376396302));
#3857=CARTESIAN_POINT('',(2.49820865595398E-16,15.0610492873198,-5.49033376396302));
#3858=CARTESIAN_POINT('',(2.2741707069884,15.0297992873198,-5.49033376396302));
#3859=CARTESIAN_POINT('',(3.88225223547571,14.9985492873198,-3.88225223547571));
#3860=CARTESIAN_POINT('',(5.49033376396302,14.9672992873198,-2.27417070698841));
#3861=CARTESIAN_POINT('',(5.49033376396302,14.9360492873198,-2.00775256557221E-15));
#3862=CARTESIAN_POINT('',(5.49033376396302,14.9047992873198,2.27417070698841));
#3863=CARTESIAN_POINT('',(3.88225223547571,14.8735492873198,3.88225223547571));
#3864=CARTESIAN_POINT('',(2.27417070698841,14.8422992873198,5.49033376396302));
#3865=CARTESIAN_POINT('',(9.06885253201413E-16,14.8110492873198,5.49033376396302));
#3866=CARTESIAN_POINT('',(-2.2741707069884,14.7797992873198,5.49033376396302));
#3867=CARTESIAN_POINT('',(-3.88225223547571,14.7485492873198,3.88225223547571));
#3868=CARTESIAN_POINT('',(-5.49033376396302,14.7172992873198,2.2741707069884));
#3869=CARTESIAN_POINT('',(-5.49033376396302,14.6860492873198,-6.93985836442773E-16));
#3870=CARTESIAN_POINT('',(-5.49033376396302,14.6547992873198,-2.27417070698841));
#3871=CARTESIAN_POINT('',(-3.88225223547571,14.6235492873198,-3.88225223547571));
#3872=CARTESIAN_POINT('',(-2.2741707069884,14.5922992873198,-5.49033376396302));
#3873=CARTESIAN_POINT('',(2.19205706749839E-16,14.5610492873198,-5.49033376396302));
#3874=CARTESIAN_POINT('',(2.2741707069884,14.5297992873198,-5.49033376396302));
#3875=CARTESIAN_POINT('',(3.88225223547571,14.4985492873198,-3.88225223547571));
#3876=CARTESIAN_POINT('',(5.49033376396302,14.4672992873198,-2.27417070698841));
#3877=CARTESIAN_POINT('',(5.49033376396302,14.4360492873198,-2.06970697542852E-15));
#3878=CARTESIAN_POINT('',(5.49033376396302,14.4047992873198,2.2741707069884));
#3879=CARTESIAN_POINT('',(3.88225223547571,14.3735492873198,3.88225223547571));
#3880=CARTESIAN_POINT('',(2.27417070698841,14.3422992873198,5.49033376396302));
#3881=CARTESIAN_POINT('',(8.76270094355854E-16,14.3110492873198,5.49033376396302));
#3882=CARTESIAN_POINT('',(-2.2741707069884,14.2797992873198,5.49033376396302));
#3883=CARTESIAN_POINT('',(-3.88225223547571,14.2485492873198,3.88225223547571));
#3884=CARTESIAN_POINT('',(-5.49033376396302,14.2172992873198,2.2741707069884));
#3885=CARTESIAN_POINT('',(-5.49033376396302,14.1860492873198,-7.55940246299087E-16));
#3886=CARTESIAN_POINT('',(-5.49033376396302,14.1547992873198,-2.27417070698841));
#3887=CARTESIAN_POINT('',(-3.88225223547571,14.1235492873198,-3.88225223547571));
#3888=CARTESIAN_POINT('',(-2.2741707069884,14.0922992873198,-5.49033376396302));
#3889=CARTESIAN_POINT('',(1.88590547904279E-16,14.0610492873198,-5.49033376396302));
#3890=CARTESIAN_POINT('',(2.2741707069884,14.0297992873198,-5.49033376396302));
#3891=CARTESIAN_POINT('',(3.88225223547571,13.9985492873198,-3.88225223547571));
#3892=CARTESIAN_POINT('',(5.49033376396302,13.9672992873198,-2.27417070698841));
#3893=CARTESIAN_POINT('',(5.49033376396302,13.9360492873198,-2.13166138528483E-15));
#3894=CARTESIAN_POINT('',(5.49033376396302,13.9047992873198,2.2741707069884));
#3895=CARTESIAN_POINT('',(3.88225223547571,13.8735492873198,3.88225223547571));
#3896=CARTESIAN_POINT('',(2.27417070698841,13.8422992873198,5.49033376396302));
#3897=CARTESIAN_POINT('',(8.45654935510294E-16,13.8110492873198,5.49033376396302));
#3898=CARTESIAN_POINT('',(-2.2741707069884,13.7797992873198,5.49033376396302));
#3899=CARTESIAN_POINT('',(-3.88225223547571,13.7485492873198,3.88225223547571));
#3900=CARTESIAN_POINT('',(-5.49033376396302,13.7172992873198,2.2741707069884));
#3901=CARTESIAN_POINT('',(-5.49033376396302,13.6860492873198,-8.17894656155402E-16));
#3902=CARTESIAN_POINT('',(-5.49033376396302,13.6547992873198,-2.27417070698841));
#3903=CARTESIAN_POINT('',(-3.88225223547571,13.6235492873198,-3.88225223547571));
#3904=CARTESIAN_POINT('',(-2.2741707069884,13.5922992873198,-5.49033376396302));
#3905=CARTESIAN_POINT('',(1.5797538905872E-16,13.5610492873198,-5.49033376396302));
#3906=CARTESIAN_POINT('',(2.2741707069884,13.5297992873198,-5.49033376396302));
#3907=CARTESIAN_POINT('',(3.88225223547571,13.4985492873198,-3.88225223547571));
#3908=CARTESIAN_POINT('',(5.49033376396302,13.4672992873198,-2.27417070698841));
#3909=CARTESIAN_POINT('',(5.49033376396302,13.4360492873198,-2.19361579514115E-15));
#3910=CARTESIAN_POINT('',(5.49033376396302,13.4047992873198,2.2741707069884));
#3911=CARTESIAN_POINT('',(3.88225223547571,13.3735492873198,3.88225223547571));
#3912=CARTESIAN_POINT('',(2.27417070698841,13.3422992873198,5.49033376396302));
#3913=CARTESIAN_POINT('',(8.15039776664735E-16,13.3110492873198,5.49033376396302));
#3914=CARTESIAN_POINT('',(-2.2741707069884,13.2797992873198,5.49033376396302));
#3915=CARTESIAN_POINT('',(-3.88225223547571,13.2485492873198,3.88225223547571));
#3916=CARTESIAN_POINT('',(-5.49033376396302,13.2172992873198,2.2741707069884));
#3917=CARTESIAN_POINT('',(-5.49033376396302,13.1860492873198,-8.79849066011716E-16));
#3918=CARTESIAN_POINT('',(-5.49033376396302,13.1547992873198,-2.27417070698841));
#3919=CARTESIAN_POINT('',(-3.88225223547571,13.1235492873198,-3.88225223547571));
#3920=CARTESIAN_POINT('',(-2.2741707069884,13.0922992873198,-5.49033376396302));
#3921=CARTESIAN_POINT('',(1.2736023021316E-16,13.0610492873198,-5.49033376396302));
#3922=CARTESIAN_POINT('',(2.2741707069884,13.0297992873198,-5.49033376396302));
#3923=CARTESIAN_POINT('',(3.88225223547571,12.9985492873198,-3.88225223547571));
#3924=CARTESIAN_POINT('',(5.49033376396302,12.9672992873198,-2.27417070698841));
#3925=CARTESIAN_POINT('',(5.49033376396302,12.9360492873198,-2.25557020499746E-15));
#3926=CARTESIAN_POINT('',(5.49033376396302,12.9047992873198,2.2741707069884));
#3927=CARTESIAN_POINT('',(3.88225223547571,12.8735492873198,3.88225223547571));
#3928=CARTESIAN_POINT('',(2.27417070698841,12.8422992873198,5.49033376396302));
#3929=CARTESIAN_POINT('',(7.84424617819176E-16,12.8110492873198,5.49033376396302));
#3930=CARTESIAN_POINT('',(-2.2741707069884,12.7797992873198,5.49033376396302));
#3931=CARTESIAN_POINT('',(-3.88225223547571,12.7485492873198,3.88225223547571));
#3932=CARTESIAN_POINT('',(-5.49033376396302,12.7172992873198,2.2741707069884));
#3933=CARTESIAN_POINT('',(-5.49033376396302,12.6860492873198,-9.41803475868031E-16));
#3934=CARTESIAN_POINT('',(-5.49033376396302,12.6547992873198,-2.27417070698841));
#3935=CARTESIAN_POINT('',(-3.88225223547571,12.6235492873198,-3.88225223547571));
#3936=CARTESIAN_POINT('',(-2.2741707069884,12.5922992873198,-5.49033376396302));
#3937=CARTESIAN_POINT('',(9.6745071367601E-17,12.5610492873198,-5.49033376396302));
#3938=CARTESIAN_POINT('',(2.2741707069884,12.5297992873198,-5.49033376396302));
#3939=CARTESIAN_POINT('',(3.88225223547571,12.4985492873198,-3.88225223547571));
#3940=CARTESIAN_POINT('',(5.49033376396302,12.4672992873198,-2.27417070698841));
#3941=CARTESIAN_POINT('',(5.49033376396302,12.4360492873198,-2.31752461485378E-15));
#3942=CARTESIAN_POINT('',(5.49033376396302,12.4047992873198,2.2741707069884));
#3943=CARTESIAN_POINT('',(3.88225223547571,12.3735492873198,3.88225223547571));
#3944=CARTESIAN_POINT('',(2.27417070698841,12.3422992873198,5.49033376396301));
#3945=CARTESIAN_POINT('',(7.53809458973616E-16,12.3110492873198,5.49033376396302));
#3946=CARTESIAN_POINT('',(-2.2741707069884,12.2797992873198,5.49033376396302));
#3947=CARTESIAN_POINT('',(-3.88225223547571,12.2485492873198,3.88225223547571));
#3948=CARTESIAN_POINT('',(-5.49033376396302,12.2172992873198,2.2741707069884));
#3949=CARTESIAN_POINT('',(-5.49033376396302,12.1860492873198,-1.00375788572435E-15));
#3950=CARTESIAN_POINT('',(-5.49033376396302,12.1547992873198,-2.27417070698841));
#3951=CARTESIAN_POINT('',(-3.88225223547571,12.1235492873198,-3.88225223547571));
#3952=CARTESIAN_POINT('',(-2.2741707069884,12.0922992873198,-5.49033376396302));
#3953=CARTESIAN_POINT('',(6.61299125220415E-17,12.0610492873198,-5.49033376396302));
#3954=CARTESIAN_POINT('',(2.2741707069884,12.0297992873198,-5.49033376396302));
#3955=CARTESIAN_POINT('',(3.88225223547571,11.9985492873198,-3.88225223547571));
#3956=CARTESIAN_POINT('',(5.49033376396302,11.9672992873198,-2.27417070698841));
#3957=CARTESIAN_POINT('',(5.49033376396302,11.9360492873198,-2.37947902471009E-15));
#3958=CARTESIAN_POINT('',(5.49033376396302,11.9047992873198,2.2741707069884));
#3959=CARTESIAN_POINT('',(3.88225223547571,11.8735492873198,3.88225223547571));
#3960=CARTESIAN_POINT('',(2.27417070698841,11.8422992873198,5.49033376396301));
#3961=CARTESIAN_POINT('',(7.23194300128057E-16,11.8110492873198,5.49033376396302));
#3962=CARTESIAN_POINT('',(-2.2741707069884,11.7797992873198,5.49033376396302));
#3963=CARTESIAN_POINT('',(-3.88225223547571,11.7485492873198,3.88225223547571));
#3964=CARTESIAN_POINT('',(-5.49033376396302,11.7172992873198,2.2741707069884));
#3965=CARTESIAN_POINT('',(-5.49033376396302,11.6860492873198,-1.06571229558066E-15));
#3966=CARTESIAN_POINT('',(-5.49033376396302,11.6547992873198,-2.27417070698841));
#3967=CARTESIAN_POINT('',(-3.88225223547571,11.6235492873198,-3.88225223547571));
#3968=CARTESIAN_POINT('',(-2.2741707069884,11.5922992873198,-5.49033376396302));
#3969=CARTESIAN_POINT('',(3.55147536764821E-17,11.5610492873198,-5.49033376396302));
#3970=CARTESIAN_POINT('',(2.2741707069884,11.5297992873198,-5.49033376396302));
#3971=CARTESIAN_POINT('',(3.88225223547571,11.4985492873198,-3.88225223547571));
#3972=CARTESIAN_POINT('',(5.49033376396302,11.4672992873198,-2.27417070698841));
#3973=CARTESIAN_POINT('',(5.49033376396302,11.4360492873198,-2.44143343456641E-15));
#3974=CARTESIAN_POINT('',(5.49033376396302,11.4047992873198,2.2741707069884));
#3975=CARTESIAN_POINT('',(3.88225223547571,11.3735492873198,3.88225223547571));
#3976=CARTESIAN_POINT('',(2.27417070698841,11.3422992873198,5.49033376396301));
#3977=CARTESIAN_POINT('',(6.92579141282497E-16,11.3110492873198,5.49033376396302));
#3978=CARTESIAN_POINT('',(-2.2741707069884,11.2797992873198,5.49033376396302));
#3979=CARTESIAN_POINT('',(-3.88225223547571,11.2485492873198,3.88225223547571));
#3980=CARTESIAN_POINT('',(-5.49033376396302,11.2172992873198,2.2741707069884));
#3981=CARTESIAN_POINT('',(-5.49033376396302,11.1860492873198,-1.12766670543697E-15));
#3982=CARTESIAN_POINT('',(-5.49033376396302,11.1547992873198,-2.27417070698841));
#3983=CARTESIAN_POINT('',(-3.88225223547571,11.1235492873198,-3.88225223547571));
#3984=CARTESIAN_POINT('',(-2.2741707069884,11.0922992873198,-5.49033376396302));
#3985=CARTESIAN_POINT('',(4.89959483092267E-18,11.0610492873198,-5.49033376396302));
#3986=CARTESIAN_POINT('',(2.2741707069884,11.0297992873198,-5.49033376396302));
#3987=CARTESIAN_POINT('',(3.88225223547571,10.9985492873198,-3.88225223547571));
#3988=CARTESIAN_POINT('',(5.49033376396302,10.9672992873198,-2.27417070698841));
#3989=CARTESIAN_POINT('',(5.49033376396302,10.9360492873198,-2.50338784442272E-15));
#3990=CARTESIAN_POINT('',(5.49033376396302,10.9047992873198,2.2741707069884));
#3991=CARTESIAN_POINT('',(3.88225223547571,10.8735492873198,3.88225223547571));
#3992=CARTESIAN_POINT('',(2.27417070698841,10.8422992873198,5.49033376396301));
#3993=CARTESIAN_POINT('',(6.61963982436938E-16,10.8110492873198,5.49033376396302));
#3994=CARTESIAN_POINT('',(-2.2741707069884,10.7797992873198,5.49033376396302));
#3995=CARTESIAN_POINT('',(-3.88225223547571,10.7485492873198,3.88225223547571));
#3996=CARTESIAN_POINT('',(-5.49033376396302,10.7172992873198,2.2741707069884));
#3997=CARTESIAN_POINT('',(-5.49033376396302,10.6860492873198,-1.18962111529329E-15));
#3998=CARTESIAN_POINT('',(-5.49033376396302,10.6547992873198,-2.27417070698841));
#3999=CARTESIAN_POINT('',(-3.88225223547571,10.6235492873198,-3.88225223547571));
#4000=CARTESIAN_POINT('',(-2.2741707069884,10.5922992873198,-5.49033376396302));
#4001=CARTESIAN_POINT('',(-2.57155640146368E-17,10.5610492873198,-5.49033376396302));
#4002=CARTESIAN_POINT('',(2.2741707069884,10.5297992873198,-5.49033376396302));
#4003=CARTESIAN_POINT('',(3.88225223547571,10.4985492873198,-3.88225223547571));
#4004=CARTESIAN_POINT('',(5.49033376396302,10.4672992873198,-2.27417070698841));
#4005=CARTESIAN_POINT('',(5.49033376396302,10.4360492873198,-2.56534225427904E-15));
#4006=CARTESIAN_POINT('',(5.49033376396302,10.4047992873198,2.2741707069884));
#4007=CARTESIAN_POINT('',(3.88225223547571,10.3735492873198,3.88225223547571));
#4008=CARTESIAN_POINT('',(2.27417070698841,10.3422992873198,5.49033376396301));
#4009=CARTESIAN_POINT('',(6.31348823591378E-16,10.3110492873198,5.49033376396302));
#4010=CARTESIAN_POINT('',(-2.2741707069884,10.2797992873198,5.49033376396302));
#4011=CARTESIAN_POINT('',(-3.88225223547571,10.2485492873198,3.88225223547571));
#4012=CARTESIAN_POINT('',(-5.49033376396302,10.2172992873198,2.2741707069884));
#4013=CARTESIAN_POINT('',(-5.49033376396302,10.1860492873198,-1.2515755251496E-15));
#4014=CARTESIAN_POINT('',(-5.49033376396302,10.1547992873198,-2.27417070698841));
#4015=CARTESIAN_POINT('',(-3.88225223547571,10.1235492873198,-3.88225223547571));
#4016=CARTESIAN_POINT('',(-2.2741707069884,10.0922992873198,-5.49033376396302));
#4017=CARTESIAN_POINT('',(-5.63307228601962E-17,10.0610492873198,-5.49033376396302));
#4018=CARTESIAN_POINT('',(2.2741707069884,10.0297992873198,-5.49033376396302));
#4019=CARTESIAN_POINT('',(3.88225223547571,9.99854928731984,-3.88225223547571));
#4020=CARTESIAN_POINT('',(5.49033376396302,9.96729928731984,-2.27417070698841));
#4021=CARTESIAN_POINT('',(5.49033376396302,9.93604928731984,-2.62729666413535E-15));
#4022=CARTESIAN_POINT('',(5.49033376396302,9.90479928731984,2.2741707069884));
#4023=CARTESIAN_POINT('',(3.88225223547571,9.87354928731984,3.88225223547571));
#4024=CARTESIAN_POINT('',(2.27417070698841,9.84229928731984,5.49033376396301));
#4025=CARTESIAN_POINT('',(6.00733664745819E-16,9.81104928731984,5.49033376396302));
#4026=CARTESIAN_POINT('',(-2.2741707069884,9.77979928731984,5.49033376396302));
#4027=CARTESIAN_POINT('',(-3.88225223547571,9.74854928731984,3.88225223547571));
#4028=CARTESIAN_POINT('',(-5.49033376396302,9.71729928731984,2.2741707069884));
#4029=CARTESIAN_POINT('',(-5.49033376396302,9.68604928731984,-1.31352993500592E-15));
#4030=CARTESIAN_POINT('',(-5.49033376396302,9.65479928731984,-2.27417070698841));
#4031=CARTESIAN_POINT('',(-3.88225223547571,9.62354928731984,-3.88225223547571));
#4032=CARTESIAN_POINT('',(-2.2741707069884,9.59229928731984,-5.49033376396302));
#4033=CARTESIAN_POINT('',(-8.69458817057556E-17,9.56104928731984,-5.49033376396302));
#4034=CARTESIAN_POINT('',(2.2741707069884,9.52979928731984,-5.49033376396302));
#4035=CARTESIAN_POINT('',(3.88225223547571,9.49854928731984,-3.88225223547571));
#4036=CARTESIAN_POINT('',(5.49033376396302,9.46729928731984,-2.27417070698841));
#4037=CARTESIAN_POINT('',(5.49033376396302,9.43604928731984,-2.68925107399167E-15));
#4038=CARTESIAN_POINT('',(5.49033376396302,9.40479928731984,2.2741707069884));
#4039=CARTESIAN_POINT('',(3.88225223547571,9.37354928731984,3.88225223547571));
#4040=CARTESIAN_POINT('',(2.27417070698841,9.34229928731984,5.49033376396301));
#4041=CARTESIAN_POINT('',(5.70118505900259E-16,9.31104928731984,5.49033376396302));
#4042=CARTESIAN_POINT('',(-2.2741707069884,9.27979928731984,5.49033376396302));
#4043=CARTESIAN_POINT('',(-3.88225223547571,9.24854928731984,3.88225223547571));
#4044=CARTESIAN_POINT('',(-5.49033376396302,9.21729928731984,2.2741707069884));
#4045=CARTESIAN_POINT('',(-5.49033376396302,9.18604928731984,-1.37548434486223E-15));
#4046=CARTESIAN_POINT('',(-5.49033376396302,9.15479928731984,-2.27417070698841));
#4047=CARTESIAN_POINT('',(-3.88225223547571,9.12354928731984,-3.88225223547571));
#4048=CARTESIAN_POINT('',(-2.2741707069884,9.09229928731984,-5.49033376396302));
#4049=CARTESIAN_POINT('',(-1.17561040551315E-16,9.06104928731984,-5.49033376396302));
#4050=CARTESIAN_POINT('',(2.2741707069884,9.02979928731984,-5.49033376396302));
#4051=CARTESIAN_POINT('',(3.88225223547571,8.99854928731984,-3.88225223547571));
#4052=CARTESIAN_POINT('',(5.49033376396302,8.96729928731984,-2.27417070698841));
#4053=CARTESIAN_POINT('',(5.49033376396302,8.93604928731984,-2.75120548384798E-15));
#4054=CARTESIAN_POINT('',(5.49033376396302,8.90479928731984,2.2741707069884));
#4055=CARTESIAN_POINT('',(3.88225223547571,8.87354928731984,3.88225223547571));
#4056=CARTESIAN_POINT('',(2.27417070698841,8.84229928731984,5.49033376396301));
#4057=CARTESIAN_POINT('',(5.395033470547E-16,8.81104928731984,5.49033376396302));
#4058=CARTESIAN_POINT('',(-2.2741707069884,8.77979928731984,5.49033376396302));
#4059=CARTESIAN_POINT('',(-3.88225223547571,8.74854928731984,3.88225223547571));
#4060=CARTESIAN_POINT('',(-5.49033376396302,8.71729928731984,2.2741707069884));
#4061=CARTESIAN_POINT('',(-5.49033376396302,8.68604928731984,-1.43743875471855E-15));
#4062=CARTESIAN_POINT('',(-5.49033376396302,8.65479928731984,-2.27417070698841));
#4063=CARTESIAN_POINT('',(-3.88225223547571,8.62354928731984,-3.88225223547571));
#4064=CARTESIAN_POINT('',(-2.2741707069884,8.59229928731984,-5.49033376396302));
#4065=CARTESIAN_POINT('',(-1.48176199396874E-16,8.56104928731984,-5.49033376396302));
#4066=CARTESIAN_POINT('',(2.2741707069884,8.52979928731984,-5.49033376396302));
#4067=CARTESIAN_POINT('',(3.88225223547571,8.49854928731984,-3.88225223547571));
#4068=CARTESIAN_POINT('',(5.49033376396302,8.46729928731984,-2.27417070698841));
#4069=CARTESIAN_POINT('',(5.49033376396302,8.43604928731984,-2.81315989370429E-15));
#4070=CARTESIAN_POINT('',(5.49033376396302,8.40479928731984,2.2741707069884));
#4071=CARTESIAN_POINT('',(3.88225223547571,8.37354928731984,3.88225223547571));
#4072=CARTESIAN_POINT('',(2.27417070698841,8.34229928731984,5.49033376396301));
#4073=CARTESIAN_POINT('',(5.08888188209141E-16,8.31104928731984,5.49033376396302));
#4074=CARTESIAN_POINT('',(-2.2741707069884,8.27979928731984,5.49033376396302));
#4075=CARTESIAN_POINT('',(-3.88225223547571,8.24854928731984,3.88225223547571));
#4076=CARTESIAN_POINT('',(-5.49033376396302,8.21729928731984,2.2741707069884));
#4077=CARTESIAN_POINT('',(-5.49033376396302,8.18604928731984,-1.49939316457486E-15));
#4078=CARTESIAN_POINT('',(-5.49033376396302,8.15479928731984,-2.27417070698841));
#4079=CARTESIAN_POINT('',(-3.88225223547571,8.12354928731984,-3.88225223547571));
#4080=CARTESIAN_POINT('',(-2.2741707069884,8.09229928731984,-5.49033376396302));
#4081=CARTESIAN_POINT('',(-1.78791358242434E-16,8.06104928731984,-5.49033376396302));
#4082=CARTESIAN_POINT('',(2.2741707069884,8.02979928731984,-5.49033376396302));
#4083=CARTESIAN_POINT('',(3.88225223547571,7.99854928731984,-3.88225223547571));
#4084=CARTESIAN_POINT('',(5.49033376396302,7.96729928731984,-2.27417070698841));
#4085=CARTESIAN_POINT('',(5.49033376396302,7.93604928731984,-2.87511430356061E-15));
#4086=CARTESIAN_POINT('',(5.49033376396302,7.90479928731984,2.2741707069884));
#4087=CARTESIAN_POINT('',(3.88225223547571,7.87354928731984,3.88225223547571));
#4088=CARTESIAN_POINT('',(2.27417070698841,7.84229928731984,5.49033376396301));
#4089=CARTESIAN_POINT('',(4.78273029363581E-16,7.81104928731984,5.49033376396302));
#4090=CARTESIAN_POINT('',(-2.2741707069884,7.77979928731984,5.49033376396302));
#4091=CARTESIAN_POINT('',(-3.88225223547571,7.74854928731984,3.88225223547571));
#4092=CARTESIAN_POINT('',(-5.49033376396302,7.71729928731984,2.2741707069884));
#4093=CARTESIAN_POINT('',(-5.49033376396302,7.68604928731984,-1.56134757443118E-15));
#4094=CARTESIAN_POINT('',(-5.49033376396302,7.65479928731984,-2.27417070698841));
#4095=CARTESIAN_POINT('',(-3.88225223547571,7.62354928731984,-3.88225223547571));
#4096=CARTESIAN_POINT('',(-2.2741707069884,7.59229928731984,-5.49033376396302));
#4097=CARTESIAN_POINT('',(-2.09406517087993E-16,7.56104928731984,-5.49033376396302));
#4098=CARTESIAN_POINT('',(2.2741707069884,7.52979928731984,-5.49033376396302));
#4099=CARTESIAN_POINT('',(3.88225223547571,7.49854928731984,-3.88225223547571));
#4100=CARTESIAN_POINT('',(5.49033376396302,7.46729928731984,-2.27417070698841));
#4101=CARTESIAN_POINT('',(5.49033376396302,7.43604928731984,-2.93706871341692E-15));
#4102=CARTESIAN_POINT('',(5.49033376396302,7.40479928731984,2.2741707069884));
#4103=CARTESIAN_POINT('',(3.88225223547571,7.37354928731984,3.88225223547571));
#4104=CARTESIAN_POINT('',(2.27417070698841,7.34229928731984,5.49033376396301));
#4105=CARTESIAN_POINT('',(4.47657870518022E-16,7.31104928731984,5.49033376396302));
#4106=CARTESIAN_POINT('',(-2.2741707069884,7.27979928731984,5.49033376396302));
#4107=CARTESIAN_POINT('',(-3.88225223547571,7.24854928731984,3.88225223547571));
#4108=CARTESIAN_POINT('',(-5.49033376396302,7.21729928731984,2.2741707069884));
#4109=CARTESIAN_POINT('',(-5.49033376396302,7.18604928731984,-1.62330198428749E-15));
#4110=CARTESIAN_POINT('',(-5.49033376396302,7.15479928731984,-2.27417070698841));
#4111=CARTESIAN_POINT('',(-3.88225223547571,7.12354928731984,-3.88225223547571));
#4112=CARTESIAN_POINT('',(-2.2741707069884,7.09229928731984,-5.49033376396302));
#4113=CARTESIAN_POINT('',(-2.40021675933553E-16,7.06104928731984,-5.49033376396302));
#4114=CARTESIAN_POINT('',(2.2741707069884,7.02979928731984,-5.49033376396302));
#4115=CARTESIAN_POINT('',(3.88225223547571,6.99854928731984,-3.88225223547571));
#4116=CARTESIAN_POINT('',(5.49033376396302,6.96729928731984,-2.27417070698841));
#4117=CARTESIAN_POINT('',(5.49033376396302,6.93604928731984,-2.99902312327324E-15));
#4118=CARTESIAN_POINT('',(5.49033376396302,6.90479928731984,2.2741707069884));
#4119=CARTESIAN_POINT('',(3.88225223547571,6.87354928731984,3.88225223547571));
#4120=CARTESIAN_POINT('',(2.27417070698841,6.84229928731984,5.49033376396301));
#4121=CARTESIAN_POINT('',(4.17042711672462E-16,6.81104928731984,5.49033376396302));
#4122=CARTESIAN_POINT('',(-2.2741707069884,6.77979928731984,5.49033376396302));
#4123=CARTESIAN_POINT('',(-3.88225223547571,6.74854928731984,3.88225223547571));
#4124=CARTESIAN_POINT('',(-5.49033376396302,6.71729928731984,2.2741707069884));
#4125=CARTESIAN_POINT('',(-5.49033376396302,6.68604928731984,-1.68525639414381E-15));
#4126=CARTESIAN_POINT('',(-5.49033376396302,6.65479928731984,-2.27417070698841));
#4127=CARTESIAN_POINT('',(-3.88225223547571,6.62354928731984,-3.88225223547571));
#4128=CARTESIAN_POINT('',(-2.2741707069884,6.59229928731984,-5.49033376396302));
#4129=CARTESIAN_POINT('',(-2.70636834779112E-16,6.56104928731984,-5.49033376396302));
#4130=CARTESIAN_POINT('',(2.2741707069884,6.52979928731984,-5.49033376396302));
#4131=CARTESIAN_POINT('',(3.88225223547571,6.49854928731984,-3.88225223547571));
#4132=CARTESIAN_POINT('',(5.49033376396302,6.46729928731984,-2.27417070698841));
#4133=CARTESIAN_POINT('',(5.49033376396302,6.43604928731984,-3.06097753312955E-15));
#4134=CARTESIAN_POINT('',(5.49033376396302,6.40479928731984,2.2741707069884));
#4135=CARTESIAN_POINT('',(3.88225223547571,6.37354928731984,3.88225223547571));
#4136=CARTESIAN_POINT('',(2.27417070698841,6.34229928731984,5.49033376396301));
#4137=CARTESIAN_POINT('',(3.86427552826903E-16,6.31104928731984,5.49033376396302));
#4138=CARTESIAN_POINT('',(-2.2741707069884,6.27979928731984,5.49033376396302));
#4139=CARTESIAN_POINT('',(-3.88225223547571,6.24854928731984,3.88225223547571));
#4140=CARTESIAN_POINT('',(-5.49033376396302,6.21729928731984,2.2741707069884));
#4141=CARTESIAN_POINT('',(-5.49033376396302,6.18604928731984,-1.74721080400012E-15));
#4142=CARTESIAN_POINT('',(-5.49033376396302,6.15479928731984,-2.27417070698841));
#4143=CARTESIAN_POINT('',(-3.88225223547571,6.12354928731984,-3.88225223547571));
#4144=CARTESIAN_POINT('',(-2.2741707069884,6.09229928731984,-5.49033376396302));
#4145=CARTESIAN_POINT('',(-3.01251993624672E-16,6.06104928731984,-5.49033376396302));
#4146=CARTESIAN_POINT('',(2.2741707069884,6.02979928731984,-5.49033376396302));
#4147=CARTESIAN_POINT('',(3.88225223547571,5.99854928731984,-3.88225223547571));
#4148=CARTESIAN_POINT('',(5.49033376396302,5.96729928731984,-2.27417070698841));
#4149=CARTESIAN_POINT('',(5.49033376396302,5.93604928731984,-3.12293194298587E-15));
#4150=CARTESIAN_POINT('',(5.49033376396302,5.90479928731984,2.2741707069884));
#4151=CARTESIAN_POINT('',(3.88225223547571,5.87354928731984,3.88225223547571));
#4152=CARTESIAN_POINT('',(2.27417070698841,5.84229928731984,5.49033376396301));
#4153=CARTESIAN_POINT('',(3.55812393981344E-16,5.81104928731984,5.49033376396301));
#4154=CARTESIAN_POINT('',(-2.2741707069884,5.77979928731984,5.49033376396301));
#4155=CARTESIAN_POINT('',(-3.88225223547571,5.74854928731984,3.88225223547571));
#4156=CARTESIAN_POINT('',(-5.49033376396302,5.71729928731984,2.2741707069884));
#4157=CARTESIAN_POINT('',(-5.49033376396302,5.68604928731984,-1.80916521385643E-15));
#4158=CARTESIAN_POINT('',(-5.49033376396302,5.65479928731984,-2.27417070698841));
#4159=CARTESIAN_POINT('',(-3.88225223547571,5.62354928731984,-3.88225223547571));
#4160=CARTESIAN_POINT('',(-2.27417070698841,5.59229928731984,-5.49033376396302));
#4161=CARTESIAN_POINT('',(-3.31867152470231E-16,5.56104928731984,-5.49033376396302));
#4162=CARTESIAN_POINT('',(2.2741707069884,5.52979928731984,-5.49033376396302));
#4163=CARTESIAN_POINT('',(3.88225223547571,5.49854928731984,-3.88225223547571));
#4164=CARTESIAN_POINT('',(5.49033376396302,5.46729928731984,-2.27417070698841));
#4165=CARTESIAN_POINT('',(5.49033376396302,5.43604928731984,-3.18488635284218E-15));
#4166=CARTESIAN_POINT('',(5.49033376396302,5.40479928731984,2.2741707069884));
#4167=CARTESIAN_POINT('',(3.88225223547571,5.37354928731984,3.88225223547571));
#4168=CARTESIAN_POINT('',(2.27417070698841,5.34229928731984,5.49033376396301));
#4169=CARTESIAN_POINT('',(3.25197235135784E-16,5.31104928731984,5.49033376396301));
#4170=CARTESIAN_POINT('',(-2.2741707069884,5.27979928731984,5.49033376396301));
#4171=CARTESIAN_POINT('',(-3.88225223547571,5.24854928731984,3.88225223547571));
#4172=CARTESIAN_POINT('',(-5.49033376396302,5.21729928731984,2.2741707069884));
#4173=CARTESIAN_POINT('',(-5.49033376396302,5.18604928731984,-1.87111962371275E-15));
#4174=CARTESIAN_POINT('',(-5.49033376396302,5.15479928731984,-2.27417070698841));
#4175=CARTESIAN_POINT('',(-3.88225223547571,5.12354928731984,-3.88225223547571));
#4176=CARTESIAN_POINT('',(-2.27417070698841,5.09229928731984,-5.49033376396302));
#4177=CARTESIAN_POINT('',(-3.62482311315791E-16,5.06104928731984,-5.49033376396302));
#4178=CARTESIAN_POINT('',(2.2741707069884,5.02979928731984,-5.49033376396302));
#4179=CARTESIAN_POINT('',(3.88225223547571,4.99854928731984,-3.88225223547571));
#4180=CARTESIAN_POINT('',(5.49033376396302,4.96729928731984,-2.27417070698841));
#4181=CARTESIAN_POINT('',(5.49033376396302,4.93604928731984,-3.2468407626985E-15));
#4182=CARTESIAN_POINT('',(5.49033376396302,4.90479928731984,2.2741707069884));
#4183=CARTESIAN_POINT('',(3.88225223547571,4.87354928731984,3.88225223547571));
#4184=CARTESIAN_POINT('',(2.27417070698841,4.84229928731984,5.49033376396301));
#4185=CARTESIAN_POINT('',(2.94582076290225E-16,4.81104928731984,5.49033376396301));
#4186=CARTESIAN_POINT('',(-2.2741707069884,4.77979928731984,5.49033376396301));
#4187=CARTESIAN_POINT('',(-3.88225223547571,4.74854928731984,3.88225223547571));
#4188=CARTESIAN_POINT('',(-5.49033376396302,4.71729928731984,2.2741707069884));
#4189=CARTESIAN_POINT('',(-5.49033376396302,4.68604928731984,-1.93307403356906E-15));
#4190=CARTESIAN_POINT('',(-5.49033376396302,4.65479928731984,-2.27417070698841));
#4191=CARTESIAN_POINT('',(-3.88225223547571,4.62354928731984,-3.88225223547571));
#4192=CARTESIAN_POINT('',(-2.27417070698841,4.59229928731984,-5.49033376396302));
#4193=CARTESIAN_POINT('',(-3.9309747016135E-16,4.56104928731984,-5.49033376396302));
#4194=CARTESIAN_POINT('',(2.2741707069884,4.52979928731984,-5.49033376396302));
#4195=CARTESIAN_POINT('',(3.88225223547571,4.49854928731984,-3.88225223547571));
#4196=CARTESIAN_POINT('',(5.49033376396302,4.46729928731984,-2.27417070698841));
#4197=CARTESIAN_POINT('',(5.49033376396302,4.43604928731984,-3.30879517255481E-15));
#4198=CARTESIAN_POINT('',(5.49033376396302,4.40479928731984,2.2741707069884));
#4199=CARTESIAN_POINT('',(3.88225223547571,4.37354928731984,3.88225223547571));
#4200=CARTESIAN_POINT('',(2.27417070698841,4.34229928731984,5.49033376396301));
#4201=CARTESIAN_POINT('',(2.63966917444665E-16,4.31104928731984,5.49033376396301));
#4202=CARTESIAN_POINT('',(-2.2741707069884,4.27979928731984,5.49033376396301));
#4203=CARTESIAN_POINT('',(-3.88225223547571,4.24854928731984,3.88225223547571));
#4204=CARTESIAN_POINT('',(-5.49033376396302,4.21729928731984,2.2741707069884));
#4205=CARTESIAN_POINT('',(-5.49033376396302,4.18604928731984,-1.99502844342538E-15));
#4206=CARTESIAN_POINT('',(-5.49033376396302,4.15479928731984,-2.27417070698841));
#4207=CARTESIAN_POINT('',(-3.88225223547571,4.12354928731984,-3.88225223547571));
#4208=CARTESIAN_POINT('',(-2.27417070698841,4.09229928731984,-5.49033376396302));
#4209=CARTESIAN_POINT('',(-4.23712629006909E-16,4.06104928731984,-5.49033376396302));
#4210=CARTESIAN_POINT('',(2.2741707069884,4.02979928731984,-5.49033376396302));
#4211=CARTESIAN_POINT('',(3.88225223547571,3.99854928731984,-3.88225223547571));
#4212=CARTESIAN_POINT('',(5.49033376396302,3.96729928731984,-2.27417070698841));
#4213=CARTESIAN_POINT('',(5.49033376396302,3.93604928731984,-3.37074958241113E-15));
#4214=CARTESIAN_POINT('',(5.49033376396302,3.90479928731984,2.2741707069884));
#4215=CARTESIAN_POINT('',(3.88225223547571,3.87354928731984,3.88225223547571));
#4216=CARTESIAN_POINT('',(2.27417070698841,3.84229928731984,5.49033376396301));
#4217=CARTESIAN_POINT('',(2.33351758599106E-16,3.81104928731984,5.49033376396301));
#4218=CARTESIAN_POINT('',(-2.2741707069884,3.77979928731984,5.49033376396301));
#4219=CARTESIAN_POINT('',(-3.88225223547571,3.74854928731984,3.88225223547571));
#4220=CARTESIAN_POINT('',(-5.49033376396302,3.71729928731984,2.2741707069884));
#4221=CARTESIAN_POINT('',(-5.49033376396302,3.68604928731984,-2.05698285328169E-15));
#4222=CARTESIAN_POINT('',(-5.49033376396302,3.65479928731984,-2.27417070698841));
#4223=CARTESIAN_POINT('',(-3.88225223547571,3.62354928731984,-3.88225223547571));
#4224=CARTESIAN_POINT('',(-2.27417070698841,3.59229928731984,-5.49033376396302));
#4225=CARTESIAN_POINT('',(-4.54327787852469E-16,3.56104928731984,-5.49033376396302));
#4226=CARTESIAN_POINT('',(2.2741707069884,3.52979928731984,-5.49033376396302));
#4227=CARTESIAN_POINT('',(3.88225223547571,3.49854928731984,-3.88225223547571));
#4228=CARTESIAN_POINT('',(5.49033376396302,3.46729928731984,-2.27417070698841));
#4229=CARTESIAN_POINT('',(5.49033376396302,3.43604928731984,-3.43270399226744E-15));
#4230=CARTESIAN_POINT('',(5.49033376396302,3.40479928731984,2.2741707069884));
#4231=CARTESIAN_POINT('',(3.88225223547571,3.37354928731984,3.88225223547571));
#4232=CARTESIAN_POINT('',(2.27417070698841,3.34229928731984,5.49033376396301));
#4233=CARTESIAN_POINT('',(2.02736599753546E-16,3.31104928731984,5.49033376396301));
#4234=CARTESIAN_POINT('',(-2.2741707069884,3.27979928731984,5.49033376396301));
#4235=CARTESIAN_POINT('',(-3.88225223547571,3.24854928731984,3.88225223547571));
#4236=CARTESIAN_POINT('',(-5.49033376396302,3.21729928731984,2.2741707069884));
#4237=CARTESIAN_POINT('',(-5.49033376396302,3.18604928731984,-2.11893726313801E-15));
#4238=CARTESIAN_POINT('',(-5.49033376396302,3.15479928731984,-2.27417070698841));
#4239=CARTESIAN_POINT('',(-3.88225223547571,3.12354928731984,-3.88225223547571));
#4240=CARTESIAN_POINT('',(-2.27417070698841,3.09229928731984,-5.49033376396302));
#4241=CARTESIAN_POINT('',(-4.84942946698028E-16,3.06104928731984,-5.49033376396302));
#4242=CARTESIAN_POINT('',(2.2741707069884,3.02979928731984,-5.49033376396302));
#4243=CARTESIAN_POINT('',(3.88225223547571,2.99854928731984,-3.88225223547571));
#4244=CARTESIAN_POINT('',(5.49033376396302,2.96729928731984,-2.27417070698841));
#4245=CARTESIAN_POINT('',(5.49033376396302,2.93604928731984,-3.49465840212375E-15));
#4246=CARTESIAN_POINT('',(5.49033376396302,2.90479928731984,2.2741707069884));
#4247=CARTESIAN_POINT('',(3.88225223547571,2.87354928731984,3.88225223547571));
#4248=CARTESIAN_POINT('',(2.27417070698841,2.84229928731984,5.49033376396301));
#4249=CARTESIAN_POINT('',(1.72121440907987E-16,2.81104928731984,5.49033376396301));
#4250=CARTESIAN_POINT('',(-2.2741707069884,2.77979928731984,5.49033376396301));
#4251=CARTESIAN_POINT('',(-3.88225223547571,2.74854928731984,3.88225223547571));
#4252=CARTESIAN_POINT('',(-5.49033376396302,2.71729928731984,2.2741707069884));
#4253=CARTESIAN_POINT('',(-5.49033376396302,2.68604928731984,-2.18089167299432E-15));
#4254=CARTESIAN_POINT('',(-5.49033376396302,2.65479928731984,-2.27417070698841));
#4255=CARTESIAN_POINT('',(-3.88225223547571,2.62354928731984,-3.88225223547571));
#4256=CARTESIAN_POINT('',(-2.27417070698841,2.59229928731984,-5.49033376396302));
#4257=CARTESIAN_POINT('',(-5.15558105543588E-16,2.56104928731984,-5.49033376396302));
#4258=CARTESIAN_POINT('',(2.2741707069884,2.52979928731984,-5.49033376396302));
#4259=CARTESIAN_POINT('',(3.88225223547571,2.49854928731984,-3.88225223547571));
#4260=CARTESIAN_POINT('',(5.49033376396302,2.46729928731984,-2.27417070698841));
#4261=CARTESIAN_POINT('',(5.49033376396302,2.43604928731984,-3.55661281198007E-15));
#4262=CARTESIAN_POINT('',(5.49033376396302,2.40479928731984,2.2741707069884));
#4263=CARTESIAN_POINT('',(3.88225223547571,2.37354928731984,3.88225223547571));
#4264=CARTESIAN_POINT('',(2.27417070698841,2.34229928731984,5.49033376396301));
#4265=CARTESIAN_POINT('',(1.41506282062427E-16,2.31104928731984,5.49033376396301));
#4266=CARTESIAN_POINT('',(5.70513759402624,15.7461366919013,-1.85779574583119));
#4267=CARTESIAN_POINT('',(6.,15.7332151903242,-0.952297603120529));
#4268=CARTESIAN_POINT('',(6.,15.7212409726738,-2.00408455928125E-15));
#4269=CARTESIAN_POINT('',(6.,15.6899909726738,2.48528137423857));
#4270=CARTESIAN_POINT('',(4.24264068711929,15.6587409726738,4.24264068711928));
#4271=CARTESIAN_POINT('',(2.48528137423858,15.6274909726738,6.));
#4272=CARTESIAN_POINT('',(9.54962789544063E-16,15.5962409726738,6.));
#4273=CARTESIAN_POINT('',(-2.48528137423857,15.5649909726738,6.));
#4274=CARTESIAN_POINT('',(-4.24264068711928,15.5337409726738,4.24264068711928));
#4275=CARTESIAN_POINT('',(-6.,15.5024909726738,2.48528137423857));
#4276=CARTESIAN_POINT('',(-6.,15.4712409726738,-5.65485605232581E-16));
#4277=CARTESIAN_POINT('',(-6.,15.4399909726738,-2.48528137423857));
#4278=CARTESIAN_POINT('',(-4.24264068711928,15.4087409726738,-4.24264068711929));
#4279=CARTESIAN_POINT('',(-2.48528137423857,15.3774909726738,-6.));
#4280=CARTESIAN_POINT('',(2.04867130632871E-16,15.3462409726738,-6.));
#4281=CARTESIAN_POINT('',(2.48528137423857,15.3149909726738,-6.));
#4282=CARTESIAN_POINT('',(4.24264068711929,15.2837409726738,-4.24264068711929));
#4283=CARTESIAN_POINT('',(6.,15.2524909726738,-2.48528137423858));
#4284=CARTESIAN_POINT('',(6.,15.2212409726738,-2.06603896913756E-15));
#4285=CARTESIAN_POINT('',(6.,15.1899909726738,2.48528137423857));
#4286=CARTESIAN_POINT('',(4.24264068711929,15.1587409726738,4.24264068711928));
#4287=CARTESIAN_POINT('',(2.48528137423858,15.1274909726738,6.));
#4288=CARTESIAN_POINT('',(9.24347630698504E-16,15.0962409726738,6.));
#4289=CARTESIAN_POINT('',(-2.48528137423857,15.0649909726738,6.));
#4290=CARTESIAN_POINT('',(-4.24264068711928,15.0337409726738,4.24264068711928));
#4291=CARTESIAN_POINT('',(-6.,15.0024909726738,2.48528137423857));
#4292=CARTESIAN_POINT('',(-6.,14.9712409726738,-6.27440015088896E-16));
#4293=CARTESIAN_POINT('',(-6.,14.9399909726738,-2.48528137423857));
#4294=CARTESIAN_POINT('',(-4.24264068711928,14.9087409726738,-4.24264068711929));
#4295=CARTESIAN_POINT('',(-2.48528137423857,14.8774909726738,-6.));
#4296=CARTESIAN_POINT('',(1.74251971787312E-16,14.8462409726738,-6.));
#4297=CARTESIAN_POINT('',(2.48528137423857,14.8149909726738,-6.));
#4298=CARTESIAN_POINT('',(4.24264068711929,14.7837409726738,-4.24264068711929));
#4299=CARTESIAN_POINT('',(6.,14.7524909726738,-2.48528137423858));
#4300=CARTESIAN_POINT('',(6.,14.7212409726738,-2.12799337899388E-15));
#4301=CARTESIAN_POINT('',(6.,14.6899909726738,2.48528137423857));
#4302=CARTESIAN_POINT('',(4.24264068711929,14.6587409726738,4.24264068711928));
#4303=CARTESIAN_POINT('',(2.48528137423858,14.6274909726738,6.));
#4304=CARTESIAN_POINT('',(8.93732471852944E-16,14.5962409726738,6.));
#4305=CARTESIAN_POINT('',(-2.48528137423857,14.5649909726738,6.));
#4306=CARTESIAN_POINT('',(-4.24264068711928,14.5337409726738,4.24264068711928));
#4307=CARTESIAN_POINT('',(-6.,14.5024909726738,2.48528137423857));
#4308=CARTESIAN_POINT('',(-6.,14.4712409726738,-6.8939442494521E-16));
#4309=CARTESIAN_POINT('',(-6.,14.4399909726738,-2.48528137423857));
#4310=CARTESIAN_POINT('',(-4.24264068711928,14.4087409726738,-4.24264068711929));
#4311=CARTESIAN_POINT('',(-2.48528137423857,14.3774909726738,-6.));
#4312=CARTESIAN_POINT('',(1.43636812941752E-16,14.3462409726738,-6.));
#4313=CARTESIAN_POINT('',(2.48528137423857,14.3149909726738,-6.));
#4314=CARTESIAN_POINT('',(4.24264068711929,14.2837409726738,-4.24264068711929));
#4315=CARTESIAN_POINT('',(6.,14.2524909726738,-2.48528137423858));
#4316=CARTESIAN_POINT('',(6.,14.2212409726738,-2.18994778885019E-15));
#4317=CARTESIAN_POINT('',(6.,14.1899909726738,2.48528137423857));
#4318=CARTESIAN_POINT('',(4.24264068711929,14.1587409726738,4.24264068711928));
#4319=CARTESIAN_POINT('',(2.48528137423858,14.1274909726738,6.));
#4320=CARTESIAN_POINT('',(8.63117313007385E-16,14.0962409726738,6.));
#4321=CARTESIAN_POINT('',(-2.48528137423857,14.0649909726738,6.));
#4322=CARTESIAN_POINT('',(-4.24264068711928,14.0337409726738,4.24264068711928));
#4323=CARTESIAN_POINT('',(-6.,14.0024909726738,2.48528137423857));
#4324=CARTESIAN_POINT('',(-6.,13.9712409726738,-7.51348834801525E-16));
#4325=CARTESIAN_POINT('',(-6.,13.9399909726738,-2.48528137423857));
#4326=CARTESIAN_POINT('',(-4.24264068711928,13.9087409726738,-4.24264068711929));
#4327=CARTESIAN_POINT('',(-2.48528137423857,13.8774909726738,-6.));
#4328=CARTESIAN_POINT('',(1.13021654096193E-16,13.8462409726738,-6.));
#4329=CARTESIAN_POINT('',(2.48528137423857,13.8149909726738,-6.));
#4330=CARTESIAN_POINT('',(4.24264068711929,13.7837409726738,-4.24264068711929));
#4331=CARTESIAN_POINT('',(6.,13.7524909726738,-2.48528137423858));
#4332=CARTESIAN_POINT('',(6.,13.7212409726738,-2.25190219870651E-15));
#4333=CARTESIAN_POINT('',(6.,13.6899909726738,2.48528137423857));
#4334=CARTESIAN_POINT('',(4.24264068711929,13.6587409726738,4.24264068711928));
#4335=CARTESIAN_POINT('',(2.48528137423858,13.6274909726738,6.));
#4336=CARTESIAN_POINT('',(8.32502154161825E-16,13.5962409726738,6.));
#4337=CARTESIAN_POINT('',(-2.48528137423857,13.5649909726738,6.));
#4338=CARTESIAN_POINT('',(-4.24264068711928,13.5337409726738,4.24264068711928));
#4339=CARTESIAN_POINT('',(-6.,13.5024909726738,2.48528137423857));
#4340=CARTESIAN_POINT('',(-6.,13.4712409726738,-8.1330324465784E-16));
#4341=CARTESIAN_POINT('',(-6.,13.4399909726738,-2.48528137423857));
#4342=CARTESIAN_POINT('',(-4.24264068711928,13.4087409726738,-4.24264068711929));
#4343=CARTESIAN_POINT('',(-2.48528137423857,13.3774909726738,-6.));
#4344=CARTESIAN_POINT('',(8.24064952506335E-17,13.3462409726738,-6.));
#4345=CARTESIAN_POINT('',(2.48528137423857,13.3149909726738,-6.));
#4346=CARTESIAN_POINT('',(4.24264068711929,13.2837409726738,-4.24264068711929));
#4347=CARTESIAN_POINT('',(6.,13.2524909726738,-2.48528137423858));
#4348=CARTESIAN_POINT('',(6.,13.2212409726738,-2.31385660856282E-15));
#4349=CARTESIAN_POINT('',(6.,13.1899909726738,2.48528137423857));
#4350=CARTESIAN_POINT('',(4.24264068711929,13.1587409726738,4.24264068711928));
#4351=CARTESIAN_POINT('',(2.48528137423858,13.1274909726738,6.));
#4352=CARTESIAN_POINT('',(8.01886995316266E-16,13.0962409726738,6.));
#4353=CARTESIAN_POINT('',(-2.48528137423857,13.0649909726738,6.));
#4354=CARTESIAN_POINT('',(-4.24264068711928,13.0337409726738,4.24264068711928));
#4355=CARTESIAN_POINT('',(-6.,13.0024909726738,2.48528137423857));
#4356=CARTESIAN_POINT('',(-6.,12.9712409726738,-8.75257654514154E-16));
#4357=CARTESIAN_POINT('',(-6.,12.9399909726738,-2.48528137423857));
#4358=CARTESIAN_POINT('',(-4.24264068711928,12.9087409726738,-4.24264068711929));
#4359=CARTESIAN_POINT('',(-2.48528137423857,12.8774909726738,-6.));
#4360=CARTESIAN_POINT('',(5.17913364050741E-17,12.8462409726738,-6.));
#4361=CARTESIAN_POINT('',(2.48528137423857,12.8149909726738,-6.));
#4362=CARTESIAN_POINT('',(4.24264068711929,12.7837409726738,-4.24264068711929));
#4363=CARTESIAN_POINT('',(6.,12.7524909726738,-2.48528137423858));
#4364=CARTESIAN_POINT('',(6.,12.7212409726738,-2.37581101841914E-15));
#4365=CARTESIAN_POINT('',(6.,12.6899909726738,2.48528137423857));
#4366=CARTESIAN_POINT('',(4.24264068711929,12.6587409726738,4.24264068711928));
#4367=CARTESIAN_POINT('',(2.48528137423858,12.6274909726738,6.));
#4368=CARTESIAN_POINT('',(7.71271836470706E-16,12.5962409726738,6.));
#4369=CARTESIAN_POINT('',(-2.48528137423857,12.5649909726738,6.));
#4370=CARTESIAN_POINT('',(-4.24264068711928,12.5337409726738,4.24264068711928));
#4371=CARTESIAN_POINT('',(-6.,12.5024909726738,2.48528137423857));
#4372=CARTESIAN_POINT('',(-6.,12.4712409726738,-9.37212064370469E-16));
#4373=CARTESIAN_POINT('',(-6.,12.4399909726738,-2.48528137423857));
#4374=CARTESIAN_POINT('',(-4.24264068711928,12.4087409726738,-4.24264068711929));
#4375=CARTESIAN_POINT('',(-2.48528137423857,12.3774909726738,-6.));
#4376=CARTESIAN_POINT('',(2.11761775595147E-17,12.3462409726738,-6.));
#4377=CARTESIAN_POINT('',(2.48528137423857,12.3149909726738,-6.));
#4378=CARTESIAN_POINT('',(4.24264068711929,12.2837409726738,-4.24264068711929));
#4379=CARTESIAN_POINT('',(6.,12.2524909726738,-2.48528137423858));
#4380=CARTESIAN_POINT('',(6.,12.2212409726738,-2.43776542827545E-15));
#4381=CARTESIAN_POINT('',(6.,12.1899909726738,2.48528137423857));
#4382=CARTESIAN_POINT('',(4.24264068711929,12.1587409726738,4.24264068711928));
#4383=CARTESIAN_POINT('',(2.48528137423858,12.1274909726738,6.));
#4384=CARTESIAN_POINT('',(7.40656677625147E-16,12.0962409726738,6.));
#4385=CARTESIAN_POINT('',(-2.48528137423857,12.0649909726738,6.));
#4386=CARTESIAN_POINT('',(-4.24264068711928,12.0337409726738,4.24264068711928));
#4387=CARTESIAN_POINT('',(-6.,12.0024909726738,2.48528137423857));
#4388=CARTESIAN_POINT('',(-6.,11.9712409726738,-9.99166474226783E-16));
#4389=CARTESIAN_POINT('',(-6.,11.9399909726738,-2.48528137423857));
#4390=CARTESIAN_POINT('',(-4.24264068711928,11.9087409726738,-4.24264068711929));
#4391=CARTESIAN_POINT('',(-2.48528137423857,11.8774909726738,-6.));
#4392=CARTESIAN_POINT('',(-9.43898128604481E-18,11.8462409726738,-6.));
#4393=CARTESIAN_POINT('',(2.48528137423857,11.8149909726738,-6.));
#4394=CARTESIAN_POINT('',(4.24264068711929,11.7837409726738,-4.24264068711929));
#4395=CARTESIAN_POINT('',(6.,11.7524909726738,-2.48528137423858));
#4396=CARTESIAN_POINT('',(6.,11.7212409726738,-2.49971983813176E-15));
#4397=CARTESIAN_POINT('',(6.,11.6899909726738,2.48528137423857));
#4398=CARTESIAN_POINT('',(4.24264068711929,11.6587409726738,4.24264068711928));
#4399=CARTESIAN_POINT('',(2.48528137423858,11.6274909726738,6.));
#4400=CARTESIAN_POINT('',(7.10041518779588E-16,11.5962409726738,6.));
#4401=CARTESIAN_POINT('',(-2.48528137423857,11.5649909726738,6.));
#4402=CARTESIAN_POINT('',(-4.24264068711928,11.5337409726738,4.24264068711928));
#4403=CARTESIAN_POINT('',(-6.,11.5024909726738,2.48528137423857));
#4404=CARTESIAN_POINT('',(-6.,11.4712409726738,-1.0611208840831E-15));
#4405=CARTESIAN_POINT('',(-6.,11.4399909726738,-2.48528137423857));
#4406=CARTESIAN_POINT('',(-4.24264068711928,11.4087409726738,-4.24264068711929));
#4407=CARTESIAN_POINT('',(-2.48528137423857,11.3774909726738,-6.));
#4408=CARTESIAN_POINT('',(-4.00541401316042E-17,11.3462409726738,-6.));
#4409=CARTESIAN_POINT('',(2.48528137423857,11.3149909726738,-6.));
#4410=CARTESIAN_POINT('',(4.24264068711929,11.2837409726738,-4.24264068711929));
#4411=CARTESIAN_POINT('',(6.,11.2524909726738,-2.48528137423858));
#4412=CARTESIAN_POINT('',(6.,11.2212409726738,-2.56167424798808E-15));
#4413=CARTESIAN_POINT('',(6.,11.1899909726738,2.48528137423857));
#4414=CARTESIAN_POINT('',(4.24264068711929,11.1587409726738,4.24264068711928));
#4415=CARTESIAN_POINT('',(2.48528137423858,11.1274909726738,6.));
#4416=CARTESIAN_POINT('',(6.79426359934028E-16,11.0962409726738,6.));
#4417=CARTESIAN_POINT('',(-2.48528137423857,11.0649909726738,6.));
#4418=CARTESIAN_POINT('',(-4.24264068711928,11.0337409726738,4.24264068711928));
#4419=CARTESIAN_POINT('',(-6.,11.0024909726738,2.48528137423857));
#4420=CARTESIAN_POINT('',(-6.,10.9712409726738,-1.12307529393941E-15));
#4421=CARTESIAN_POINT('',(-6.,10.9399909726738,-2.48528137423857));
#4422=CARTESIAN_POINT('',(-4.24264068711928,10.9087409726738,-4.24264068711929));
#4423=CARTESIAN_POINT('',(-2.48528137423857,10.8774909726738,-6.));
#4424=CARTESIAN_POINT('',(-7.06692989771636E-17,10.8462409726738,-6.));
#4425=CARTESIAN_POINT('',(2.48528137423857,10.8149909726738,-6.));
#4426=CARTESIAN_POINT('',(4.24264068711929,10.7837409726738,-4.24264068711929));
#4427=CARTESIAN_POINT('',(6.,10.7524909726738,-2.48528137423858));
#4428=CARTESIAN_POINT('',(6.,10.7212409726738,-2.62362865784439E-15));
#4429=CARTESIAN_POINT('',(6.,10.6899909726738,2.48528137423857));
#4430=CARTESIAN_POINT('',(4.24264068711929,10.6587409726738,4.24264068711928));
#4431=CARTESIAN_POINT('',(2.48528137423858,10.6274909726738,6.));
#4432=CARTESIAN_POINT('',(6.48811201088469E-16,10.5962409726738,6.));
#4433=CARTESIAN_POINT('',(-2.48528137423857,10.5649909726738,6.));
#4434=CARTESIAN_POINT('',(-4.24264068711928,10.5337409726738,4.24264068711928));
#4435=CARTESIAN_POINT('',(-6.,10.5024909726738,2.48528137423857));
#4436=CARTESIAN_POINT('',(-6.,10.4712409726738,-1.18502970379573E-15));
#4437=CARTESIAN_POINT('',(-6.,10.4399909726738,-2.48528137423857));
#4438=CARTESIAN_POINT('',(-4.24264068711928,10.4087409726738,-4.24264068711929));
#4439=CARTESIAN_POINT('',(-2.48528137423857,10.3774909726738,-6.));
#4440=CARTESIAN_POINT('',(-1.01284457822723E-16,10.3462409726738,-6.));
#4441=CARTESIAN_POINT('',(2.48528137423857,10.3149909726738,-6.));
#4442=CARTESIAN_POINT('',(4.24264068711929,10.2837409726738,-4.24264068711929));
#4443=CARTESIAN_POINT('',(6.,10.2524909726738,-2.48528137423858));
#4444=CARTESIAN_POINT('',(6.,10.2212409726738,-2.68558306770071E-15));
#4445=CARTESIAN_POINT('',(6.,10.1899909726738,2.48528137423857));
#4446=CARTESIAN_POINT('',(4.24264068711929,10.1587409726738,4.24264068711928));
#4447=CARTESIAN_POINT('',(2.48528137423858,10.1274909726738,6.));
#4448=CARTESIAN_POINT('',(6.18196042242909E-16,10.0962409726738,6.));
#4449=CARTESIAN_POINT('',(-2.48528137423857,10.0649909726738,6.));
#4450=CARTESIAN_POINT('',(-4.24264068711928,10.0337409726738,4.24264068711928));
#4451=CARTESIAN_POINT('',(-6.,10.0024909726738,2.48528137423857));
#4452=CARTESIAN_POINT('',(-6.,9.97124097267383,-1.24698411365204E-15));
#4453=CARTESIAN_POINT('',(-6.,9.93999097267382,-2.48528137423857));
#4454=CARTESIAN_POINT('',(-4.24264068711928,9.90874097267383,-4.24264068711929));
#4455=CARTESIAN_POINT('',(-2.48528137423857,9.87749097267383,-6.));
#4456=CARTESIAN_POINT('',(-1.31899616668283E-16,9.84624097267383,-6.));
#4457=CARTESIAN_POINT('',(2.48528137423857,9.81499097267383,-6.));
#4458=CARTESIAN_POINT('',(4.24264068711929,9.78374097267383,-4.24264068711929));
#4459=CARTESIAN_POINT('',(6.,9.75249097267382,-2.48528137423858));
#4460=CARTESIAN_POINT('',(6.,9.72124097267383,-2.74753747755702E-15));
#4461=CARTESIAN_POINT('',(6.,9.68999097267383,2.48528137423857));
#4462=CARTESIAN_POINT('',(4.24264068711929,9.65874097267383,4.24264068711928));
#4463=CARTESIAN_POINT('',(2.48528137423858,9.62749097267383,6.));
#4464=CARTESIAN_POINT('',(5.8758088339735E-16,9.59624097267383,6.));
#4465=CARTESIAN_POINT('',(-2.48528137423857,9.56499097267383,6.));
#4466=CARTESIAN_POINT('',(-4.24264068711928,9.53374097267383,4.24264068711928));
#4467=CARTESIAN_POINT('',(-6.,9.50249097267383,2.48528137423857));
#4468=CARTESIAN_POINT('',(-6.,9.47124097267383,-1.30893852350836E-15));
#4469=CARTESIAN_POINT('',(-6.,9.43999097267383,-2.48528137423857));
#4470=CARTESIAN_POINT('',(-4.24264068711928,9.40874097267383,-4.24264068711929));
#4471=CARTESIAN_POINT('',(-2.48528137423857,9.37749097267383,-6.));
#4472=CARTESIAN_POINT('',(-1.62514775513842E-16,9.34624097267383,-6.));
#4473=CARTESIAN_POINT('',(2.48528137423857,9.31499097267383,-6.));
#4474=CARTESIAN_POINT('',(4.24264068711929,9.28374097267383,-4.24264068711929));
#4475=CARTESIAN_POINT('',(6.,9.25249097267383,-2.48528137423858));
#4476=CARTESIAN_POINT('',(6.,9.22124097267383,-2.80949188741334E-15));
#4477=CARTESIAN_POINT('',(6.,9.18999097267383,2.48528137423857));
#4478=CARTESIAN_POINT('',(4.24264068711929,9.15874097267383,4.24264068711928));
#4479=CARTESIAN_POINT('',(2.48528137423858,9.12749097267383,6.));
#4480=CARTESIAN_POINT('',(5.5696572455179E-16,9.09624097267383,6.));
#4481=CARTESIAN_POINT('',(-2.48528137423857,9.06499097267383,6.));
#4482=CARTESIAN_POINT('',(-4.24264068711928,9.03374097267383,4.24264068711928));
#4483=CARTESIAN_POINT('',(-6.,9.00249097267383,2.48528137423857));
#4484=CARTESIAN_POINT('',(-6.,8.97124097267383,-1.37089293336467E-15));
#4485=CARTESIAN_POINT('',(-6.,8.93999097267383,-2.48528137423857));
#4486=CARTESIAN_POINT('',(-4.24264068711929,8.90874097267383,-4.24264068711929));
#4487=CARTESIAN_POINT('',(-2.48528137423857,8.87749097267383,-6.));
#4488=CARTESIAN_POINT('',(-1.93129934359401E-16,8.84624097267383,-6.));
#4489=CARTESIAN_POINT('',(2.48528137423857,8.81499097267383,-6.));
#4490=CARTESIAN_POINT('',(4.24264068711929,8.78374097267383,-4.24264068711929));
#4491=CARTESIAN_POINT('',(6.,8.75249097267383,-2.48528137423858));
#4492=CARTESIAN_POINT('',(6.,8.72124097267383,-2.87144629726965E-15));
#4493=CARTESIAN_POINT('',(6.,8.68999097267383,2.48528137423857));
#4494=CARTESIAN_POINT('',(4.24264068711929,8.65874097267383,4.24264068711928));
#4495=CARTESIAN_POINT('',(2.48528137423858,8.62749097267383,6.));
#4496=CARTESIAN_POINT('',(5.26350565706231E-16,8.59624097267383,6.));
#4497=CARTESIAN_POINT('',(-2.48528137423857,8.56499097267383,6.));
#4498=CARTESIAN_POINT('',(-4.24264068711929,8.53374097267383,4.24264068711928));
#4499=CARTESIAN_POINT('',(-6.,8.50249097267383,2.48528137423857));
#4500=CARTESIAN_POINT('',(-6.,8.47124097267383,-1.43284734322098E-15));
#4501=CARTESIAN_POINT('',(-6.,8.43999097267383,-2.48528137423857));
#4502=CARTESIAN_POINT('',(-4.24264068711929,8.40874097267383,-4.24264068711929));
#4503=CARTESIAN_POINT('',(-2.48528137423857,8.37749097267383,-6.));
#4504=CARTESIAN_POINT('',(-2.23745093204961E-16,8.34624097267383,-6.));
#4505=CARTESIAN_POINT('',(2.48528137423857,8.31499097267383,-6.));
#4506=CARTESIAN_POINT('',(4.24264068711929,8.28374097267383,-4.24264068711929));
#4507=CARTESIAN_POINT('',(6.,8.25249097267383,-2.48528137423858));
#4508=CARTESIAN_POINT('',(6.,8.22124097267383,-2.93340070712597E-15));
#4509=CARTESIAN_POINT('',(6.,8.18999097267383,2.48528137423857));
#4510=CARTESIAN_POINT('',(4.24264068711929,8.15874097267383,4.24264068711928));
#4511=CARTESIAN_POINT('',(2.48528137423858,8.12749097267383,6.));
#4512=CARTESIAN_POINT('',(4.95735406860672E-16,8.09624097267383,6.));
#4513=CARTESIAN_POINT('',(-2.48528137423857,8.06499097267383,6.));
#4514=CARTESIAN_POINT('',(-4.24264068711929,8.03374097267383,4.24264068711928));
#4515=CARTESIAN_POINT('',(-6.,8.00249097267383,2.48528137423857));
#4516=CARTESIAN_POINT('',(-6.,7.97124097267383,-1.4948017530773E-15));
#4517=CARTESIAN_POINT('',(-6.,7.93999097267383,-2.48528137423857));
#4518=CARTESIAN_POINT('',(-4.24264068711929,7.90874097267383,-4.24264068711929));
#4519=CARTESIAN_POINT('',(-2.48528137423857,7.87749097267383,-6.));
#4520=CARTESIAN_POINT('',(-2.5436025205052E-16,7.84624097267383,-6.));
#4521=CARTESIAN_POINT('',(2.48528137423857,7.81499097267383,-6.));
#4522=CARTESIAN_POINT('',(4.24264068711929,7.78374097267383,-4.24264068711929));
#4523=CARTESIAN_POINT('',(6.,7.75249097267383,-2.48528137423858));
#4524=CARTESIAN_POINT('',(6.,7.72124097267383,-2.99535511698228E-15));
#4525=CARTESIAN_POINT('',(6.,7.68999097267383,2.48528137423857));
#4526=CARTESIAN_POINT('',(4.24264068711929,7.65874097267383,4.24264068711928));
#4527=CARTESIAN_POINT('',(2.48528137423858,7.62749097267383,6.));
#4528=CARTESIAN_POINT('',(4.65120248015112E-16,7.59624097267383,6.));
#4529=CARTESIAN_POINT('',(-2.48528137423857,7.56499097267383,6.));
#4530=CARTESIAN_POINT('',(-4.24264068711929,7.53374097267383,4.24264068711928));
#4531=CARTESIAN_POINT('',(-6.,7.50249097267383,2.48528137423857));
#4532=CARTESIAN_POINT('',(-6.,7.47124097267383,-1.55675616293361E-15));
#4533=CARTESIAN_POINT('',(-6.,7.43999097267383,-2.48528137423857));
#4534=CARTESIAN_POINT('',(-4.24264068711929,7.40874097267383,-4.24264068711929));
#4535=CARTESIAN_POINT('',(-2.48528137423857,7.37749097267383,-6.));
#4536=CARTESIAN_POINT('',(-2.8497541089608E-16,7.34624097267383,-6.));
#4537=CARTESIAN_POINT('',(2.48528137423857,7.31499097267383,-6.));
#4538=CARTESIAN_POINT('',(4.24264068711929,7.28374097267383,-4.24264068711929));
#4539=CARTESIAN_POINT('',(6.,7.25249097267383,-2.48528137423858));
#4540=CARTESIAN_POINT('',(6.,7.22124097267383,-3.0573095268386E-15));
#4541=CARTESIAN_POINT('',(6.,7.18999097267383,2.48528137423857));
#4542=CARTESIAN_POINT('',(4.24264068711929,7.15874097267382,4.24264068711928));
#4543=CARTESIAN_POINT('',(2.48528137423858,7.12749097267382,6.));
#4544=CARTESIAN_POINT('',(4.34505089169553E-16,7.09624097267382,6.));
#4545=CARTESIAN_POINT('',(-2.48528137423857,7.06499097267383,6.));
#4546=CARTESIAN_POINT('',(-4.24264068711929,7.03374097267383,4.24264068711928));
#4547=CARTESIAN_POINT('',(-6.,7.00249097267383,2.48528137423857));
#4548=CARTESIAN_POINT('',(-6.,6.97124097267383,-1.61871057278993E-15));
#4549=CARTESIAN_POINT('',(-6.,6.93999097267383,-2.48528137423857));
#4550=CARTESIAN_POINT('',(-4.24264068711929,6.90874097267383,-4.24264068711929));
#4551=CARTESIAN_POINT('',(-2.48528137423857,6.87749097267383,-6.));
#4552=CARTESIAN_POINT('',(-3.15590569741639E-16,6.84624097267383,-6.));
#4553=CARTESIAN_POINT('',(2.48528137423857,6.81499097267383,-6.));
#4554=CARTESIAN_POINT('',(4.24264068711929,6.78374097267383,-4.24264068711929));
#4555=CARTESIAN_POINT('',(6.,6.75249097267383,-2.48528137423858));
#4556=CARTESIAN_POINT('',(6.,6.72124097267383,-3.11926393669491E-15));
#4557=CARTESIAN_POINT('',(6.,6.68999097267383,2.48528137423857));
#4558=CARTESIAN_POINT('',(4.24264068711929,6.65874097267383,4.24264068711928));
#4559=CARTESIAN_POINT('',(2.48528137423858,6.62749097267383,6.));
#4560=CARTESIAN_POINT('',(4.03889930323993E-16,6.59624097267383,6.));
#4561=CARTESIAN_POINT('',(-2.48528137423857,6.56499097267383,6.));
#4562=CARTESIAN_POINT('',(-4.24264068711929,6.53374097267383,4.24264068711928));
#4563=CARTESIAN_POINT('',(-6.,6.50249097267383,2.48528137423857));
#4564=CARTESIAN_POINT('',(-6.,6.47124097267383,-1.68066498264624E-15));
#4565=CARTESIAN_POINT('',(-6.,6.43999097267383,-2.48528137423857));
#4566=CARTESIAN_POINT('',(-4.24264068711929,6.40874097267383,-4.24264068711929));
#4567=CARTESIAN_POINT('',(-2.48528137423857,6.37749097267383,-6.));
#4568=CARTESIAN_POINT('',(-3.46205728587199E-16,6.34624097267383,-6.));
#4569=CARTESIAN_POINT('',(2.48528137423857,6.31499097267383,-6.));
#4570=CARTESIAN_POINT('',(4.24264068711929,6.28374097267383,-4.24264068711929));
#4571=CARTESIAN_POINT('',(6.,6.25249097267383,-2.48528137423858));
#4572=CARTESIAN_POINT('',(6.,6.22124097267383,-3.18121834655122E-15));
#4573=CARTESIAN_POINT('',(6.,6.18999097267383,2.48528137423857));
#4574=CARTESIAN_POINT('',(4.24264068711929,6.15874097267383,4.24264068711928));
#4575=CARTESIAN_POINT('',(2.48528137423858,6.12749097267383,6.));
#4576=CARTESIAN_POINT('',(3.73274771478434E-16,6.09624097267383,6.));
#4577=CARTESIAN_POINT('',(-2.48528137423857,6.06499097267383,6.));
#4578=CARTESIAN_POINT('',(-4.24264068711929,6.03374097267383,4.24264068711928));
#4579=CARTESIAN_POINT('',(-6.,6.00249097267382,2.48528137423857));
#4580=CARTESIAN_POINT('',(-6.,5.97124097267383,-1.74261939250256E-15));
#4581=CARTESIAN_POINT('',(-6.,5.93999097267382,-2.48528137423857));
#4582=CARTESIAN_POINT('',(-4.24264068711929,5.90874097267383,-4.24264068711929));
#4583=CARTESIAN_POINT('',(-2.48528137423857,5.87749097267383,-6.));
#4584=CARTESIAN_POINT('',(-3.76820887432758E-16,5.84624097267383,-6.));
#4585=CARTESIAN_POINT('',(2.48528137423857,5.81499097267383,-6.));
#4586=CARTESIAN_POINT('',(4.24264068711929,5.78374097267383,-4.24264068711929));
#4587=CARTESIAN_POINT('',(6.,5.75249097267382,-2.48528137423858));
#4588=CARTESIAN_POINT('',(6.,5.72124097267383,-3.24317275640754E-15));
#4589=CARTESIAN_POINT('',(6.,5.68999097267382,2.48528137423857));
#4590=CARTESIAN_POINT('',(4.24264068711929,5.65874097267383,4.24264068711928));
#4591=CARTESIAN_POINT('',(2.48528137423858,5.62749097267383,6.));
#4592=CARTESIAN_POINT('',(3.42659612632874E-16,5.59624097267383,6.));
#4593=CARTESIAN_POINT('',(-2.48528137423857,5.56499097267383,6.));
#4594=CARTESIAN_POINT('',(-4.24264068711929,5.53374097267383,4.24264068711928));
#4595=CARTESIAN_POINT('',(-6.,5.50249097267382,2.48528137423857));
#4596=CARTESIAN_POINT('',(-6.,5.47124097267383,-1.80457380235887E-15));
#4597=CARTESIAN_POINT('',(-6.,5.43999097267382,-2.48528137423857));
#4598=CARTESIAN_POINT('',(-4.24264068711929,5.40874097267383,-4.24264068711929));
#4599=CARTESIAN_POINT('',(-2.48528137423857,5.37749097267383,-6.));
#4600=CARTESIAN_POINT('',(-4.07436046278317E-16,5.34624097267383,-6.));
#4601=CARTESIAN_POINT('',(2.48528137423857,5.31499097267383,-6.00000000000001));
#4602=CARTESIAN_POINT('',(4.24264068711929,5.28374097267383,-4.24264068711929));
#4603=CARTESIAN_POINT('',(6.,5.25249097267382,-2.48528137423858));
#4604=CARTESIAN_POINT('',(6.,5.22124097267383,-3.30512716626385E-15));
#4605=CARTESIAN_POINT('',(6.,5.18999097267382,2.48528137423857));
#4606=CARTESIAN_POINT('',(4.24264068711929,5.15874097267383,4.24264068711928));
#4607=CARTESIAN_POINT('',(2.48528137423858,5.12749097267382,6.));
#4608=CARTESIAN_POINT('',(3.12044453787315E-16,5.09624097267383,6.));
#4609=CARTESIAN_POINT('',(-2.48528137423857,5.06499097267383,6.));
#4610=CARTESIAN_POINT('',(-4.24264068711929,5.03374097267383,4.24264068711928));
#4611=CARTESIAN_POINT('',(-6.,5.00249097267383,2.48528137423857));
#4612=CARTESIAN_POINT('',(-6.,4.97124097267383,-1.86652821221519E-15));
#4613=CARTESIAN_POINT('',(-6.,4.93999097267383,-2.48528137423857));
#4614=CARTESIAN_POINT('',(-4.24264068711929,4.90874097267383,-4.24264068711929));
#4615=CARTESIAN_POINT('',(-2.48528137423857,4.87749097267383,-6.));
#4616=CARTESIAN_POINT('',(-4.38051205123877E-16,4.84624097267383,-6.));
#4617=CARTESIAN_POINT('',(2.48528137423857,4.81499097267383,-6.00000000000001));
#4618=CARTESIAN_POINT('',(4.24264068711929,4.78374097267383,-4.24264068711929));
#4619=CARTESIAN_POINT('',(6.,4.75249097267383,-2.48528137423858));
#4620=CARTESIAN_POINT('',(6.,4.72124097267383,-3.36708157612017E-15));
#4621=CARTESIAN_POINT('',(6.,4.68999097267383,2.48528137423857));
#4622=CARTESIAN_POINT('',(4.24264068711929,4.65874097267383,4.24264068711928));
#4623=CARTESIAN_POINT('',(2.48528137423858,4.62749097267383,6.));
#4624=CARTESIAN_POINT('',(2.81429294941755E-16,4.59624097267383,6.));
#4625=CARTESIAN_POINT('',(-2.48528137423857,4.56499097267383,6.));
#4626=CARTESIAN_POINT('',(-4.24264068711929,4.53374097267383,4.24264068711928));
#4627=CARTESIAN_POINT('',(-6.,4.50249097267383,2.48528137423857));
#4628=CARTESIAN_POINT('',(-6.,4.47124097267383,-1.9284826220715E-15));
#4629=CARTESIAN_POINT('',(-6.,4.43999097267383,-2.48528137423857));
#4630=CARTESIAN_POINT('',(-4.24264068711929,4.40874097267383,-4.24264068711929));
#4631=CARTESIAN_POINT('',(-2.48528137423857,4.37749097267383,-6.));
#4632=CARTESIAN_POINT('',(-4.68666363969436E-16,4.34624097267383,-6.));
#4633=CARTESIAN_POINT('',(2.48528137423857,4.31499097267383,-6.00000000000001));
#4634=CARTESIAN_POINT('',(4.24264068711929,4.28374097267383,-4.24264068711929));
#4635=CARTESIAN_POINT('',(6.,4.25249097267383,-2.48528137423858));
#4636=CARTESIAN_POINT('',(6.,4.22124097267383,-3.42903598597648E-15));
#4637=CARTESIAN_POINT('',(6.,4.18999097267383,2.48528137423857));
#4638=CARTESIAN_POINT('',(4.24264068711929,4.15874097267382,4.24264068711928));
#4639=CARTESIAN_POINT('',(2.48528137423858,4.12749097267383,6.));
#4640=CARTESIAN_POINT('',(2.50814136096196E-16,4.09624097267383,6.));
#4641=CARTESIAN_POINT('',(-2.48528137423857,4.06499097267383,6.));
#4642=CARTESIAN_POINT('',(-4.24264068711929,4.03374097267383,4.24264068711928));
#4643=CARTESIAN_POINT('',(-6.,4.00249097267383,2.48528137423857));
#4644=CARTESIAN_POINT('',(-6.,3.97124097267383,-1.99043703192782E-15));
#4645=CARTESIAN_POINT('',(-6.,3.93999097267383,-2.48528137423857));
#4646=CARTESIAN_POINT('',(-4.24264068711929,3.90874097267383,-4.24264068711929));
#4647=CARTESIAN_POINT('',(-2.48528137423857,3.87749097267383,-6.));
#4648=CARTESIAN_POINT('',(-4.99281522814996E-16,3.84624097267383,-6.));
#4649=CARTESIAN_POINT('',(2.48528137423857,3.81499097267383,-6.00000000000001));
#4650=CARTESIAN_POINT('',(4.24264068711929,3.78374097267383,-4.24264068711929));
#4651=CARTESIAN_POINT('',(6.,3.75249097267383,-2.48528137423858));
#4652=CARTESIAN_POINT('',(6.,3.72124097267383,-3.4909903958328E-15));
#4653=CARTESIAN_POINT('',(6.,3.68999097267383,2.48528137423857));
#4654=CARTESIAN_POINT('',(4.24264068711929,3.65874097267383,4.24264068711928));
#4655=CARTESIAN_POINT('',(2.48528137423858,3.62749097267383,6.));
#4656=CARTESIAN_POINT('',(2.20198977250637E-16,3.59624097267383,6.));
#4657=CARTESIAN_POINT('',(-2.48528137423857,3.56499097267383,6.));
#4658=CARTESIAN_POINT('',(-4.24264068711929,3.53374097267383,4.24264068711928));
#4659=CARTESIAN_POINT('',(-6.,3.50249097267383,2.48528137423857));
#4660=CARTESIAN_POINT('',(-6.,3.47124097267383,-2.05239144178413E-15));
#4661=CARTESIAN_POINT('',(-6.,3.43999097267382,-2.48528137423857));
#4662=CARTESIAN_POINT('',(-4.24264068711929,3.40874097267382,-4.24264068711929));
#4663=CARTESIAN_POINT('',(-2.48528137423857,3.37749097267382,-6.));
#4664=CARTESIAN_POINT('',(-5.29896681660555E-16,3.34624097267382,-6.));
#4665=CARTESIAN_POINT('',(2.48528137423857,3.31499097267382,-6.00000000000001));
#4666=CARTESIAN_POINT('',(4.24264068711929,3.28374097267382,-4.24264068711929));
#4667=CARTESIAN_POINT('',(6.,3.25249097267382,-2.48528137423858));
#4668=CARTESIAN_POINT('',(6.,3.22124097267382,-3.55294480568911E-15));
#4669=CARTESIAN_POINT('',(6.,3.18999097267382,2.48528137423857));
#4670=CARTESIAN_POINT('',(4.24264068711929,3.15874097267383,4.24264068711928));
#4671=CARTESIAN_POINT('',(2.48528137423858,3.12749097267382,6.));
#4672=CARTESIAN_POINT('',(1.89583818405077E-16,3.09624097267383,6.));
#4673=CARTESIAN_POINT('',(-2.48528137423857,3.06499097267383,6.));
#4674=CARTESIAN_POINT('',(-4.24264068711929,3.03374097267383,4.24264068711928));
#4675=CARTESIAN_POINT('',(-6.,3.00249097267383,2.48528137423857));
#4676=CARTESIAN_POINT('',(-6.,2.97124097267383,-2.11434585164044E-15));
#4677=CARTESIAN_POINT('',(-6.,2.93999097267383,-2.48528137423857));
#4678=CARTESIAN_POINT('',(-4.24264068711929,2.90874097267383,-4.24264068711929));
#4679=CARTESIAN_POINT('',(-2.48528137423857,2.87749097267383,-6.));
#4680=CARTESIAN_POINT('',(-5.60511840506114E-16,2.84624097267383,-6.));
#4681=CARTESIAN_POINT('',(2.48528137423857,2.81499097267383,-6.00000000000001));
#4682=CARTESIAN_POINT('',(4.24264068711929,2.78374097267383,-4.24264068711929));
#4683=CARTESIAN_POINT('',(6.,2.75249097267383,-2.48528137423858));
#4684=CARTESIAN_POINT('',(6.,2.72124097267383,-3.61489921554543E-15));
#4685=CARTESIAN_POINT('',(6.,2.68999097267383,2.48528137423857));
#4686=CARTESIAN_POINT('',(4.24264068711929,2.65874097267383,4.24264068711928));
#4687=CARTESIAN_POINT('',(2.48528137423858,2.62749097267383,6.));
#4688=CARTESIAN_POINT('',(1.58968659559518E-16,2.59624097267383,6.));
#4689=CARTESIAN_POINT('',(-2.48528137423857,2.56499097267383,6.));
#4690=CARTESIAN_POINT('',(-4.24264068711929,2.53374097267383,4.24264068711928));
#4691=CARTESIAN_POINT('',(-6.,2.50249097267383,2.48528137423857));
#4692=CARTESIAN_POINT('',(-6.,2.47124097267383,-2.17630026149676E-15));
#4693=CARTESIAN_POINT('',(-6.,2.43999097267383,-2.48528137423857));
#4694=CARTESIAN_POINT('',(-4.24264068711929,2.40874097267383,-4.24264068711929));
#4695=CARTESIAN_POINT('',(-2.48528137423857,2.37749097267383,-6.));
#4696=CARTESIAN_POINT('',(-5.91126999351674E-16,2.34624097267383,-6.));
#4697=CARTESIAN_POINT('',(2.48528137423857,2.31499097267383,-6.00000000000001));
#4698=CARTESIAN_POINT('',(4.24264068711929,2.28374097267383,-4.24264068711929));
#4699=CARTESIAN_POINT('',(6.,2.25249097267383,-2.48528137423858));
#4700=CARTESIAN_POINT('',(6.,2.22124097267383,-3.67685362540174E-15));
#4701=CARTESIAN_POINT('',(6.,2.18999097267383,2.48528137423857));
#4702=CARTESIAN_POINT('',(4.24264068711929,2.15874097267383,4.24264068711928));
#4703=CARTESIAN_POINT('',(2.48528137423858,2.12749097267383,6.));
#4704=CARTESIAN_POINT('',(1.28353500713958E-16,2.09624097267383,6.));
#4705=CARTESIAN_POINT('',(9.98730729738092E-16,16.3110492873198,5.49033376396302));
#4706=CARTESIAN_POINT('',(-2.2741707069884,16.2797992873198,5.49033376396302));
#4707=CARTESIAN_POINT('',(-3.88225223547571,16.2485492873198,3.88225223547571));
#4708=CARTESIAN_POINT('',(-5.49033376396302,16.2172992873198,2.2741707069884));
#4709=CARTESIAN_POINT('',(-5.49033376396302,16.1860492873198,-5.08122606873829E-16));
#4710=CARTESIAN_POINT('',(-5.49033376396302,16.1547992873198,-2.27417070698841));
#4711=CARTESIAN_POINT('',(-3.88225223547571,16.1235492873198,-3.88225223547571));
#4712=CARTESIAN_POINT('',(-2.2741707069884,16.0922992873198,-5.49033376396302));
#4713=CARTESIAN_POINT('',(3.11051183286517E-16,16.0610492873198,-5.49033376396302));
#4714=CARTESIAN_POINT('',(2.2741707069884,16.0297992873198,-5.49033376396302));
#4715=CARTESIAN_POINT('',(3.88225223547571,15.9985492873198,-3.88225223547571));
#4716=CARTESIAN_POINT('',(5.49033376396302,15.9672992873198,-2.27417070698841));
#4717=CARTESIAN_POINT('',(5.49033376396302,15.9360492873198,-1.88384374585958E-15));
#4718=CARTESIAN_POINT('',(5.49033376396302,15.9047992873198,2.27417070698841));
#4719=CARTESIAN_POINT('',(3.88225223547571,15.8735492873198,3.88225223547571));
#4720=CARTESIAN_POINT('',(2.27417070698841,15.8422992873198,5.49033376396302));
#4721=CARTESIAN_POINT('',(2.31285950495012E-15,15.8110492873198,5.49033376396302));
#4722=CARTESIAN_POINT('',(-2.2741707069884,15.7797992873198,5.49033376396302));
#4723=CARTESIAN_POINT('',(-3.88225223547571,15.7485492873198,3.88225223547571));
#4724=CARTESIAN_POINT('',(-5.49033376396302,15.7172992873198,2.27417070698841));
#4725=CARTESIAN_POINT('',(-5.49033376396302,15.6860492873198,7.74666917327446E-16));
#4726=CARTESIAN_POINT('',(-5.49033376396302,15.6547992873198,-2.27417070698841));
#4727=CARTESIAN_POINT('',(-3.88225223547571,15.6235492873198,-3.88225223547571));
#4728=CARTESIAN_POINT('',(-2.27417070698841,15.5922992873198,-5.49033376396302));
#4729=CARTESIAN_POINT('',(-1.06430790961663E-15,15.5610492873198,-5.49033376396302));
#4730=CARTESIAN_POINT('',(2.27417070698841,15.5297992873198,-5.49033376396302));
#4731=CARTESIAN_POINT('',(3.88225223547571,15.4985492873198,-3.88225223547571));
#4732=CARTESIAN_POINT('',(5.49033376396302,15.4672992873198,-2.27417070698841));
#4733=CARTESIAN_POINT('',(5.49033376396302,15.4360492873198,-3.29054208977348E-15));
#4734=CARTESIAN_POINT('',(5.49033376396302,15.4047992873198,2.2741707069884));
#4735=CARTESIAN_POINT('',(3.88225223547572,15.3735492873198,3.8822522354757));
#4736=CARTESIAN_POINT('',(2.27417070698841,15.3422992873198,5.49033376396301));
#4737=CARTESIAN_POINT('',(3.62698828016215E-15,15.3110492873198,5.49033376396302));
#4738=CARTESIAN_POINT('',(-2.2741707069884,15.2797992873198,5.49033376396302));
#4739=CARTESIAN_POINT('',(-3.88225223547571,15.2485492873198,3.88225223547571));
#4740=CARTESIAN_POINT('',(-5.49033376396301,15.2172992873198,2.27417070698841));
#4741=CARTESIAN_POINT('',(-5.49033376396302,15.1860492873198,2.05745644152872E-15));
#4742=CARTESIAN_POINT('',(-5.49033376396302,15.1547992873198,-2.2741707069884));
#4743=CARTESIAN_POINT('',(-3.88225223547572,15.1235492873198,-3.88225223547571));
#4744=CARTESIAN_POINT('',(-2.27417070698841,15.0922992873198,-5.49033376396302));
#4745=CARTESIAN_POINT('',(-2.43966700251978E-15,15.0610492873198,-5.49033376396302));
#4746=CARTESIAN_POINT('',(2.2741707069884,15.0297992873198,-5.49033376396302));
#4747=CARTESIAN_POINT('',(3.88225223547571,14.9985492873198,-3.88225223547571));
#4748=CARTESIAN_POINT('',(5.49033376396302,14.9672992873198,-2.27417070698841));
#4749=CARTESIAN_POINT('',(5.49033376396302,14.9360492873198,-1.44500323658932E-14));
#4750=CARTESIAN_POINT('',(5.49033376396302,14.9047992873198,2.2741707069884));
#4751=CARTESIAN_POINT('',(3.88225223547572,14.8735492873198,3.8822522354757));
#4752=CARTESIAN_POINT('',(2.2741707069884,14.8422992873198,5.49033376396302));
#4753=CARTESIAN_POINT('',(4.94111705537418E-15,14.8110492873198,5.49033376396302));
#4754=CARTESIAN_POINT('',(-2.27417070698839,14.7797992873198,5.49033376396302));
#4755=CARTESIAN_POINT('',(-3.88225223547571,14.7485492873198,3.88225223547571));
#4756=CARTESIAN_POINT('',(-5.49033376396301,14.7172992873198,2.27417070698841));
#4757=CARTESIAN_POINT('',(-5.49033376396302,14.6860492873198,-6.41254596647583E-15));
#4758=CARTESIAN_POINT('',(-5.49033376396302,14.6547992873198,-2.2741707069884));
#4759=CARTESIAN_POINT('',(-3.88225223547572,14.6235492873198,-3.88225223547571));
#4760=CARTESIAN_POINT('',(-2.2741707069884,14.5922992873198,-5.49033376396302));
#4761=CARTESIAN_POINT('',(-3.81502609542293E-15,14.5610492873198,-5.49033376396302));
#4762=CARTESIAN_POINT('',(2.27417070698839,14.5297992873198,-5.49033376396302));
#4763=CARTESIAN_POINT('',(3.88225223547571,14.4985492873198,-3.88225223547571));
#4764=CARTESIAN_POINT('',(5.49033376396302,14.4672992873198,-2.27417070698841));
#4765=CARTESIAN_POINT('',(5.49033376396302,14.4360492873198,-1.58567307098071E-14));
#4766=CARTESIAN_POINT('',(5.49033376396302,14.4047992873198,2.2741707069884));
#4767=CARTESIAN_POINT('',(3.88225223547572,14.3735492873198,3.8822522354757));
#4768=CARTESIAN_POINT('',(2.2741707069884,14.3422992873198,5.49033376396302));
#4769=CARTESIAN_POINT('',(6.25524583058621E-15,14.3110492873198,5.49033376396302));
#4770=CARTESIAN_POINT('',(-2.27417070698839,14.2797992873198,5.49033376396302));
#4771=CARTESIAN_POINT('',(-3.88225223547571,14.2485492873198,3.88225223547571));
#4772=CARTESIAN_POINT('',(-5.49033376396301,14.2172992873198,2.27417070698841));
#4773=CARTESIAN_POINT('',(-5.49033376396302,14.1860492873198,-5.12975644227455E-15));
#4774=CARTESIAN_POINT('',(-5.49033376396302,14.1547992873198,-2.2741707069884));
#4775=CARTESIAN_POINT('',(-3.88225223547572,14.1235492873198,-3.8822522354757));
#4776=CARTESIAN_POINT('',(-2.2741707069884,14.0922992873198,-5.49033376396302));
#4777=CARTESIAN_POINT('',(-5.19038518832608E-15,14.0610492873198,-5.49033376396302));
#4778=CARTESIAN_POINT('',(2.27417070698839,14.0297992873198,-5.49033376396302));
#4779=CARTESIAN_POINT('',(3.88225223547571,13.9985492873198,-3.88225223547571));
#4780=CARTESIAN_POINT('',(5.49033376396301,13.9672992873198,-2.27417070698841));
#4781=CARTESIAN_POINT('',(5.49033376396302,13.9360492873198,-1.7263429053721E-14));
#4782=CARTESIAN_POINT('',(5.49033376396302,13.9047992873198,2.2741707069884));
#4783=CARTESIAN_POINT('',(3.88225223547572,13.8735492873198,3.8822522354757));
#4784=CARTESIAN_POINT('',(2.2741707069884,13.8422992873198,5.49033376396302));
#4785=CARTESIAN_POINT('',(7.56937460579824E-15,13.8110492873198,5.49033376396302));
#4786=CARTESIAN_POINT('',(-2.27417070698839,13.7797992873198,5.49033376396302));
#4787=CARTESIAN_POINT('',(-3.8822522354757,13.7485492873198,3.88225223547572));
#4788=CARTESIAN_POINT('',(-5.49033376396302,13.7172992873198,2.27417070698839));
#4789=CARTESIAN_POINT('',(-5.49033376396302,13.6860492873198,-3.84696691807328E-15));
#4790=CARTESIAN_POINT('',(-5.49033376396302,13.6547992873198,-2.2741707069884));
#4791=CARTESIAN_POINT('',(-3.88225223547572,13.6235492873198,-3.8822522354757));
#4792=CARTESIAN_POINT('',(-2.27417070698842,13.5922992873198,-5.49033376396301));
#4793=CARTESIAN_POINT('',(-2.60713281456409E-14,13.5610492873198,-5.49033376396302));
#4794=CARTESIAN_POINT('',(2.27417070698841,13.5297992873198,-5.49033376396302));
#4795=CARTESIAN_POINT('',(3.88225223547571,13.4985492873198,-3.88225223547571));
#4796=CARTESIAN_POINT('',(5.49033376396301,13.4672992873198,-2.27417070698842));
#4797=CARTESIAN_POINT('',(5.49033376396302,13.4360492873198,-1.86701273976349E-14));
#4798=CARTESIAN_POINT('',(5.49033376396303,13.4047992873198,2.27417070698838));
#4799=CARTESIAN_POINT('',(3.88225223547571,13.3735492873198,3.88225223547571));
#4800=CARTESIAN_POINT('',(2.27417070698841,13.3422992873198,5.49033376396302));
#4801=CARTESIAN_POINT('',(8.88350338101027E-15,13.3110492873198,5.49033376396302));
#4802=CARTESIAN_POINT('',(-2.27417070698839,13.2797992873198,5.49033376396302));
#4803=CARTESIAN_POINT('',(-3.88225223547569,13.2485492873198,3.88225223547573));
#4804=CARTESIAN_POINT('',(-5.49033376396302,13.2172992873198,2.27417070698839));
#4805=CARTESIAN_POINT('',(-5.49033376396302,13.1860492873198,-2.564177393872E-15));
#4806=CARTESIAN_POINT('',(-5.49033376396302,13.1547992873198,-2.2741707069884));
#4807=CARTESIAN_POINT('',(-3.88225223547572,13.1235492873198,-3.8822522354757));
#4808=CARTESIAN_POINT('',(-2.27417070698842,13.0922992873198,-5.49033376396301));
#4809=CARTESIAN_POINT('',(1.15644804902793E-14,13.0610492873198,-5.49033376396302));
#4810=CARTESIAN_POINT('',(2.27417070698841,13.0297992873198,-5.49033376396302));
#4811=CARTESIAN_POINT('',(3.88225223547571,12.9985492873198,-3.88225223547572));
#4812=CARTESIAN_POINT('',(5.49033376396301,12.9672992873198,-2.27417070698842));
#4813=CARTESIAN_POINT('',(5.49033376396302,12.9360492873198,-2.00768257415488E-14));
#4814=CARTESIAN_POINT('',(5.49033376396303,12.9047992873198,2.27417070698838));
#4815=CARTESIAN_POINT('',(3.88225223547571,12.8735492873198,3.88225223547571));
#4816=CARTESIAN_POINT('',(2.27417070698841,12.8422992873198,5.49033376396302));
#4817=CARTESIAN_POINT('',(1.01976321562223E-14,12.8110492873198,5.49033376396302));
#4818=CARTESIAN_POINT('',(-2.27417070698839,12.7797992873198,5.49033376396302));
#4819=CARTESIAN_POINT('',(-3.88225223547569,12.7485492873198,3.88225223547573));
#4820=CARTESIAN_POINT('',(-5.49033376396302,12.7172992873198,2.2741707069884));
#4821=CARTESIAN_POINT('',(-5.49033376396302,12.6860492873198,-1.28138786967073E-15));
#4822=CARTESIAN_POINT('',(-5.49033376396302,12.6547992873198,-2.2741707069884));
#4823=CARTESIAN_POINT('',(-3.88225223547572,12.6235492873198,-3.8822522354757));
#4824=CARTESIAN_POINT('',(-2.27417070698843,12.5922992873198,-5.49033376396301));
#4825=CARTESIAN_POINT('',(-2.88220463314472E-14,12.5610492873198,-5.49033376396302));
#4826=CARTESIAN_POINT('',(2.27417070698841,12.5297992873198,-5.49033376396302));
#4827=CARTESIAN_POINT('',(3.88225223547571,12.4985492873198,-3.88225223547572));
#4828=CARTESIAN_POINT('',(5.49033376396301,12.4672992873198,-2.27417070698842));
#4829=CARTESIAN_POINT('',(5.49033376396302,12.4360492873198,-2.14835240854627E-14));
#4830=CARTESIAN_POINT('',(5.49033376396303,12.4047992873198,2.27417070698838));
#4831=CARTESIAN_POINT('',(3.88225223547571,12.3735492873198,3.88225223547571));
#4832=CARTESIAN_POINT('',(2.27417070698841,12.3422992873198,5.49033376396301));
#4833=CARTESIAN_POINT('',(1.15117609314343E-14,12.3110492873198,5.49033376396302));
#4834=CARTESIAN_POINT('',(-2.27417070698839,12.2797992873198,5.49033376396302));
#4835=CARTESIAN_POINT('',(-3.88225223547569,12.2485492873198,3.88225223547573));
#4836=CARTESIAN_POINT('',(-5.49033376396302,12.2172992873198,2.2741707069884));
#4837=CARTESIAN_POINT('',(-5.49033376396302,12.1860492873198,1.40165453054656E-18));
#4838=CARTESIAN_POINT('',(-5.49033376396302,12.1547992873198,-2.2741707069884));
#4839=CARTESIAN_POINT('',(-3.88225223547572,12.1235492873198,-3.8822522354757));
#4840=CARTESIAN_POINT('',(-2.27417070698843,12.0922992873198,-5.49033376396301));
#4841=CARTESIAN_POINT('',(8.81376230447298E-15,12.0610492873198,-5.49033376396302));
#4842=CARTESIAN_POINT('',(2.27417070698841,12.0297992873198,-5.49033376396302));
#4843=CARTESIAN_POINT('',(3.88225223547571,11.9985492873198,-3.88225223547572));
#4844=CARTESIAN_POINT('',(5.49033376396301,11.9672992873198,-2.27417070698842));
#4845=CARTESIAN_POINT('',(5.49033376396302,11.9360492873198,-2.28902224293766E-14));
#4846=CARTESIAN_POINT('',(5.49033376396303,11.9047992873198,2.27417070698837));
#4847=CARTESIAN_POINT('',(3.88225223547571,11.8735492873198,3.88225223547571));
#4848=CARTESIAN_POINT('',(2.27417070698841,11.8422992873198,5.49033376396301));
#4849=CARTESIAN_POINT('',(1.28258897066464E-14,11.8110492873198,5.49033376396302));
#4850=CARTESIAN_POINT('',(-2.27417070698839,11.7797992873198,5.49033376396302));
#4851=CARTESIAN_POINT('',(-3.88225223547569,11.7485492873198,3.88225223547573));
#4852=CARTESIAN_POINT('',(-5.49033376396302,11.7172992873198,2.2741707069884));
#4853=CARTESIAN_POINT('',(-5.49033376396302,11.6860492873198,1.28419117873182E-15));
#4854=CARTESIAN_POINT('',(-5.49033376396302,11.6547992873198,-2.2741707069884));
#4855=CARTESIAN_POINT('',(-3.88225223547572,11.6235492873198,-3.8822522354757));
#4856=CARTESIAN_POINT('',(-2.27417070698843,11.5922992873198,-5.49033376396301));
#4857=CARTESIAN_POINT('',(-3.15727645172535E-14,11.5610492873198,-5.49033376396302));
#4858=CARTESIAN_POINT('',(2.2741707069884,11.5297992873198,-5.49033376396302));
#4859=CARTESIAN_POINT('',(3.88225223547571,11.4985492873198,-3.88225223547572));
#4860=CARTESIAN_POINT('',(5.49033376396301,11.4672992873198,-2.27417070698842));
#4861=CARTESIAN_POINT('',(5.49033376396302,11.4360492873198,-2.42969207732905E-14));
#4862=CARTESIAN_POINT('',(5.49033376396303,11.4047992873198,2.27417070698837));
#4863=CARTESIAN_POINT('',(3.88225223547571,11.3735492873198,3.88225223547571));
#4864=CARTESIAN_POINT('',(2.27417070698841,11.3422992873198,5.49033376396301));
#4865=CARTESIAN_POINT('',(1.41400184818584E-14,11.3110492873198,5.49033376396302));
#4866=CARTESIAN_POINT('',(-2.27417070698838,11.2797992873198,5.49033376396302));
#4867=CARTESIAN_POINT('',(-3.88225223547569,11.2485492873198,3.88225223547573));
#4868=CARTESIAN_POINT('',(-5.490333763963,11.2172992873198,2.27417070698844));
#4869=CARTESIAN_POINT('',(-5.49033376396302,11.1860492873198,4.15781484317564E-14));
#4870=CARTESIAN_POINT('',(-5.49033376396304,11.1547992873198,-2.27417070698836));
#4871=CARTESIAN_POINT('',(-3.8822522354757,11.1235492873198,-3.88225223547573));
#4872=CARTESIAN_POINT('',(-2.27417070698839,11.0922992873198,-5.49033376396302));
#4873=CARTESIAN_POINT('',(6.06304411866668E-15,11.0610492873198,-5.49033376396302));
#4874=CARTESIAN_POINT('',(2.2741707069884,11.0297992873198,-5.49033376396302));
#4875=CARTESIAN_POINT('',(3.8822522354757,10.9985492873198,-3.88225223547572));
#4876=CARTESIAN_POINT('',(5.49033376396301,10.9672992873198,-2.27417070698842));
#4877=CARTESIAN_POINT('',(5.49033376396302,10.9360492873198,-2.57036191172044E-14));
#4878=CARTESIAN_POINT('',(5.49033376396303,10.9047992873198,2.27417070698837));
#4879=CARTESIAN_POINT('',(3.88225223547574,10.8735492873198,3.88225223547568));
#4880=CARTESIAN_POINT('',(2.27417070698845,10.8422992873198,5.490333763963));
#4881=CARTESIAN_POINT('',(5.44653149858937E-14,10.8110492873198,5.49033376396302));
#4882=CARTESIAN_POINT('',(-2.27417070698842,10.7797992873198,5.49033376396301));
#4883=CARTESIAN_POINT('',(-3.88225223547572,10.7485492873198,3.8822522354757));
#4884=CARTESIAN_POINT('',(-5.49033376396302,10.7172992873198,2.2741707069884));
#4885=CARTESIAN_POINT('',(-5.49033376396302,10.6860492873198,3.84977022713437E-15));
#4886=CARTESIAN_POINT('',(-5.49033376396302,10.6547992873198,-2.27417070698839));
#4887=CARTESIAN_POINT('',(-3.88225223547572,10.6235492873198,-3.8822522354757));
#4888=CARTESIAN_POINT('',(-2.27417070698843,10.5922992873198,-5.49033376396301));
#4889=CARTESIAN_POINT('',(-3.43234827030598E-14,10.5610492873198,-5.49033376396302));
#4890=CARTESIAN_POINT('',(2.27417070698836,10.5297992873198,-5.49033376396304));
#4891=CARTESIAN_POINT('',(3.88225223547568,10.4985492873198,-3.88225223547575));
#4892=CARTESIAN_POINT('',(5.49033376396303,10.4672992873198,-2.27417070698839));
#4893=CARTESIAN_POINT('',(5.49033376396302,10.4360492873198,1.1900850267705E-14));
#4894=CARTESIAN_POINT('',(5.49033376396302,10.4047992873198,2.27417070698841));
#4895=CARTESIAN_POINT('',(3.88225223547571,10.3735492873198,3.88225223547571));
#4896=CARTESIAN_POINT('',(2.27417070698841,10.3422992873198,5.49033376396301));
#4897=CARTESIAN_POINT('',(1.67682760322825E-14,10.3110492873198,5.49033376396302));
#4898=CARTESIAN_POINT('',(-2.27417070698838,10.2797992873198,5.49033376396302));
#4899=CARTESIAN_POINT('',(-3.88225223547569,10.2485492873198,3.88225223547573));
#4900=CARTESIAN_POINT('',(-5.490333763963,10.2172992873198,2.27417070698844));
#4901=CARTESIAN_POINT('',(-5.49033376396302,10.1860492873198,4.41437274801589E-14));
#4902=CARTESIAN_POINT('',(-5.49033376396304,10.1547992873198,-2.27417070698835));
#4903=CARTESIAN_POINT('',(-3.8822522354757,10.1235492873198,-3.88225223547572));
#4904=CARTESIAN_POINT('',(-2.27417070698839,10.0922992873198,-5.49033376396302));
#4905=CARTESIAN_POINT('',(3.31232593286038E-15,10.0610492873198,-5.49033376396302));
#4906=CARTESIAN_POINT('',(2.2741707069884,10.0297992873198,-5.49033376396302));
#4907=CARTESIAN_POINT('',(3.8822522354757,9.99854928731984,-3.88225223547572));
#4908=CARTESIAN_POINT('',(5.49033376396301,9.96729928731984,-2.27417070698843));
#4909=CARTESIAN_POINT('',(5.49033376396302,9.93604928731984,-2.85170158050323E-14));
#4910=CARTESIAN_POINT('',(5.49033376396303,9.90479928731984,2.27417070698837));
#4911=CARTESIAN_POINT('',(3.88225223547574,9.87354928731984,3.88225223547568));
#4912=CARTESIAN_POINT('',(2.27417070698845,9.84229928731984,5.49033376396299));
#4913=CARTESIAN_POINT('',(-2.09287629213288E-14,9.81104928731984,5.49033376396302));
#4914=CARTESIAN_POINT('',(-2.27417070698842,9.77979928731984,5.49033376396301));
#4915=CARTESIAN_POINT('',(-3.88225223547572,9.74854928731984,3.8822522354757));
#4916=CARTESIAN_POINT('',(-5.49033376396302,9.71729928731984,2.2741707069884));
#4917=CARTESIAN_POINT('',(-5.49033376396302,9.68604928731984,6.41534927553692E-15));
#4918=CARTESIAN_POINT('',(-5.49033376396302,9.65479928731984,-2.27417070698839));
#4919=CARTESIAN_POINT('',(-3.88225223547573,9.62354928731984,-3.8822522354757));
#4920=CARTESIAN_POINT('',(-2.27417070698843,9.59229928731984,-5.49033376396301));
#4921=CARTESIAN_POINT('',(-3.70742008888661E-14,9.56104928731984,-5.49033376396302));
#4922=CARTESIAN_POINT('',(2.27417070698836,9.52979928731984,-5.49033376396304));
#4923=CARTESIAN_POINT('',(3.88225223547567,9.49854928731984,-3.88225223547575));
#4924=CARTESIAN_POINT('',(5.49033376396302,9.46729928731984,-2.27417070698839));
#4925=CARTESIAN_POINT('',(5.49033376396302,9.43604928731984,9.08745357987715E-15));
#4926=CARTESIAN_POINT('',(5.49033376396302,9.40479928731984,2.27417070698841));
#4927=CARTESIAN_POINT('',(3.88225223547571,9.37354928731984,3.88225223547571));
#4928=CARTESIAN_POINT('',(2.27417070698842,9.34229928731984,5.49033376396301));
#4929=CARTESIAN_POINT('',(1.93965335827065E-14,9.31104928731984,5.49033376396302));
#4930=CARTESIAN_POINT('',(-2.27417070698838,9.27979928731984,5.49033376396303));
#4931=CARTESIAN_POINT('',(-3.88225223547569,9.24854928731984,3.88225223547573));
#4932=CARTESIAN_POINT('',(-5.490333763963,9.21729928731984,2.27417070698844));
#4933=CARTESIAN_POINT('',(-5.49033376396302,9.18604928731984,4.67093065285615E-14));
#4934=CARTESIAN_POINT('',(-5.49033376396304,9.15479928731984,-2.27417070698835));
#4935=CARTESIAN_POINT('',(-3.8822522354757,9.12354928731984,-3.88225223547572));
#4936=CARTESIAN_POINT('',(-2.2741707069884,9.09229928731984,-5.49033376396302));
#4937=CARTESIAN_POINT('',(5.61607747054081E-16,9.06104928731984,-5.49033376396302));
#4938=CARTESIAN_POINT('',(2.2741707069884,9.02979928731984,-5.49033376396302));
#4939=CARTESIAN_POINT('',(3.8822522354757,8.99854928731984,-3.88225223547572));
#4940=CARTESIAN_POINT('',(5.49033376396301,8.96729928731984,-2.27417070698843));
#4941=CARTESIAN_POINT('',(5.49033376396302,8.93604928731984,-3.13304124928601E-14));
#4942=CARTESIAN_POINT('',(5.49033376396303,8.90479928731984,2.27417070698837));
#4943=CARTESIAN_POINT('',(3.88225223547574,8.87354928731984,3.88225223547568));
#4944=CARTESIAN_POINT('',(2.27417070698846,8.84229928731984,5.49033376396299));
#4945=CARTESIAN_POINT('',(5.97218300867418E-14,8.81104928731984,5.49033376396302));
#4946=CARTESIAN_POINT('',(-2.27417070698842,8.77979928731984,5.49033376396301));
#4947=CARTESIAN_POINT('',(-3.88225223547571,8.74854928731984,3.88225223547571));
#4948=CARTESIAN_POINT('',(-5.49033376396302,8.71729928731984,2.27417070698841));
#4949=CARTESIAN_POINT('',(-5.49033376396302,8.68604928731984,8.98092832393947E-15));
#4950=CARTESIAN_POINT('',(-5.49033376396302,8.65479928731984,-2.27417070698839));
#4951=CARTESIAN_POINT('',(-3.88225223547573,8.62354928731984,-3.88225223547569));
#4952=CARTESIAN_POINT('',(-2.27417070698844,8.59229928731984,-5.490333763963));
#4953=CARTESIAN_POINT('',(-3.98249190746724E-14,8.56104928731984,-5.49033376396302));
#4954=CARTESIAN_POINT('',(2.27417070698836,8.52979928731984,-5.49033376396304));
#4955=CARTESIAN_POINT('',(3.88225223547567,8.49854928731984,-3.88225223547575));
#4956=CARTESIAN_POINT('',(5.49033376396302,8.46729928731984,-2.27417070698839));
#4957=CARTESIAN_POINT('',(5.49033376396302,8.43604928731984,6.27405689204934E-15));
#4958=CARTESIAN_POINT('',(5.49033376396302,8.40479928731984,2.2741707069884));
#4959=CARTESIAN_POINT('',(3.88225223547572,8.37354928731984,3.8822522354757));
#4960=CARTESIAN_POINT('',(2.27417070698842,8.34229928731984,5.49033376396301));
#4961=CARTESIAN_POINT('',(2.20247911331306E-14,8.31104928731984,5.49033376396302));
#4962=CARTESIAN_POINT('',(-2.27417070698838,8.27979928731984,5.49033376396303));
#4963=CARTESIAN_POINT('',(-3.88225223547568,8.24854928731984,3.88225223547573));
#4964=CARTESIAN_POINT('',(-5.490333763963,8.21729928731984,2.27417070698845));
#4965=CARTESIAN_POINT('',(-5.49033376396302,8.18604928731984,4.9274885576964E-14));
#4966=CARTESIAN_POINT('',(-5.49033376396304,8.15479928731984,-2.27417070698835));
#4967=CARTESIAN_POINT('',(-3.8822522354757,8.12354928731984,-3.88225223547572));
#4968=CARTESIAN_POINT('',(-2.2741707069884,8.09229928731984,-5.49033376396302));
#4969=CARTESIAN_POINT('',(-2.18911043875222E-15,8.06104928731984,-5.49033376396302));
#4970=CARTESIAN_POINT('',(2.2741707069884,8.02979928731984,-5.49033376396302));
#4971=CARTESIAN_POINT('',(3.8822522354757,7.99854928731984,-3.88225223547572));
#4972=CARTESIAN_POINT('',(5.49033376396301,7.96729928731984,-2.27417070698843));
#4973=CARTESIAN_POINT('',(5.49033376396302,7.93604928731984,-3.41438091806879E-14));
#4974=CARTESIAN_POINT('',(5.49033376396303,7.90479928731984,2.27417070698836));
#4975=CARTESIAN_POINT('',(3.88225223547574,7.87354928731984,3.88225223547568));
#4976=CARTESIAN_POINT('',(2.27417070698846,7.84229928731984,5.49033376396299));
#4977=CARTESIAN_POINT('',(-1.56722478204807E-14,7.81104928731984,5.49033376396302));
#4978=CARTESIAN_POINT('',(-2.27417070698841,7.77979928731984,5.49033376396301));
#4979=CARTESIAN_POINT('',(-3.88225223547571,7.74854928731984,3.88225223547571));
#4980=CARTESIAN_POINT('',(-5.49033376396301,7.71729928731984,2.27417070698841));
#4981=CARTESIAN_POINT('',(-5.49033376396302,7.68604928731984,1.1546507372342E-14));
#4982=CARTESIAN_POINT('',(-5.49033376396303,7.65479928731984,-2.27417070698839));
#4983=CARTESIAN_POINT('',(-3.88225223547573,7.62354928731984,-3.88225223547569));
#4984=CARTESIAN_POINT('',(-2.27417070698844,7.59229928731984,-5.490333763963));
#4985=CARTESIAN_POINT('',(-4.25756372604787E-14,7.56104928731984,-5.49033376396302));
#4986=CARTESIAN_POINT('',(2.27417070698835,7.52979928731984,-5.49033376396304));
#4987=CARTESIAN_POINT('',(3.88225223547567,7.49854928731984,-3.88225223547575));
#4988=CARTESIAN_POINT('',(5.49033376396302,7.46729928731984,-2.27417070698839));
#4989=CARTESIAN_POINT('',(5.49033376396302,7.43604928731984,3.46066020422153E-15));
#4990=CARTESIAN_POINT('',(5.49033376396302,7.40479928731984,2.2741707069884));
#4991=CARTESIAN_POINT('',(3.88225223547572,7.37354928731984,3.8822522354757));
#4992=CARTESIAN_POINT('',(2.27417070698842,7.34229928731984,5.49033376396301));
#4993=CARTESIAN_POINT('',(2.46530486835546E-14,7.31104928731984,5.49033376396302));
#4994=CARTESIAN_POINT('',(-2.27417070698837,7.27979928731984,5.49033376396303));
#4995=CARTESIAN_POINT('',(-3.88225223547568,7.24854928731984,3.88225223547574));
#4996=CARTESIAN_POINT('',(-5.490333763963,7.21729928731984,2.27417070698845));
#4997=CARTESIAN_POINT('',(-5.49033376396302,7.18604928731984,5.18404646253666E-14));
#4998=CARTESIAN_POINT('',(-5.49033376396304,7.15479928731984,-2.27417070698835));
#4999=CARTESIAN_POINT('',(-3.8822522354757,7.12354928731984,-3.88225223547572));
#5000=CARTESIAN_POINT('',(-2.2741707069884,7.09229928731984,-5.49033376396302));
#5001=CARTESIAN_POINT('',(-4.93982862455852E-15,7.06104928731984,-5.49033376396302));
#5002=CARTESIAN_POINT('',(2.27417070698839,7.02979928731984,-5.49033376396302));
#5003=CARTESIAN_POINT('',(3.8822522354757,6.99854928731984,-3.88225223547573));
#5004=CARTESIAN_POINT('',(5.49033376396301,6.96729928731984,-2.27417070698843));
#5005=CARTESIAN_POINT('',(5.49033376396302,6.93604928731984,-3.69572058685157E-14));
#5006=CARTESIAN_POINT('',(5.49033376396304,6.90479928731984,2.27417070698836));
#5007=CARTESIAN_POINT('',(3.88225223547575,6.87354928731984,3.88225223547567));
#5008=CARTESIAN_POINT('',(2.27417070698846,6.84229928731984,5.49033376396299));
#5009=CARTESIAN_POINT('',(6.497834518759E-14,6.81104928731984,5.49033376396302));
#5010=CARTESIAN_POINT('',(-2.27417070698841,6.77979928731984,5.49033376396301));
#5011=CARTESIAN_POINT('',(-3.88225223547571,6.74854928731984,3.88225223547571));
#5012=CARTESIAN_POINT('',(-5.49033376396301,6.71729928731984,2.27417070698841));
#5013=CARTESIAN_POINT('',(-5.49033376396302,6.68604928731984,1.41120864207446E-14));
#5014=CARTESIAN_POINT('',(-5.49033376396303,6.65479928731984,-2.27417070698838));
#5015=CARTESIAN_POINT('',(-3.88225223547573,6.62354928731984,-3.88225223547569));
#5016=CARTESIAN_POINT('',(-2.27417070698844,6.59229928731984,-5.490333763963));
#5017=CARTESIAN_POINT('',(-4.5326355446285E-14,6.56104928731984,-5.49033376396302));
#5018=CARTESIAN_POINT('',(2.27417070698835,6.52979928731984,-5.49033376396304));
#5019=CARTESIAN_POINT('',(3.88225223547567,6.49854928731984,-3.88225223547576));
#5020=CARTESIAN_POINT('',(5.49033376396302,6.46729928731984,-2.2741707069884));
#5021=CARTESIAN_POINT('',(5.49033376396302,6.43604928731984,6.47263516393721E-16));
#5022=CARTESIAN_POINT('',(5.49033376396302,6.40479928731984,2.2741707069884));
#5023=CARTESIAN_POINT('',(3.88225223547572,6.37354928731984,3.8822522354757));
#5024=CARTESIAN_POINT('',(2.27417070698842,6.34229928731984,5.49033376396301));
#5025=CARTESIAN_POINT('',(2.72813062339787E-14,6.31104928731984,5.49033376396302));
#5026=CARTESIAN_POINT('',(-2.27417070698837,6.27979928731984,5.49033376396303));
#5027=CARTESIAN_POINT('',(-3.88225223547568,6.24854928731984,3.88225223547574));
#5028=CARTESIAN_POINT('',(-5.490333763963,6.21729928731984,2.27417070698845));
#5029=CARTESIAN_POINT('',(-5.49033376396302,6.18604928731984,5.44060436737691E-14));
#5030=CARTESIAN_POINT('',(-5.49033376396304,6.15479928731984,-2.27417070698834));
#5031=CARTESIAN_POINT('',(-3.88225223547576,6.12354928731984,-3.88225223547566));
#5032=CARTESIAN_POINT('',(-2.2741707069884,6.09229928731984,-5.49033376396302));
#5033=CARTESIAN_POINT('',(-8.57128822680114E-14,6.06104928731984,-5.49033376396302));
#5034=CARTESIAN_POINT('',(2.27417070698839,6.02979928731984,-5.49033376396302));
#5035=CARTESIAN_POINT('',(3.88225223547564,5.99854928731984,-3.88225223547578));
#5036=CARTESIAN_POINT('',(5.490333763963,5.96729928731984,-2.27417070698844));
#5037=CARTESIAN_POINT('',(5.49033376396302,5.93604928731984,3.82517329013031E-14));
#5038=CARTESIAN_POINT('',(5.49033376396304,5.90479928731984,2.27417070698836));
#5039=CARTESIAN_POINT('',(3.88225223547569,5.87354928731984,3.88225223547573));
#5040=CARTESIAN_POINT('',(2.27417070698847,5.84229928731984,5.49033376396299));
#5041=CARTESIAN_POINT('',(-1.04157327196326E-14,5.81104928731984,5.49033376396301));
#5042=CARTESIAN_POINT('',(-2.27417070698833,5.77979928731984,5.49033376396304));
#5043=CARTESIAN_POINT('',(-3.88225223547571,5.74854928731984,3.88225223547571));
#5044=CARTESIAN_POINT('',(-5.49033376396298,5.71729928731984,2.27417070698849));
#5045=CARTESIAN_POINT('',(-5.49033376396302,5.68604928731984,1.66776654691471E-14));
#5046=CARTESIAN_POINT('',(-5.49033376396306,5.65479928731984,-2.2741707069883));
#5047=CARTESIAN_POINT('',(-3.88225223547573,5.62354928731984,-3.88225223547569));
#5048=CARTESIAN_POINT('',(-2.27417070698837,5.59229928731984,-5.49033376396303));
#5049=CARTESIAN_POINT('',(-4.80770736320913E-14,5.56104928731984,-5.49033376396302));
#5050=CARTESIAN_POINT('',(2.27417070698843,5.52979928731984,-5.49033376396301));
#5051=CARTESIAN_POINT('',(3.88225223547567,5.49854928731984,-3.88225223547576));
#5052=CARTESIAN_POINT('',(5.49033376396302,5.46729928731984,-2.2741707069884));
#5053=CARTESIAN_POINT('',(5.49033376396302,5.43604928731984,-8.01884686290807E-14));
#5054=CARTESIAN_POINT('',(5.49033376396302,5.40479928731984,2.2741707069884));
#5055=CARTESIAN_POINT('',(3.88225223547578,5.37354928731984,3.88225223547564));
#5056=CARTESIAN_POINT('',(2.27417070698843,5.34229928731984,5.490333763963));
#5057=CARTESIAN_POINT('',(1.07931899242049E-13,5.31104928731984,5.49033376396301));
#5058=CARTESIAN_POINT('',(-2.27417070698837,5.27979928731984,5.49033376396303));
#5059=CARTESIAN_POINT('',(-3.88225223547573,5.24854928731984,3.88225223547568));
#5060=CARTESIAN_POINT('',(-5.490333763963,5.21729928731984,2.27417070698845));
#5061=CARTESIAN_POINT('',(-5.49033376396302,5.18604928731984,-2.10507127354749E-14));
#5062=CARTESIAN_POINT('',(-5.49033376396304,5.15479928731984,-2.27417070698834));
#5063=CARTESIAN_POINT('',(-3.88225223547571,5.12354928731984,-3.88225223547572));
#5064=CARTESIAN_POINT('',(-2.27417070698849,5.09229928731984,-5.49033376396299));
#5065=CARTESIAN_POINT('',(-1.04412649961711E-14,5.06104928731984,-5.49033376396302));
#5066=CARTESIAN_POINT('',(2.27417070698831,5.02979928731984,-5.49033376396306));
#5067=CARTESIAN_POINT('',(3.88225223547569,4.99854928731984,-3.88225223547573));
#5068=CARTESIAN_POINT('',(5.49033376396304,4.96729928731984,-2.27417070698836));
#5069=CARTESIAN_POINT('',(5.49033376396302,4.93604928731984,-4.25839992441713E-14));
#5070=CARTESIAN_POINT('',(5.490333763963,4.90479928731984,2.27417070698843));
#5071=CARTESIAN_POINT('',(3.88225223547575,4.87354928731984,3.88225223547567));
#5072=CARTESIAN_POINT('',(2.27417070698839,4.84229928731984,5.49033376396302));
#5073=CARTESIAN_POINT('',(7.02348602884381E-14,4.81104928731984,5.49033376396301));
#5074=CARTESIAN_POINT('',(-2.27417070698841,4.77979928731984,5.49033376396301));
#5075=CARTESIAN_POINT('',(-3.88225223547565,4.74854928731984,3.88225223547577));
#5076=CARTESIAN_POINT('',(-5.49033376396301,4.71729928731984,2.27417070698842));
#5077=CARTESIAN_POINT('',(-5.49033376396302,4.68604928731984,9.72655799751963E-14));
#5078=CARTESIAN_POINT('',(-5.49033376396303,4.65479928731984,-2.27417070698838));
#5079=CARTESIAN_POINT('',(-3.88225223547568,4.62354928731984,-3.88225223547574));
#5080=CARTESIAN_POINT('',(-2.27417070698845,4.59229928731984,-5.490333763963));
#5081=CARTESIAN_POINT('',(2.7194543639749E-14,4.56104928731984,-5.49033376396302));
#5082=CARTESIAN_POINT('',(2.27417070698835,4.52979928731984,-5.49033376396304));
#5083=CARTESIAN_POINT('',(3.88225223547572,4.49854928731984,-3.8822522354757));
#5084=CARTESIAN_POINT('',(5.49033376396299,4.46729928731984,-2.27417070698848));
#5085=CARTESIAN_POINT('',(5.49033376396302,4.43604928731984,-4.9795298592619E-15));
#5086=CARTESIAN_POINT('',(5.49033376396305,4.40479928731984,2.27417070698831));
#5087=CARTESIAN_POINT('',(3.88225223547572,4.37354928731984,3.8822522354757));
#5088=CARTESIAN_POINT('',(2.27417070698851,4.34229928731984,5.49033376396297));
#5089=CARTESIAN_POINT('',(3.25378213348268E-14,4.31104928731984,5.49033376396301));
#5090=CARTESIAN_POINT('',(-2.27417070698844,4.27979928731984,5.490333763963));
#5091=CARTESIAN_POINT('',(-3.88225223547568,4.24854928731984,3.88225223547574));
#5092=CARTESIAN_POINT('',(-5.49033376396303,4.21729928731984,2.27417070698838));
#5093=CARTESIAN_POINT('',(-5.49033376396302,4.18604928731984,5.95372017705742E-14));
#5094=CARTESIAN_POINT('',(-5.49033376396301,4.15479928731984,-2.27417070698842));
#5095=CARTESIAN_POINT('',(-3.88225223547576,4.12354928731984,-3.88225223547566));
#5096=CARTESIAN_POINT('',(-2.27417070698841,4.09229928731984,-5.49033376396302));
#5097=CARTESIAN_POINT('',(-9.1214318639624E-14,4.06104928731984,-5.49033376396302));
#5098=CARTESIAN_POINT('',(2.27417070698838,4.02979928731984,-5.49033376396303));
#5099=CARTESIAN_POINT('',(3.88225223547564,3.99854928731984,-3.88225223547579));
#5100=CARTESIAN_POINT('',(5.490333763963,3.96729928731984,-2.27417070698844));
#5101=CARTESIAN_POINT('',(5.49033376396302,3.93604928731984,3.26249395256475E-14));
#5102=CARTESIAN_POINT('',(5.49033376396304,3.90479928731984,2.27417070698835));
#5103=CARTESIAN_POINT('',(3.8822522354757,3.87354928731984,3.88225223547572));
#5104=CARTESIAN_POINT('',(2.27417070698847,3.84229928731984,5.49033376396299));
#5105=CARTESIAN_POINT('',(-5.15921761878446E-15,3.81104928731984,5.49033376396301));
#5106=CARTESIAN_POINT('',(-2.27417070698833,3.77979928731984,5.49033376396305));
#5107=CARTESIAN_POINT('',(-3.8822522354757,3.74854928731984,3.88225223547572));
#5108=CARTESIAN_POINT('',(-5.49033376396298,3.71729928731984,2.2741707069885));
#5109=CARTESIAN_POINT('',(-5.49033376396302,3.68604928731984,2.18088235659522E-14));
#5110=CARTESIAN_POINT('',(-5.49033376396306,3.65479928731984,-2.2741707069883));
#5111=CARTESIAN_POINT('',(-3.88225223547574,3.62354928731984,-3.88225223547569));
#5112=CARTESIAN_POINT('',(-2.27417070698837,3.59229928731984,-5.49033376396303));
#5113=CARTESIAN_POINT('',(-5.35785100037039E-14,3.56104928731984,-5.49033376396302));
#5114=CARTESIAN_POINT('',(2.27417070698842,3.52979928731984,-5.49033376396301));
#5115=CARTESIAN_POINT('',(3.88225223547566,3.49854928731984,-3.88225223547576));
#5116=CARTESIAN_POINT('',(5.49033376396302,3.46729928731984,-2.27417070698841));
#5117=CARTESIAN_POINT('',(5.49033376396302,3.43604928731984,-8.58152620047363E-14));
#5118=CARTESIAN_POINT('',(5.49033376396302,3.40479928731984,2.27417070698839));
#5119=CARTESIAN_POINT('',(3.88225223547578,3.37354928731984,3.88225223547564));
#5120=CARTESIAN_POINT('',(2.27417070698843,3.34229928731984,5.490333763963));
#5121=CARTESIAN_POINT('',(-4.28562565723957E-14,3.31104928731984,5.49033376396301));
#5122=CARTESIAN_POINT('',(-2.27417070698836,3.27979928731984,5.49033376396303));
#5123=CARTESIAN_POINT('',(-3.88225223547573,3.24854928731984,3.88225223547569));
#5124=CARTESIAN_POINT('',(-5.49033376396299,3.21729928731984,2.27417070698846));
#5125=CARTESIAN_POINT('',(-5.49033376396302,3.18604928731984,-1.59195546386698E-14));
#5126=CARTESIAN_POINT('',(-5.49033376396305,3.15479928731984,-2.27417070698834));
#5127=CARTESIAN_POINT('',(-3.88225223547571,3.12354928731984,-3.88225223547571));
#5128=CARTESIAN_POINT('',(-2.27417070698849,3.09229928731984,-5.49033376396299));
#5129=CARTESIAN_POINT('',(-1.59427013677837E-14,3.06104928731984,-5.49033376396302));
#5130=CARTESIAN_POINT('',(2.2741707069883,3.02979928731984,-5.49033376396306));
#5131=CARTESIAN_POINT('',(3.88225223547569,2.99854928731984,-3.88225223547573));
#5132=CARTESIAN_POINT('',(5.49033376396303,2.96729928731984,-2.27417070698837));
#5133=CARTESIAN_POINT('',(5.49033376396302,2.93604928731984,-4.82107926198269E-14));
#5134=CARTESIAN_POINT('',(5.49033376396301,2.90479928731984,2.27417070698843));
#5135=CARTESIAN_POINT('',(3.88225223547575,2.87354928731984,3.88225223547567));
#5136=CARTESIAN_POINT('',(2.27417070698839,2.84229928731984,5.49033376396302));
#5137=CARTESIAN_POINT('',(7.54913753892862E-14,2.81104928731984,5.49033376396301));
#5138=CARTESIAN_POINT('',(-2.2741707069884,2.77979928731984,5.49033376396302));
#5139=CARTESIAN_POINT('',(-3.88225223547565,2.74854928731984,3.88225223547577));
#5140=CARTESIAN_POINT('',(-5.49033376396301,2.71729928731984,2.27417070698842));
#5141=CARTESIAN_POINT('',(-5.49033376396302,2.68604928731984,1.02396738072001E-13));
#5142=CARTESIAN_POINT('',(-5.49033376396303,2.65479928731984,-2.27417070698837));
#5143=CARTESIAN_POINT('',(-3.88225223547568,2.62354928731984,-3.88225223547574));
#5144=CARTESIAN_POINT('',(-2.27417070698845,2.59229928731984,-5.490333763963));
#5145=CARTESIAN_POINT('',(2.16931072681364E-14,2.56104928731984,-5.49033376396302));
#5146=CARTESIAN_POINT('',(2.27417070698834,2.52979928731984,-5.49033376396305));
#5147=CARTESIAN_POINT('',(3.88225223547572,2.49854928731984,-3.88225223547571));
#5148=CARTESIAN_POINT('',(5.49033376396299,2.46729928731984,-2.27417070698849));
#5149=CARTESIAN_POINT('',(5.49033376396302,2.43604928731984,-1.06063232349175E-14));
#5150=CARTESIAN_POINT('',(5.49033376396306,2.40479928731984,2.27417070698831));
#5151=CARTESIAN_POINT('',(3.88225223547573,2.37354928731984,3.88225223547569));
#5152=CARTESIAN_POINT('',(2.27417070698851,2.34229928731984,5.49033376396297));
#5153=CARTESIAN_POINT('',(3.77943364356749E-14,2.31104928731984,5.49033376396301));
#5154=CARTESIAN_POINT('',(1.15816671893322E-13,2.31104928731984,5.49033376396301));
#5155=CARTESIAN_POINT('',(1.93839007350968E-13,2.31104928731984,5.49033376396301));
#5156=CARTESIAN_POINT('',(5.70513759402624,16.1757533211933,-1.85779574583119));
#5157=CARTESIAN_POINT('',(6.,16.1628318196162,-0.952297603120529));
#5158=CARTESIAN_POINT('',(6.,16.1508576019658,-1.95085126981676E-15));
#5159=CARTESIAN_POINT('',(6.,16.1196076019658,2.48528137423857));
#5160=CARTESIAN_POINT('',(4.24264068711929,16.0883576019658,4.24264068711928));
#5161=CARTESIAN_POINT('',(2.48528137423858,16.0571076019658,6.));
#5162=CARTESIAN_POINT('',(9.81268352241001E-16,16.0258576019658,6.));
#5163=CARTESIAN_POINT('',(-2.48528137423857,15.9946076019659,6.));
#5164=CARTESIAN_POINT('',(-4.24264068711928,15.9633576019658,4.24264068711928));
#5165=CARTESIAN_POINT('',(-6.,15.9321076019658,2.48528137423857));
#5166=CARTESIAN_POINT('',(-6.,15.9008576019658,-5.12252315768088E-16));
#5167=CARTESIAN_POINT('',(-6.,15.8696076019658,-2.48528137423857));
#5168=CARTESIAN_POINT('',(-4.24264068711928,15.8383576019659,-4.24264068711929));
#5169=CARTESIAN_POINT('',(-2.48528137423857,15.8071076019658,-6.));
#5170=CARTESIAN_POINT('',(2.3117269332981E-16,15.7758576019659,-6.));
#5171=CARTESIAN_POINT('',(2.48528137423857,15.7446076019658,-6.));
#5172=CARTESIAN_POINT('',(4.24264068711929,15.7133576019659,-4.24264068711929));
#5173=CARTESIAN_POINT('',(6.,15.6821076019658,-2.48528137423857));
#5174=CARTESIAN_POINT('',(6.,15.6508576019659,-2.01280567967307E-15));
#5175=CARTESIAN_POINT('',(6.,15.6196076019658,2.48528137423857));
#5176=CARTESIAN_POINT('',(4.24264068711929,15.5883576019659,4.24264068711928));
#5177=CARTESIAN_POINT('',(2.48528137423858,15.5571076019659,6.));
#5178=CARTESIAN_POINT('',(9.50653193395442E-16,15.5258576019659,6.));
#5179=CARTESIAN_POINT('',(-2.48528137423857,15.4946076019658,6.));
#5180=CARTESIAN_POINT('',(-4.24264068711928,15.4633576019659,4.24264068711928));
#5181=CARTESIAN_POINT('',(-6.,15.4321076019658,2.48528137423857));
#5182=CARTESIAN_POINT('',(-6.,15.4008576019659,-5.74206725624403E-16));
#5183=CARTESIAN_POINT('',(-6.,15.3696076019659,-2.48528137423857));
#5184=CARTESIAN_POINT('',(-4.24264068711928,15.3383576019659,-4.24264068711929));
#5185=CARTESIAN_POINT('',(-2.48528137423857,15.3071076019659,-6.));
#5186=CARTESIAN_POINT('',(2.0055753448425E-16,15.2758576019659,-6.));
#5187=CARTESIAN_POINT('',(2.48528137423857,15.2446076019658,-6.));
#5188=CARTESIAN_POINT('',(4.24264068711929,15.2133576019658,-4.24264068711929));
#5189=CARTESIAN_POINT('',(6.,15.1821076019659,-2.48528137423857));
#5190=CARTESIAN_POINT('',(6.,15.1508576019659,-2.07476008952938E-15));
#5191=CARTESIAN_POINT('',(6.,15.1196076019659,2.48528137423857));
#5192=CARTESIAN_POINT('',(4.24264068711929,15.0883576019659,4.24264068711928));
#5193=CARTESIAN_POINT('',(2.48528137423858,15.0571076019659,6.));
#5194=CARTESIAN_POINT('',(9.20038034549882E-16,15.0258576019659,6.));
#5195=CARTESIAN_POINT('',(-2.48528137423857,14.9946076019659,6.));
#5196=CARTESIAN_POINT('',(-4.24264068711928,14.9633576019659,4.24264068711928));
#5197=CARTESIAN_POINT('',(-6.,14.9321076019659,2.48528137423857));
#5198=CARTESIAN_POINT('',(-6.,14.9008576019659,-6.36161135480717E-16));
#5199=CARTESIAN_POINT('',(-6.,14.8696076019659,-2.48528137423857));
#5200=CARTESIAN_POINT('',(-4.24264068711928,14.8383576019659,-4.24264068711929));
#5201=CARTESIAN_POINT('',(-2.48528137423857,14.8071076019659,-6.));
#5202=CARTESIAN_POINT('',(1.69942375638691E-16,14.7758576019659,-6.));
#5203=CARTESIAN_POINT('',(2.48528137423857,14.7446076019659,-6.));
#5204=CARTESIAN_POINT('',(4.24264068711929,14.7133576019659,-4.24264068711929));
#5205=CARTESIAN_POINT('',(6.,14.6821076019659,-2.48528137423858));
#5206=CARTESIAN_POINT('',(6.,14.6508576019659,-2.1367144993857E-15));
#5207=CARTESIAN_POINT('',(6.,14.6196076019659,2.48528137423857));
#5208=CARTESIAN_POINT('',(4.24264068711929,14.5883576019659,4.24264068711928));
#5209=CARTESIAN_POINT('',(2.48528137423858,14.5571076019659,6.));
#5210=CARTESIAN_POINT('',(8.89422875704323E-16,14.5258576019659,6.));
#5211=CARTESIAN_POINT('',(-2.48528137423857,14.4946076019659,6.));
#5212=CARTESIAN_POINT('',(-4.24264068711928,14.4633576019659,4.24264068711928));
#5213=CARTESIAN_POINT('',(-6.,14.4321076019659,2.48528137423857));
#5214=CARTESIAN_POINT('',(-6.,14.4008576019659,-6.98115545337032E-16));
#5215=CARTESIAN_POINT('',(-6.,14.3696076019659,-2.48528137423857));
#5216=CARTESIAN_POINT('',(-4.24264068711928,14.3383576019659,-4.24264068711929));
#5217=CARTESIAN_POINT('',(-2.48528137423857,14.3071076019659,-6.));
#5218=CARTESIAN_POINT('',(1.39327216793131E-16,14.2758576019659,-6.));
#5219=CARTESIAN_POINT('',(2.48528137423857,14.2446076019659,-6.));
#5220=CARTESIAN_POINT('',(4.24264068711929,14.2133576019659,-4.24264068711929));
#5221=CARTESIAN_POINT('',(6.,14.1821076019659,-2.48528137423858));
#5222=CARTESIAN_POINT('',(6.,14.1508576019659,-2.19866890924201E-15));
#5223=CARTESIAN_POINT('',(6.,14.1196076019659,2.48528137423857));
#5224=CARTESIAN_POINT('',(4.24264068711929,14.0883576019659,4.24264068711928));
#5225=CARTESIAN_POINT('',(2.48528137423858,14.0571076019659,6.));
#5226=CARTESIAN_POINT('',(8.58807716858764E-16,14.0258576019659,6.));
#5227=CARTESIAN_POINT('',(-2.48528137423857,13.9946076019659,6.));
#5228=CARTESIAN_POINT('',(-4.24264068711928,13.9633576019659,4.24264068711928));
#5229=CARTESIAN_POINT('',(-6.,13.9321076019659,2.48528137423857));
#5230=CARTESIAN_POINT('',(-6.,13.9008576019659,-7.60069955193347E-16));
#5231=CARTESIAN_POINT('',(-6.,13.8696076019659,-2.48528137423857));
#5232=CARTESIAN_POINT('',(-4.24264068711928,13.8383576019659,-4.24264068711929));
#5233=CARTESIAN_POINT('',(-2.48528137423857,13.8071076019659,-6.));
#5234=CARTESIAN_POINT('',(1.08712057947572E-16,13.7758576019659,-6.));
#5235=CARTESIAN_POINT('',(2.48528137423857,13.7446076019659,-6.));
#5236=CARTESIAN_POINT('',(4.24264068711929,13.7133576019659,-4.24264068711929));
#5237=CARTESIAN_POINT('',(6.,13.6821076019659,-2.48528137423858));
#5238=CARTESIAN_POINT('',(6.,13.6508576019659,-2.26062331909833E-15));
#5239=CARTESIAN_POINT('',(6.,13.6196076019659,2.48528137423857));
#5240=CARTESIAN_POINT('',(4.24264068711929,13.5883576019659,4.24264068711928));
#5241=CARTESIAN_POINT('',(2.48528137423858,13.5571076019659,6.));
#5242=CARTESIAN_POINT('',(8.28192558013204E-16,13.5258576019659,6.));
#5243=CARTESIAN_POINT('',(-2.48528137423857,13.4946076019659,6.));
#5244=CARTESIAN_POINT('',(-4.24264068711928,13.4633576019659,4.24264068711928));
#5245=CARTESIAN_POINT('',(-6.,13.4321076019659,2.48528137423857));
#5246=CARTESIAN_POINT('',(-6.,13.4008576019659,-8.22024365049661E-16));
#5247=CARTESIAN_POINT('',(-6.,13.3696076019659,-2.48528137423857));
#5248=CARTESIAN_POINT('',(-4.24264068711928,13.3383576019659,-4.24264068711929));
#5249=CARTESIAN_POINT('',(-2.48528137423857,13.3071076019659,-6.));
#5250=CARTESIAN_POINT('',(7.80968991020125E-17,13.2758576019659,-6.));
#5251=CARTESIAN_POINT('',(2.48528137423857,13.2446076019659,-6.));
#5252=CARTESIAN_POINT('',(4.24264068711929,13.2133576019659,-4.24264068711929));
#5253=CARTESIAN_POINT('',(6.,13.1821076019659,-2.48528137423858));
#5254=CARTESIAN_POINT('',(6.,13.1508576019659,-2.32257772895464E-15));
#5255=CARTESIAN_POINT('',(6.,13.1196076019659,2.48528137423857));
#5256=CARTESIAN_POINT('',(4.24264068711929,13.0883576019658,4.24264068711928));
#5257=CARTESIAN_POINT('',(2.48528137423858,13.0571076019659,6.));
#5258=CARTESIAN_POINT('',(7.97577399167645E-16,13.0258576019659,6.));
#5259=CARTESIAN_POINT('',(-2.48528137423857,12.9946076019659,6.));
#5260=CARTESIAN_POINT('',(-4.24264068711928,12.9633576019659,4.24264068711928));
#5261=CARTESIAN_POINT('',(-6.,12.9321076019659,2.48528137423857));
#5262=CARTESIAN_POINT('',(-6.,12.9008576019659,-8.83978774905976E-16));
#5263=CARTESIAN_POINT('',(-6.,12.8696076019659,-2.48528137423857));
#5264=CARTESIAN_POINT('',(-4.24264068711928,12.8383576019659,-4.24264068711929));
#5265=CARTESIAN_POINT('',(-2.48528137423857,12.8071076019659,-6.));
#5266=CARTESIAN_POINT('',(4.74817402564531E-17,12.7758576019659,-6.));
#5267=CARTESIAN_POINT('',(2.48528137423857,12.7446076019659,-6.));
#5268=CARTESIAN_POINT('',(4.24264068711929,12.7133576019659,-4.24264068711929));
#5269=CARTESIAN_POINT('',(6.,12.6821076019659,-2.48528137423858));
#5270=CARTESIAN_POINT('',(6.,12.6508576019659,-2.38453213881096E-15));
#5271=CARTESIAN_POINT('',(6.,12.6196076019659,2.48528137423857));
#5272=CARTESIAN_POINT('',(4.24264068711929,12.5883576019659,4.24264068711928));
#5273=CARTESIAN_POINT('',(2.48528137423858,12.5571076019659,6.));
#5274=CARTESIAN_POINT('',(7.66962240322085E-16,12.5258576019659,6.));
#5275=CARTESIAN_POINT('',(-2.48528137423857,12.4946076019659,6.));
#5276=CARTESIAN_POINT('',(-4.24264068711928,12.4633576019659,4.24264068711928));
#5277=CARTESIAN_POINT('',(-6.,12.4321076019659,2.48528137423857));
#5278=CARTESIAN_POINT('',(-6.,12.4008576019658,-9.4593318476229E-16));
#5279=CARTESIAN_POINT('',(-6.,12.3696076019659,-2.48528137423857));
#5280=CARTESIAN_POINT('',(-4.24264068711928,12.3383576019658,-4.24264068711929));
#5281=CARTESIAN_POINT('',(-2.48528137423857,12.3071076019659,-6.));
#5282=CARTESIAN_POINT('',(1.68665814108936E-17,12.2758576019659,-6.));
#5283=CARTESIAN_POINT('',(2.48528137423857,12.2446076019659,-6.));
#5284=CARTESIAN_POINT('',(4.24264068711929,12.2133576019659,-4.24264068711929));
#5285=CARTESIAN_POINT('',(6.,12.1821076019659,-2.48528137423858));
#5286=CARTESIAN_POINT('',(6.,12.1508576019659,-2.44648654866727E-15));
#5287=CARTESIAN_POINT('',(6.,12.1196076019659,2.48528137423857));
#5288=CARTESIAN_POINT('',(4.24264068711929,12.0883576019659,4.24264068711928));
#5289=CARTESIAN_POINT('',(2.48528137423858,12.0571076019659,6.));
#5290=CARTESIAN_POINT('',(7.36347081476526E-16,12.0258576019659,6.));
#5291=CARTESIAN_POINT('',(-2.48528137423857,11.9946076019659,6.));
#5292=CARTESIAN_POINT('',(-4.24264068711928,11.9633576019659,4.24264068711928));
#5293=CARTESIAN_POINT('',(-6.,11.9321076019659,2.48528137423857));
#5294=CARTESIAN_POINT('',(-6.,11.9008576019659,-1.0078875946186E-15));
#5295=CARTESIAN_POINT('',(-6.,11.8696076019659,-2.48528137423857));
#5296=CARTESIAN_POINT('',(-4.24264068711928,11.8383576019659,-4.24264068711929));
#5297=CARTESIAN_POINT('',(-2.48528137423857,11.8071076019659,-6.));
#5298=CARTESIAN_POINT('',(-1.37485774346658E-17,11.7758576019659,-6.));
#5299=CARTESIAN_POINT('',(2.48528137423857,11.7446076019659,-6.));
#5300=CARTESIAN_POINT('',(4.24264068711929,11.7133576019658,-4.24264068711929));
#5301=CARTESIAN_POINT('',(6.,11.6821076019659,-2.48528137423858));
#5302=CARTESIAN_POINT('',(6.,11.6508576019658,-2.50844095852359E-15));
#5303=CARTESIAN_POINT('',(6.,11.6196076019659,2.48528137423857));
#5304=CARTESIAN_POINT('',(4.24264068711929,11.5883576019659,4.24264068711928));
#5305=CARTESIAN_POINT('',(2.48528137423858,11.5571076019659,6.));
#5306=CARTESIAN_POINT('',(7.05731922630966E-16,11.5258576019659,6.));
#5307=CARTESIAN_POINT('',(-2.48528137423857,11.4946076019659,6.));
#5308=CARTESIAN_POINT('',(-4.24264068711928,11.4633576019659,4.24264068711928));
#5309=CARTESIAN_POINT('',(-6.,11.4321076019659,2.48528137423857));
#5310=CARTESIAN_POINT('',(-6.,11.4008576019659,-1.06984200447492E-15));
#5311=CARTESIAN_POINT('',(-6.,11.3696076019659,-2.48528137423857));
#5312=CARTESIAN_POINT('',(-4.24264068711928,11.3383576019658,-4.24264068711929));
#5313=CARTESIAN_POINT('',(-2.48528137423857,11.3071076019658,-6.));
#5314=CARTESIAN_POINT('',(-4.43637362802252E-17,11.2758576019658,-6.));
#5315=CARTESIAN_POINT('',(2.48528137423857,11.2446076019658,-6.));
#5316=CARTESIAN_POINT('',(4.24264068711929,11.2133576019658,-4.24264068711929));
#5317=CARTESIAN_POINT('',(6.,11.1821076019658,-2.48528137423858));
#5318=CARTESIAN_POINT('',(6.,11.1508576019658,-2.5703953683799E-15));
#5319=CARTESIAN_POINT('',(6.,11.1196076019658,2.48528137423857));
#5320=CARTESIAN_POINT('',(4.24264068711929,11.0883576019658,4.24264068711928));
#5321=CARTESIAN_POINT('',(2.48528137423858,11.0571076019658,6.));
#5322=CARTESIAN_POINT('',(6.75116763785407E-16,11.0258576019659,6.));
#5323=CARTESIAN_POINT('',(-2.48528137423857,10.9946076019659,6.));
#5324=CARTESIAN_POINT('',(-4.24264068711928,10.9633576019658,4.24264068711928));
#5325=CARTESIAN_POINT('',(-6.,10.9321076019659,2.48528137423857));
#5326=CARTESIAN_POINT('',(-6.,10.9008576019659,-1.13179641433123E-15));
#5327=CARTESIAN_POINT('',(-6.,10.8696076019659,-2.48528137423857));
#5328=CARTESIAN_POINT('',(-4.24264068711928,10.8383576019659,-4.24264068711929));
#5329=CARTESIAN_POINT('',(-2.48528137423857,10.8071076019659,-6.));
#5330=CARTESIAN_POINT('',(-7.49788951257846E-17,10.7758576019659,-6.));
#5331=CARTESIAN_POINT('',(2.48528137423857,10.7446076019659,-6.));
#5332=CARTESIAN_POINT('',(4.24264068711929,10.7133576019659,-4.24264068711929));
#5333=CARTESIAN_POINT('',(6.,10.6821076019659,-2.48528137423858));
#5334=CARTESIAN_POINT('',(6.,10.6508576019659,-2.63234977823621E-15));
#5335=CARTESIAN_POINT('',(6.,10.6196076019659,2.48528137423857));
#5336=CARTESIAN_POINT('',(4.24264068711929,10.5883576019659,4.24264068711928));
#5337=CARTESIAN_POINT('',(2.48528137423858,10.5571076019659,6.));
#5338=CARTESIAN_POINT('',(6.44501604939847E-16,10.5258576019659,6.));
#5339=CARTESIAN_POINT('',(-2.48528137423857,10.4946076019659,6.));
#5340=CARTESIAN_POINT('',(-4.24264068711928,10.4633576019659,4.24264068711928));
#5341=CARTESIAN_POINT('',(-6.,10.4321076019659,2.48528137423857));
#5342=CARTESIAN_POINT('',(-6.,10.4008576019659,-1.19375082418755E-15));
#5343=CARTESIAN_POINT('',(-6.,10.3696076019659,-2.48528137423857));
#5344=CARTESIAN_POINT('',(-4.24264068711928,10.3383576019659,-4.24264068711929));
#5345=CARTESIAN_POINT('',(-2.48528137423857,10.3071076019659,-6.));
#5346=CARTESIAN_POINT('',(-1.05594053971344E-16,10.2758576019659,-6.));
#5347=CARTESIAN_POINT('',(2.48528137423857,10.2446076019659,-6.));
#5348=CARTESIAN_POINT('',(4.24264068711929,10.2133576019658,-4.24264068711929));
#5349=CARTESIAN_POINT('',(6.,10.1821076019659,-2.48528137423858));
#5350=CARTESIAN_POINT('',(6.,10.1508576019659,-2.69430418809253E-15));
#5351=CARTESIAN_POINT('',(6.,10.1196076019659,2.48528137423857));
#5352=CARTESIAN_POINT('',(4.24264068711929,10.0883576019659,4.24264068711928));
#5353=CARTESIAN_POINT('',(2.48528137423858,10.0571076019659,6.));
#5354=CARTESIAN_POINT('',(6.13886446094288E-16,10.0258576019659,6.));
#5355=CARTESIAN_POINT('',(-2.48528137423857,9.99460760196585,6.));
#5356=CARTESIAN_POINT('',(-4.24264068711928,9.96335760196585,4.24264068711928));
#5357=CARTESIAN_POINT('',(-6.,9.93210760196585,2.48528137423857));
#5358=CARTESIAN_POINT('',(-6.,9.90085760196585,-1.25570523404386E-15));
#5359=CARTESIAN_POINT('',(-6.,9.86960760196585,-2.48528137423857));
#5360=CARTESIAN_POINT('',(-4.24264068711928,9.83835760196585,-4.24264068711929));
#5361=CARTESIAN_POINT('',(-2.48528137423857,9.80710760196585,-6.));
#5362=CARTESIAN_POINT('',(-1.36209212816904E-16,9.77585760196585,-6.));
#5363=CARTESIAN_POINT('',(2.48528137423857,9.74460760196585,-6.));
#5364=CARTESIAN_POINT('',(4.24264068711929,9.71335760196585,-4.24264068711929));
#5365=CARTESIAN_POINT('',(6.,9.68210760196585,-2.48528137423858));
#5366=CARTESIAN_POINT('',(6.,9.65085760196585,-2.75625859794884E-15));
#5367=CARTESIAN_POINT('',(6.,9.61960760196585,2.48528137423857));
#5368=CARTESIAN_POINT('',(4.24264068711929,9.58835760196585,4.24264068711928));
#5369=CARTESIAN_POINT('',(2.48528137423858,9.55710760196585,6.));
#5370=CARTESIAN_POINT('',(5.83271287248729E-16,9.52585760196585,6.));
#5371=CARTESIAN_POINT('',(-2.48528137423857,9.49460760196585,6.));
#5372=CARTESIAN_POINT('',(-4.24264068711928,9.46335760196585,4.24264068711928));
#5373=CARTESIAN_POINT('',(-6.,9.43210760196585,2.48528137423857));
#5374=CARTESIAN_POINT('',(-6.,9.40085760196585,-1.31765964390018E-15));
#5375=CARTESIAN_POINT('',(-6.,9.36960760196585,-2.48528137423857));
#5376=CARTESIAN_POINT('',(-4.24264068711928,9.33835760196585,-4.24264068711929));
#5377=CARTESIAN_POINT('',(-2.48528137423857,9.30710760196585,-6.));
#5378=CARTESIAN_POINT('',(-1.66824371662463E-16,9.27585760196585,-6.));
#5379=CARTESIAN_POINT('',(2.48528137423857,9.24460760196585,-6.));
#5380=CARTESIAN_POINT('',(4.24264068711928,9.21335760196585,-4.24264068711929));
#5381=CARTESIAN_POINT('',(6.,9.18210760196585,-2.48528137423858));
#5382=CARTESIAN_POINT('',(6.,9.15085760196585,-2.81821300780516E-15));
#5383=CARTESIAN_POINT('',(6.,9.11960760196585,2.48528137423857));
#5384=CARTESIAN_POINT('',(4.24264068711929,9.08835760196585,4.24264068711928));
#5385=CARTESIAN_POINT('',(2.48528137423858,9.05710760196585,6.));
#5386=CARTESIAN_POINT('',(5.52656128403169E-16,9.02585760196585,6.));
#5387=CARTESIAN_POINT('',(-2.48528137423857,8.99460760196585,6.));
#5388=CARTESIAN_POINT('',(-4.24264068711928,8.96335760196585,4.24264068711928));
#5389=CARTESIAN_POINT('',(-6.,8.93210760196585,2.48528137423857));
#5390=CARTESIAN_POINT('',(-6.,8.90085760196585,-1.37961405375649E-15));
#5391=CARTESIAN_POINT('',(-6.,8.86960760196585,-2.48528137423857));
#5392=CARTESIAN_POINT('',(-4.24264068711928,8.83835760196585,-4.24264068711929));
#5393=CARTESIAN_POINT('',(-2.48528137423857,8.80710760196585,-6.));
#5394=CARTESIAN_POINT('',(-1.97439530508022E-16,8.77585760196585,-6.));
#5395=CARTESIAN_POINT('',(2.48528137423857,8.74460760196585,-6.));
#5396=CARTESIAN_POINT('',(4.24264068711928,8.71335760196585,-4.24264068711929));
#5397=CARTESIAN_POINT('',(6.,8.68210760196585,-2.48528137423858));
#5398=CARTESIAN_POINT('',(6.,8.65085760196585,-2.88016741766147E-15));
#5399=CARTESIAN_POINT('',(6.,8.61960760196585,2.48528137423857));
#5400=CARTESIAN_POINT('',(4.24264068711929,8.58835760196585,4.24264068711928));
#5401=CARTESIAN_POINT('',(2.48528137423858,8.55710760196585,6.));
#5402=CARTESIAN_POINT('',(5.2204096955761E-16,8.52585760196585,6.));
#5403=CARTESIAN_POINT('',(-2.48528137423857,8.49460760196585,6.));
#5404=CARTESIAN_POINT('',(-4.24264068711928,8.46335760196585,4.24264068711928));
#5405=CARTESIAN_POINT('',(-6.,8.43210760196585,2.48528137423857));
#5406=CARTESIAN_POINT('',(-6.,8.40085760196585,-1.44156846361281E-15));
#5407=CARTESIAN_POINT('',(-6.,8.36960760196585,-2.48528137423857));
#5408=CARTESIAN_POINT('',(-4.24264068711928,8.33835760196585,-4.24264068711929));
#5409=CARTESIAN_POINT('',(-2.48528137423857,8.30710760196585,-6.));
#5410=CARTESIAN_POINT('',(-2.28054689353582E-16,8.27585760196585,-6.));
#5411=CARTESIAN_POINT('',(2.48528137423857,8.24460760196585,-6.));
#5412=CARTESIAN_POINT('',(4.24264068711928,8.21335760196585,-4.24264068711929));
#5413=CARTESIAN_POINT('',(6.,8.18210760196585,-2.48528137423858));
#5414=CARTESIAN_POINT('',(6.,8.15085760196585,-2.94212182751779E-15));
#5415=CARTESIAN_POINT('',(6.,8.11960760196585,2.48528137423857));
#5416=CARTESIAN_POINT('',(4.24264068711929,8.08835760196585,4.24264068711928));
#5417=CARTESIAN_POINT('',(2.48528137423858,8.05710760196585,6.));
#5418=CARTESIAN_POINT('',(4.9142581071205E-16,8.02585760196585,6.));
#5419=CARTESIAN_POINT('',(-2.48528137423857,7.99460760196585,6.));
#5420=CARTESIAN_POINT('',(-4.24264068711928,7.96335760196585,4.24264068711928));
#5421=CARTESIAN_POINT('',(-6.,7.93210760196585,2.48528137423857));
#5422=CARTESIAN_POINT('',(-6.,7.90085760196585,-1.50352287346912E-15));
#5423=CARTESIAN_POINT('',(-6.,7.86960760196585,-2.48528137423857));
#5424=CARTESIAN_POINT('',(-4.24264068711928,7.83835760196585,-4.24264068711929));
#5425=CARTESIAN_POINT('',(-2.48528137423857,7.80710760196585,-6.));
#5426=CARTESIAN_POINT('',(-2.58669848199141E-16,7.77585760196585,-6.));
#5427=CARTESIAN_POINT('',(2.48528137423857,7.74460760196585,-6.));
#5428=CARTESIAN_POINT('',(4.24264068711928,7.71335760196585,-4.24264068711929));
#5429=CARTESIAN_POINT('',(6.,7.68210760196585,-2.48528137423858));
#5430=CARTESIAN_POINT('',(6.,7.65085760196585,-3.0040762373741E-15));
#5431=CARTESIAN_POINT('',(6.,7.61960760196585,2.48528137423857));
#5432=CARTESIAN_POINT('',(4.24264068711929,7.58835760196585,4.24264068711928));
#5433=CARTESIAN_POINT('',(2.48528137423858,7.55710760196585,6.));
#5434=CARTESIAN_POINT('',(4.60810651866491E-16,7.52585760196585,6.));
#5435=CARTESIAN_POINT('',(-2.48528137423857,7.49460760196585,6.));
#5436=CARTESIAN_POINT('',(-4.24264068711928,7.46335760196585,4.24264068711928));
#5437=CARTESIAN_POINT('',(-6.,7.43210760196585,2.48528137423857));
#5438=CARTESIAN_POINT('',(-6.,7.40085760196585,-1.56547728332544E-15));
#5439=CARTESIAN_POINT('',(-6.,7.36960760196585,-2.48528137423857));
#5440=CARTESIAN_POINT('',(-4.24264068711928,7.33835760196585,-4.24264068711929));
#5441=CARTESIAN_POINT('',(-2.48528137423857,7.30710760196585,-6.));
#5442=CARTESIAN_POINT('',(-2.89285007044701E-16,7.27585760196585,-6.));
#5443=CARTESIAN_POINT('',(2.48528137423857,7.24460760196585,-6.));
#5444=CARTESIAN_POINT('',(4.24264068711928,7.21335760196585,-4.24264068711929));
#5445=CARTESIAN_POINT('',(6.,7.18210760196585,-2.48528137423858));
#5446=CARTESIAN_POINT('',(6.,7.15085760196585,-3.06603064723042E-15));
#5447=CARTESIAN_POINT('',(6.,7.11960760196585,2.48528137423857));
#5448=CARTESIAN_POINT('',(4.24264068711929,7.08835760196585,4.24264068711928));
#5449=CARTESIAN_POINT('',(2.48528137423858,7.05710760196585,6.));
#5450=CARTESIAN_POINT('',(4.30195493020932E-16,7.02585760196585,6.));
#5451=CARTESIAN_POINT('',(-2.48528137423857,6.99460760196585,6.));
#5452=CARTESIAN_POINT('',(-4.24264068711928,6.96335760196585,4.24264068711928));
#5453=CARTESIAN_POINT('',(-6.,6.93210760196585,2.48528137423857));
#5454=CARTESIAN_POINT('',(-6.,6.90085760196585,-1.62743169318175E-15));
#5455=CARTESIAN_POINT('',(-6.,6.86960760196585,-2.48528137423857));
#5456=CARTESIAN_POINT('',(-4.24264068711928,6.83835760196585,-4.24264068711929));
#5457=CARTESIAN_POINT('',(-2.48528137423857,6.80710760196585,-6.));
#5458=CARTESIAN_POINT('',(-3.1990016589026E-16,6.77585760196585,-6.));
#5459=CARTESIAN_POINT('',(2.48528137423857,6.74460760196585,-6.));
#5460=CARTESIAN_POINT('',(4.24264068711928,6.71335760196585,-4.24264068711929));
#5461=CARTESIAN_POINT('',(6.,6.68210760196585,-2.48528137423858));
#5462=CARTESIAN_POINT('',(6.,6.65085760196585,-3.12798505708673E-15));
#5463=CARTESIAN_POINT('',(6.,6.61960760196585,2.48528137423857));
#5464=CARTESIAN_POINT('',(4.24264068711929,6.58835760196585,4.24264068711928));
#5465=CARTESIAN_POINT('',(2.48528137423858,6.55710760196585,6.));
#5466=CARTESIAN_POINT('',(3.99580334175372E-16,6.52585760196585,6.));
#5467=CARTESIAN_POINT('',(-2.48528137423857,6.49460760196585,6.));
#5468=CARTESIAN_POINT('',(-4.24264068711928,6.46335760196585,4.24264068711928));
#5469=CARTESIAN_POINT('',(-6.,6.43210760196585,2.48528137423857));
#5470=CARTESIAN_POINT('',(-6.,6.40085760196585,-1.68938610303806E-15));
#5471=CARTESIAN_POINT('',(-6.,6.36960760196585,-2.48528137423857));
#5472=CARTESIAN_POINT('',(-4.24264068711928,6.33835760196585,-4.24264068711929));
#5473=CARTESIAN_POINT('',(-2.48528137423857,6.30710760196585,-6.));
#5474=CARTESIAN_POINT('',(-3.50515324735819E-16,6.27585760196585,-6.));
#5475=CARTESIAN_POINT('',(2.48528137423857,6.24460760196585,-6.));
#5476=CARTESIAN_POINT('',(4.24264068711928,6.21335760196585,-4.24264068711929));
#5477=CARTESIAN_POINT('',(6.,6.18210760196585,-2.48528137423858));
#5478=CARTESIAN_POINT('',(6.,6.15085760196585,-3.18993946694305E-15));
#5479=CARTESIAN_POINT('',(6.,6.11960760196585,2.48528137423857));
#5480=CARTESIAN_POINT('',(4.24264068711929,6.08835760196585,4.24264068711928));
#5481=CARTESIAN_POINT('',(2.48528137423858,6.05710760196585,6.));
#5482=CARTESIAN_POINT('',(3.68965175329813E-16,6.02585760196585,6.));
#5483=CARTESIAN_POINT('',(-2.48528137423857,5.99460760196585,6.));
#5484=CARTESIAN_POINT('',(-4.24264068711928,5.96335760196585,4.24264068711928));
#5485=CARTESIAN_POINT('',(-6.,5.93210760196585,2.48528137423857));
#5486=CARTESIAN_POINT('',(-6.,5.90085760196585,-1.75134051289438E-15));
#5487=CARTESIAN_POINT('',(-6.,5.86960760196585,-2.48528137423857));
#5488=CARTESIAN_POINT('',(-4.24264068711928,5.83835760196585,-4.24264068711929));
#5489=CARTESIAN_POINT('',(-2.48528137423857,5.80710760196585,-6.));
#5490=CARTESIAN_POINT('',(-3.81130483581379E-16,5.77585760196585,-6.));
#5491=CARTESIAN_POINT('',(2.48528137423857,5.74460760196585,-6.));
#5492=CARTESIAN_POINT('',(4.24264068711928,5.71335760196585,-4.24264068711929));
#5493=CARTESIAN_POINT('',(6.,5.68210760196585,-2.48528137423858));
#5494=CARTESIAN_POINT('',(6.,5.65085760196585,-3.25189387679936E-15));
#5495=CARTESIAN_POINT('',(6.,5.61960760196585,2.48528137423857));
#5496=CARTESIAN_POINT('',(4.24264068711929,5.58835760196585,4.24264068711928));
#5497=CARTESIAN_POINT('',(2.48528137423857,5.55710760196585,6.));
#5498=CARTESIAN_POINT('',(3.38350016484253E-16,5.52585760196585,6.));
#5499=CARTESIAN_POINT('',(-2.48528137423857,5.49460760196585,6.));
#5500=CARTESIAN_POINT('',(-4.24264068711928,5.46335760196585,4.24264068711928));
#5501=CARTESIAN_POINT('',(-6.,5.43210760196585,2.48528137423857));
#5502=CARTESIAN_POINT('',(-6.,5.40085760196585,-1.81329492275069E-15));
#5503=CARTESIAN_POINT('',(-6.,5.36960760196585,-2.48528137423857));
#5504=CARTESIAN_POINT('',(-4.24264068711928,5.33835760196585,-4.24264068711929));
#5505=CARTESIAN_POINT('',(-2.48528137423857,5.30710760196585,-6.));
#5506=CARTESIAN_POINT('',(-4.11745642426938E-16,5.27585760196585,-6.));
#5507=CARTESIAN_POINT('',(2.48528137423857,5.24460760196585,-6.));
#5508=CARTESIAN_POINT('',(4.24264068711928,5.21335760196585,-4.24264068711929));
#5509=CARTESIAN_POINT('',(6.,5.18210760196585,-2.48528137423858));
#5510=CARTESIAN_POINT('',(6.,5.15085760196585,-3.31384828665567E-15));
#5511=CARTESIAN_POINT('',(6.,5.11960760196585,2.48528137423857));
#5512=CARTESIAN_POINT('',(4.24264068711929,5.08835760196585,4.24264068711928));
#5513=CARTESIAN_POINT('',(2.48528137423857,5.05710760196585,6.));
#5514=CARTESIAN_POINT('',(3.07734857638694E-16,5.02585760196585,6.));
#5515=CARTESIAN_POINT('',(-2.48528137423857,4.99460760196585,6.));
#5516=CARTESIAN_POINT('',(-4.24264068711928,4.96335760196585,4.24264068711928));
#5517=CARTESIAN_POINT('',(-6.,4.93210760196585,2.48528137423857));
#5518=CARTESIAN_POINT('',(-6.,4.90085760196585,-1.87524933260701E-15));
#5519=CARTESIAN_POINT('',(-6.,4.86960760196585,-2.48528137423857));
#5520=CARTESIAN_POINT('',(-4.24264068711928,4.83835760196585,-4.24264068711929));
#5521=CARTESIAN_POINT('',(-2.48528137423857,4.80710760196585,-6.));
#5522=CARTESIAN_POINT('',(-4.42360801272498E-16,4.77585760196585,-6.));
#5523=CARTESIAN_POINT('',(2.48528137423857,4.74460760196585,-6.));
#5524=CARTESIAN_POINT('',(4.24264068711928,4.71335760196585,-4.24264068711929));
#5525=CARTESIAN_POINT('',(6.,4.68210760196585,-2.48528137423858));
#5526=CARTESIAN_POINT('',(6.,4.65085760196585,-3.37580269651199E-15));
#5527=CARTESIAN_POINT('',(6.,4.61960760196585,2.48528137423857));
#5528=CARTESIAN_POINT('',(4.24264068711929,4.58835760196585,4.24264068711928));
#5529=CARTESIAN_POINT('',(2.48528137423857,4.55710760196585,6.));
#5530=CARTESIAN_POINT('',(2.77119698793134E-16,4.52585760196585,6.));
#5531=CARTESIAN_POINT('',(-2.48528137423857,4.49460760196585,6.));
#5532=CARTESIAN_POINT('',(-4.24264068711928,4.46335760196585,4.24264068711928));
#5533=CARTESIAN_POINT('',(-6.,4.43210760196585,2.48528137423857));
#5534=CARTESIAN_POINT('',(-6.,4.40085760196585,-1.93720374246332E-15));
#5535=CARTESIAN_POINT('',(-6.,4.36960760196585,-2.48528137423857));
#5536=CARTESIAN_POINT('',(-4.24264068711928,4.33835760196585,-4.24264068711929));
#5537=CARTESIAN_POINT('',(-2.48528137423857,4.30710760196585,-6.));
#5538=CARTESIAN_POINT('',(-4.72975960118057E-16,4.27585760196585,-6.));
#5539=CARTESIAN_POINT('',(2.48528137423857,4.24460760196585,-6.));
#5540=CARTESIAN_POINT('',(4.24264068711928,4.21335760196585,-4.24264068711929));
#5541=CARTESIAN_POINT('',(6.,4.18210760196585,-2.48528137423858));
#5542=CARTESIAN_POINT('',(6.,4.15085760196585,-3.4377571063683E-15));
#5543=CARTESIAN_POINT('',(6.,4.11960760196585,2.48528137423857));
#5544=CARTESIAN_POINT('',(4.24264068711929,4.08835760196585,4.24264068711928));
#5545=CARTESIAN_POINT('',(2.48528137423857,4.05710760196585,6.));
#5546=CARTESIAN_POINT('',(2.46504539947575E-16,4.02585760196585,6.));
#5547=CARTESIAN_POINT('',(-2.48528137423857,3.99460760196585,6.));
#5548=CARTESIAN_POINT('',(-4.24264068711928,3.96335760196585,4.24264068711928));
#5549=CARTESIAN_POINT('',(-6.,3.93210760196585,2.48528137423857));
#5550=CARTESIAN_POINT('',(-6.,3.90085760196585,-1.99915815231964E-15));
#5551=CARTESIAN_POINT('',(-6.,3.86960760196585,-2.48528137423857));
#5552=CARTESIAN_POINT('',(-4.24264068711928,3.83835760196585,-4.24264068711929));
#5553=CARTESIAN_POINT('',(-2.48528137423857,3.80710760196585,-6.));
#5554=CARTESIAN_POINT('',(-5.03591118963617E-16,3.77585760196585,-6.));
#5555=CARTESIAN_POINT('',(2.48528137423857,3.74460760196585,-6.));
#5556=CARTESIAN_POINT('',(4.24264068711928,3.71335760196585,-4.24264068711929));
#5557=CARTESIAN_POINT('',(6.,3.68210760196585,-2.48528137423858));
#5558=CARTESIAN_POINT('',(6.,3.65085760196585,-3.49971151622462E-15));
#5559=CARTESIAN_POINT('',(6.,3.61960760196585,2.48528137423857));
#5560=CARTESIAN_POINT('',(4.24264068711929,3.58835760196585,4.24264068711928));
#5561=CARTESIAN_POINT('',(2.48528137423857,3.55710760196585,6.));
#5562=CARTESIAN_POINT('',(2.15889381102015E-16,3.52585760196585,6.));
#5563=CARTESIAN_POINT('',(-2.48528137423857,3.49460760196585,6.));
#5564=CARTESIAN_POINT('',(-4.24264068711928,3.46335760196585,4.24264068711928));
#5565=CARTESIAN_POINT('',(-6.,3.43210760196585,2.48528137423857));
#5566=CARTESIAN_POINT('',(-6.,3.40085760196585,-2.06111256217595E-15));
#5567=CARTESIAN_POINT('',(-6.,3.36960760196585,-2.48528137423857));
#5568=CARTESIAN_POINT('',(-4.24264068711928,3.33835760196585,-4.24264068711929));
#5569=CARTESIAN_POINT('',(-2.48528137423857,3.30710760196585,-6.));
#5570=CARTESIAN_POINT('',(-5.34206277809176E-16,3.27585760196585,-6.));
#5571=CARTESIAN_POINT('',(2.48528137423857,3.24460760196585,-6.));
#5572=CARTESIAN_POINT('',(4.24264068711928,3.21335760196585,-4.24264068711929));
#5573=CARTESIAN_POINT('',(6.,3.18210760196585,-2.48528137423858));
#5574=CARTESIAN_POINT('',(6.,3.15085760196585,-3.56166592608093E-15));
#5575=CARTESIAN_POINT('',(6.,3.11960760196585,2.48528137423857));
#5576=CARTESIAN_POINT('',(4.24264068711929,3.08835760196585,4.24264068711928));
#5577=CARTESIAN_POINT('',(2.48528137423857,3.05710760196585,6.));
#5578=CARTESIAN_POINT('',(1.85274222256456E-16,3.02585760196585,6.));
#5579=CARTESIAN_POINT('',(-2.48528137423857,2.99460760196585,6.));
#5580=CARTESIAN_POINT('',(-4.24264068711928,2.96335760196585,4.24264068711928));
#5581=CARTESIAN_POINT('',(-6.,2.93210760196585,2.48528137423857));
#5582=CARTESIAN_POINT('',(-6.,2.90085760196585,-2.12306697203227E-15));
#5583=CARTESIAN_POINT('',(-6.,2.86960760196585,-2.48528137423857));
#5584=CARTESIAN_POINT('',(-4.24264068711928,2.83835760196585,-4.24264068711929));
#5585=CARTESIAN_POINT('',(-2.48528137423857,2.80710760196585,-6.));
#5586=CARTESIAN_POINT('',(-5.64821436654736E-16,2.77585760196585,-6.));
#5587=CARTESIAN_POINT('',(2.48528137423857,2.74460760196585,-6.));
#5588=CARTESIAN_POINT('',(4.24264068711928,2.71335760196585,-4.24264068711929));
#5589=CARTESIAN_POINT('',(6.,2.68210760196585,-2.48528137423858));
#5590=CARTESIAN_POINT('',(6.,2.65085760196585,-3.62362033593725E-15));
#5591=CARTESIAN_POINT('',(6.,2.61960760196585,2.48528137423857));
#5592=CARTESIAN_POINT('',(4.24264068711929,2.58835760196585,4.24264068711928));
#5593=CARTESIAN_POINT('',(2.48528137423857,2.55710760196585,6.));
#5594=CARTESIAN_POINT('',(1.54659063410897E-16,2.52585760196585,6.));
#5595=CARTESIAN_POINT('',(5.2205182600895,15.9609450065473,-1.69998645164731));
#5596=CARTESIAN_POINT('',(5.49033376396302,15.9480235049702,-0.871405280625615));
#5597=CARTESIAN_POINT('',(5.49033376396302,15.9360492873198,-1.88384374585958E-15));
#5598=CARTESIAN_POINT('',(5.49033376396302,15.9047992873198,2.27417070698841));
#5599=CARTESIAN_POINT('',(3.88225223547571,15.8735492873198,3.88225223547571));
#5600=CARTESIAN_POINT('',(2.27417070698841,15.8422992873198,5.49033376396302));
#5601=CARTESIAN_POINT('',(9.68115570892532E-16,15.8110492873198,5.49033376396302));
#5602=CARTESIAN_POINT('',(-2.2741707069884,15.7797992873198,5.49033376396302));
#5603=CARTESIAN_POINT('',(-3.88225223547571,15.7485492873198,3.88225223547571));
#5604=CARTESIAN_POINT('',(-5.49033376396302,15.7172992873198,2.2741707069884));
#5605=CARTESIAN_POINT('',(-5.49033376396302,15.6860492873198,-5.70077016730143E-16));
#5606=CARTESIAN_POINT('',(-5.49033376396302,15.6547992873198,-2.27417070698841));
#5607=CARTESIAN_POINT('',(-3.88225223547571,15.6235492873198,-3.88225223547571));
#5608=CARTESIAN_POINT('',(-2.2741707069884,15.5922992873198,-5.49033376396302));
#5609=CARTESIAN_POINT('',(2.80436024440958E-16,15.5610492873198,-5.49033376396302));
#5610=CARTESIAN_POINT('',(2.2741707069884,15.5297992873198,-5.49033376396302));
#5611=CARTESIAN_POINT('',(3.88225223547571,15.4985492873198,-3.88225223547571));
#5612=CARTESIAN_POINT('',(5.49033376396302,15.4672992873198,-2.27417070698841));
#5613=CARTESIAN_POINT('',(5.49033376396302,15.4360492873198,-1.94579815571589E-15));
#5614=CARTESIAN_POINT('',(5.49033376396302,15.4047992873198,2.27417070698841));
#5615=CARTESIAN_POINT('',(3.88225223547571,15.3735492873198,3.88225223547571));
#5616=CARTESIAN_POINT('',(2.27417070698841,15.3422992873198,5.49033376396302));
#5617=CARTESIAN_POINT('',(9.37500412046973E-16,15.3110492873198,5.49033376396302));
#5618=CARTESIAN_POINT('',(-2.2741707069884,15.2797992873198,5.49033376396302));
#5619=CARTESIAN_POINT('',(-3.88225223547571,15.2485492873198,3.88225223547571));
#5620=CARTESIAN_POINT('',(-5.49033376396302,15.2172992873198,2.2741707069884));
#5621=CARTESIAN_POINT('',(-5.49033376396302,15.1860492873198,-6.32031426586458E-16));
#5622=CARTESIAN_POINT('',(-5.49033376396302,15.1547992873198,-2.27417070698841));
#5623=CARTESIAN_POINT('',(-3.88225223547571,15.1235492873198,-3.88225223547571));
#5624=CARTESIAN_POINT('',(-2.2741707069884,15.0922992873198,-5.49033376396302));
#5625=CARTESIAN_POINT('',(2.49820865595398E-16,15.0610492873198,-5.49033376396302));
#5626=CARTESIAN_POINT('',(2.2741707069884,15.0297992873198,-5.49033376396302));
#5627=CARTESIAN_POINT('',(3.88225223547571,14.9985492873198,-3.88225223547571));
#5628=CARTESIAN_POINT('',(5.49033376396302,14.9672992873198,-2.27417070698841));
#5629=CARTESIAN_POINT('',(5.49033376396302,14.9360492873198,-2.00775256557221E-15));
#5630=CARTESIAN_POINT('',(5.49033376396302,14.9047992873198,2.27417070698841));
#5631=CARTESIAN_POINT('',(3.88225223547571,14.8735492873198,3.88225223547571));
#5632=CARTESIAN_POINT('',(2.27417070698841,14.8422992873198,5.49033376396302));
#5633=CARTESIAN_POINT('',(9.06885253201413E-16,14.8110492873198,5.49033376396302));
#5634=CARTESIAN_POINT('',(-2.2741707069884,14.7797992873198,5.49033376396302));
#5635=CARTESIAN_POINT('',(-3.88225223547571,14.7485492873198,3.88225223547571));
#5636=CARTESIAN_POINT('',(-5.49033376396302,14.7172992873198,2.2741707069884));
#5637=CARTESIAN_POINT('',(-5.49033376396302,14.6860492873198,-6.93985836442773E-16));
#5638=CARTESIAN_POINT('',(-5.49033376396302,14.6547992873198,-2.27417070698841));
#5639=CARTESIAN_POINT('',(-3.88225223547571,14.6235492873198,-3.88225223547571));
#5640=CARTESIAN_POINT('',(-2.2741707069884,14.5922992873198,-5.49033376396302));
#5641=CARTESIAN_POINT('',(2.19205706749839E-16,14.5610492873198,-5.49033376396302));
#5642=CARTESIAN_POINT('',(2.2741707069884,14.5297992873198,-5.49033376396302));
#5643=CARTESIAN_POINT('',(3.88225223547571,14.4985492873198,-3.88225223547571));
#5644=CARTESIAN_POINT('',(5.49033376396302,14.4672992873198,-2.27417070698841));
#5645=CARTESIAN_POINT('',(5.49033376396302,14.4360492873198,-2.06970697542852E-15));
#5646=CARTESIAN_POINT('',(5.49033376396302,14.4047992873198,2.2741707069884));
#5647=CARTESIAN_POINT('',(3.88225223547571,14.3735492873198,3.88225223547571));
#5648=CARTESIAN_POINT('',(2.27417070698841,14.3422992873198,5.49033376396302));
#5649=CARTESIAN_POINT('',(8.76270094355854E-16,14.3110492873198,5.49033376396302));
#5650=CARTESIAN_POINT('',(-2.2741707069884,14.2797992873198,5.49033376396302));
#5651=CARTESIAN_POINT('',(-3.88225223547571,14.2485492873198,3.88225223547571));
#5652=CARTESIAN_POINT('',(-5.49033376396302,14.2172992873198,2.2741707069884));
#5653=CARTESIAN_POINT('',(-5.49033376396302,14.1860492873198,-7.55940246299087E-16));
#5654=CARTESIAN_POINT('',(-5.49033376396302,14.1547992873198,-2.27417070698841));
#5655=CARTESIAN_POINT('',(-3.88225223547571,14.1235492873198,-3.88225223547571));
#5656=CARTESIAN_POINT('',(-2.2741707069884,14.0922992873198,-5.49033376396302));
#5657=CARTESIAN_POINT('',(1.88590547904279E-16,14.0610492873198,-5.49033376396302));
#5658=CARTESIAN_POINT('',(2.2741707069884,14.0297992873198,-5.49033376396302));
#5659=CARTESIAN_POINT('',(3.88225223547571,13.9985492873198,-3.88225223547571));
#5660=CARTESIAN_POINT('',(5.49033376396302,13.9672992873198,-2.27417070698841));
#5661=CARTESIAN_POINT('',(5.49033376396302,13.9360492873198,-2.13166138528483E-15));
#5662=CARTESIAN_POINT('',(5.49033376396302,13.9047992873198,2.2741707069884));
#5663=CARTESIAN_POINT('',(3.88225223547571,13.8735492873198,3.88225223547571));
#5664=CARTESIAN_POINT('',(2.27417070698841,13.8422992873198,5.49033376396302));
#5665=CARTESIAN_POINT('',(8.45654935510294E-16,13.8110492873198,5.49033376396302));
#5666=CARTESIAN_POINT('',(-2.2741707069884,13.7797992873198,5.49033376396302));
#5667=CARTESIAN_POINT('',(-3.88225223547571,13.7485492873198,3.88225223547571));
#5668=CARTESIAN_POINT('',(-5.49033376396302,13.7172992873198,2.2741707069884));
#5669=CARTESIAN_POINT('',(-5.49033376396302,13.6860492873198,-8.17894656155402E-16));
#5670=CARTESIAN_POINT('',(-5.49033376396302,13.6547992873198,-2.27417070698841));
#5671=CARTESIAN_POINT('',(-3.88225223547571,13.6235492873198,-3.88225223547571));
#5672=CARTESIAN_POINT('',(-2.2741707069884,13.5922992873198,-5.49033376396302));
#5673=CARTESIAN_POINT('',(1.5797538905872E-16,13.5610492873198,-5.49033376396302));
#5674=CARTESIAN_POINT('',(2.2741707069884,13.5297992873198,-5.49033376396302));
#5675=CARTESIAN_POINT('',(3.88225223547571,13.4985492873198,-3.88225223547571));
#5676=CARTESIAN_POINT('',(5.49033376396302,13.4672992873198,-2.27417070698841));
#5677=CARTESIAN_POINT('',(5.49033376396302,13.4360492873198,-2.19361579514115E-15));
#5678=CARTESIAN_POINT('',(5.49033376396302,13.4047992873198,2.2741707069884));
#5679=CARTESIAN_POINT('',(3.88225223547571,13.3735492873198,3.88225223547571));
#5680=CARTESIAN_POINT('',(2.27417070698841,13.3422992873198,5.49033376396302));
#5681=CARTESIAN_POINT('',(8.15039776664735E-16,13.3110492873198,5.49033376396302));
#5682=CARTESIAN_POINT('',(-2.2741707069884,13.2797992873198,5.49033376396302));
#5683=CARTESIAN_POINT('',(-3.88225223547571,13.2485492873198,3.88225223547571));
#5684=CARTESIAN_POINT('',(-5.49033376396302,13.2172992873198,2.2741707069884));
#5685=CARTESIAN_POINT('',(-5.49033376396302,13.1860492873198,-8.79849066011716E-16));
#5686=CARTESIAN_POINT('',(-5.49033376396302,13.1547992873198,-2.27417070698841));
#5687=CARTESIAN_POINT('',(-3.88225223547571,13.1235492873198,-3.88225223547571));
#5688=CARTESIAN_POINT('',(-2.2741707069884,13.0922992873198,-5.49033376396302));
#5689=CARTESIAN_POINT('',(1.2736023021316E-16,13.0610492873198,-5.49033376396302));
#5690=CARTESIAN_POINT('',(2.2741707069884,13.0297992873198,-5.49033376396302));
#5691=CARTESIAN_POINT('',(3.88225223547571,12.9985492873198,-3.88225223547571));
#5692=CARTESIAN_POINT('',(5.49033376396302,12.9672992873198,-2.27417070698841));
#5693=CARTESIAN_POINT('',(5.49033376396302,12.9360492873198,-2.25557020499746E-15));
#5694=CARTESIAN_POINT('',(5.49033376396302,12.9047992873198,2.2741707069884));
#5695=CARTESIAN_POINT('',(3.88225223547571,12.8735492873198,3.88225223547571));
#5696=CARTESIAN_POINT('',(2.27417070698841,12.8422992873198,5.49033376396302));
#5697=CARTESIAN_POINT('',(7.84424617819176E-16,12.8110492873198,5.49033376396302));
#5698=CARTESIAN_POINT('',(-2.2741707069884,12.7797992873198,5.49033376396302));
#5699=CARTESIAN_POINT('',(-3.88225223547571,12.7485492873198,3.88225223547571));
#5700=CARTESIAN_POINT('',(-5.49033376396302,12.7172992873198,2.2741707069884));
#5701=CARTESIAN_POINT('',(-5.49033376396302,12.6860492873198,-9.41803475868031E-16));
#5702=CARTESIAN_POINT('',(-5.49033376396302,12.6547992873198,-2.27417070698841));
#5703=CARTESIAN_POINT('',(-3.88225223547571,12.6235492873198,-3.88225223547571));
#5704=CARTESIAN_POINT('',(-2.2741707069884,12.5922992873198,-5.49033376396302));
#5705=CARTESIAN_POINT('',(9.6745071367601E-17,12.5610492873198,-5.49033376396302));
#5706=CARTESIAN_POINT('',(2.2741707069884,12.5297992873198,-5.49033376396302));
#5707=CARTESIAN_POINT('',(3.88225223547571,12.4985492873198,-3.88225223547571));
#5708=CARTESIAN_POINT('',(5.49033376396302,12.4672992873198,-2.27417070698841));
#5709=CARTESIAN_POINT('',(5.49033376396302,12.4360492873198,-2.31752461485378E-15));
#5710=CARTESIAN_POINT('',(5.49033376396302,12.4047992873198,2.2741707069884));
#5711=CARTESIAN_POINT('',(3.88225223547571,12.3735492873198,3.88225223547571));
#5712=CARTESIAN_POINT('',(2.27417070698841,12.3422992873198,5.49033376396301));
#5713=CARTESIAN_POINT('',(7.53809458973616E-16,12.3110492873198,5.49033376396302));
#5714=CARTESIAN_POINT('',(-2.2741707069884,12.2797992873198,5.49033376396302));
#5715=CARTESIAN_POINT('',(-3.88225223547571,12.2485492873198,3.88225223547571));
#5716=CARTESIAN_POINT('',(-5.49033376396302,12.2172992873198,2.2741707069884));
#5717=CARTESIAN_POINT('',(-5.49033376396302,12.1860492873198,-1.00375788572435E-15));
#5718=CARTESIAN_POINT('',(-5.49033376396302,12.1547992873198,-2.27417070698841));
#5719=CARTESIAN_POINT('',(-3.88225223547571,12.1235492873198,-3.88225223547571));
#5720=CARTESIAN_POINT('',(-2.2741707069884,12.0922992873198,-5.49033376396302));
#5721=CARTESIAN_POINT('',(6.61299125220415E-17,12.0610492873198,-5.49033376396302));
#5722=CARTESIAN_POINT('',(2.2741707069884,12.0297992873198,-5.49033376396302));
#5723=CARTESIAN_POINT('',(3.88225223547571,11.9985492873198,-3.88225223547571));
#5724=CARTESIAN_POINT('',(5.49033376396302,11.9672992873198,-2.27417070698841));
#5725=CARTESIAN_POINT('',(5.49033376396302,11.9360492873198,-2.37947902471009E-15));
#5726=CARTESIAN_POINT('',(5.49033376396302,11.9047992873198,2.2741707069884));
#5727=CARTESIAN_POINT('',(3.88225223547571,11.8735492873198,3.88225223547571));
#5728=CARTESIAN_POINT('',(2.27417070698841,11.8422992873198,5.49033376396301));
#5729=CARTESIAN_POINT('',(7.23194300128057E-16,11.8110492873198,5.49033376396302));
#5730=CARTESIAN_POINT('',(-2.2741707069884,11.7797992873198,5.49033376396302));
#5731=CARTESIAN_POINT('',(-3.88225223547571,11.7485492873198,3.88225223547571));
#5732=CARTESIAN_POINT('',(-5.49033376396302,11.7172992873198,2.2741707069884));
#5733=CARTESIAN_POINT('',(-5.49033376396302,11.6860492873198,-1.06571229558066E-15));
#5734=CARTESIAN_POINT('',(-5.49033376396302,11.6547992873198,-2.27417070698841));
#5735=CARTESIAN_POINT('',(-3.88225223547571,11.6235492873198,-3.88225223547571));
#5736=CARTESIAN_POINT('',(-2.2741707069884,11.5922992873198,-5.49033376396302));
#5737=CARTESIAN_POINT('',(3.55147536764821E-17,11.5610492873198,-5.49033376396302));
#5738=CARTESIAN_POINT('',(2.2741707069884,11.5297992873198,-5.49033376396302));
#5739=CARTESIAN_POINT('',(3.88225223547571,11.4985492873198,-3.88225223547571));
#5740=CARTESIAN_POINT('',(5.49033376396302,11.4672992873198,-2.27417070698841));
#5741=CARTESIAN_POINT('',(5.49033376396302,11.4360492873198,-2.44143343456641E-15));
#5742=CARTESIAN_POINT('',(5.49033376396302,11.4047992873198,2.2741707069884));
#5743=CARTESIAN_POINT('',(3.88225223547571,11.3735492873198,3.88225223547571));
#5744=CARTESIAN_POINT('',(2.27417070698841,11.3422992873198,5.49033376396301));
#5745=CARTESIAN_POINT('',(6.92579141282497E-16,11.3110492873198,5.49033376396302));
#5746=CARTESIAN_POINT('',(-2.2741707069884,11.2797992873198,5.49033376396302));
#5747=CARTESIAN_POINT('',(-3.88225223547571,11.2485492873198,3.88225223547571));
#5748=CARTESIAN_POINT('',(-5.49033376396302,11.2172992873198,2.2741707069884));
#5749=CARTESIAN_POINT('',(-5.49033376396302,11.1860492873198,-1.12766670543697E-15));
#5750=CARTESIAN_POINT('',(-5.49033376396302,11.1547992873198,-2.27417070698841));
#5751=CARTESIAN_POINT('',(-3.88225223547571,11.1235492873198,-3.88225223547571));
#5752=CARTESIAN_POINT('',(-2.2741707069884,11.0922992873198,-5.49033376396302));
#5753=CARTESIAN_POINT('',(4.89959483092267E-18,11.0610492873198,-5.49033376396302));
#5754=CARTESIAN_POINT('',(2.2741707069884,11.0297992873198,-5.49033376396302));
#5755=CARTESIAN_POINT('',(3.88225223547571,10.9985492873198,-3.88225223547571));
#5756=CARTESIAN_POINT('',(5.49033376396302,10.9672992873198,-2.27417070698841));
#5757=CARTESIAN_POINT('',(5.49033376396302,10.9360492873198,-2.50338784442272E-15));
#5758=CARTESIAN_POINT('',(5.49033376396302,10.9047992873198,2.2741707069884));
#5759=CARTESIAN_POINT('',(3.88225223547571,10.8735492873198,3.88225223547571));
#5760=CARTESIAN_POINT('',(2.27417070698841,10.8422992873198,5.49033376396301));
#5761=CARTESIAN_POINT('',(6.61963982436938E-16,10.8110492873198,5.49033376396302));
#5762=CARTESIAN_POINT('',(-2.2741707069884,10.7797992873198,5.49033376396302));
#5763=CARTESIAN_POINT('',(-3.88225223547571,10.7485492873198,3.88225223547571));
#5764=CARTESIAN_POINT('',(-5.49033376396302,10.7172992873198,2.2741707069884));
#5765=CARTESIAN_POINT('',(-5.49033376396302,10.6860492873198,-1.18962111529329E-15));
#5766=CARTESIAN_POINT('',(-5.49033376396302,10.6547992873198,-2.27417070698841));
#5767=CARTESIAN_POINT('',(-3.88225223547571,10.6235492873198,-3.88225223547571));
#5768=CARTESIAN_POINT('',(-2.2741707069884,10.5922992873198,-5.49033376396302));
#5769=CARTESIAN_POINT('',(-2.57155640146368E-17,10.5610492873198,-5.49033376396302));
#5770=CARTESIAN_POINT('',(2.2741707069884,10.5297992873198,-5.49033376396302));
#5771=CARTESIAN_POINT('',(3.88225223547571,10.4985492873198,-3.88225223547571));
#5772=CARTESIAN_POINT('',(5.49033376396302,10.4672992873198,-2.27417070698841));
#5773=CARTESIAN_POINT('',(5.49033376396302,10.4360492873198,-2.56534225427904E-15));
#5774=CARTESIAN_POINT('',(5.49033376396302,10.4047992873198,2.2741707069884));
#5775=CARTESIAN_POINT('',(3.88225223547571,10.3735492873198,3.88225223547571));
#5776=CARTESIAN_POINT('',(2.27417070698841,10.3422992873198,5.49033376396301));
#5777=CARTESIAN_POINT('',(6.31348823591378E-16,10.3110492873198,5.49033376396302));
#5778=CARTESIAN_POINT('',(-2.2741707069884,10.2797992873198,5.49033376396302));
#5779=CARTESIAN_POINT('',(-3.88225223547571,10.2485492873198,3.88225223547571));
#5780=CARTESIAN_POINT('',(-5.49033376396302,10.2172992873198,2.2741707069884));
#5781=CARTESIAN_POINT('',(-5.49033376396302,10.1860492873198,-1.2515755251496E-15));
#5782=CARTESIAN_POINT('',(-5.49033376396302,10.1547992873198,-2.27417070698841));
#5783=CARTESIAN_POINT('',(-3.88225223547571,10.1235492873198,-3.88225223547571));
#5784=CARTESIAN_POINT('',(-2.2741707069884,10.0922992873198,-5.49033376396302));
#5785=CARTESIAN_POINT('',(-5.63307228601962E-17,10.0610492873198,-5.49033376396302));
#5786=CARTESIAN_POINT('',(2.2741707069884,10.0297992873198,-5.49033376396302));
#5787=CARTESIAN_POINT('',(3.88225223547571,9.99854928731984,-3.88225223547571));
#5788=CARTESIAN_POINT('',(5.49033376396302,9.96729928731984,-2.27417070698841));
#5789=CARTESIAN_POINT('',(5.49033376396302,9.93604928731984,-2.62729666413535E-15));
#5790=CARTESIAN_POINT('',(5.49033376396302,9.90479928731984,2.2741707069884));
#5791=CARTESIAN_POINT('',(3.88225223547571,9.87354928731984,3.88225223547571));
#5792=CARTESIAN_POINT('',(2.27417070698841,9.84229928731984,5.49033376396301));
#5793=CARTESIAN_POINT('',(6.00733664745819E-16,9.81104928731984,5.49033376396302));
#5794=CARTESIAN_POINT('',(-2.2741707069884,9.77979928731984,5.49033376396302));
#5795=CARTESIAN_POINT('',(-3.88225223547571,9.74854928731984,3.88225223547571));
#5796=CARTESIAN_POINT('',(-5.49033376396302,9.71729928731984,2.2741707069884));
#5797=CARTESIAN_POINT('',(-5.49033376396302,9.68604928731984,-1.31352993500592E-15));
#5798=CARTESIAN_POINT('',(-5.49033376396302,9.65479928731984,-2.27417070698841));
#5799=CARTESIAN_POINT('',(-3.88225223547571,9.62354928731984,-3.88225223547571));
#5800=CARTESIAN_POINT('',(-2.2741707069884,9.59229928731984,-5.49033376396302));
#5801=CARTESIAN_POINT('',(-8.69458817057556E-17,9.56104928731984,-5.49033376396302));
#5802=CARTESIAN_POINT('',(2.2741707069884,9.52979928731984,-5.49033376396302));
#5803=CARTESIAN_POINT('',(3.88225223547571,9.49854928731984,-3.88225223547571));
#5804=CARTESIAN_POINT('',(5.49033376396302,9.46729928731984,-2.27417070698841));
#5805=CARTESIAN_POINT('',(5.49033376396302,9.43604928731984,-2.68925107399167E-15));
#5806=CARTESIAN_POINT('',(5.49033376396302,9.40479928731984,2.2741707069884));
#5807=CARTESIAN_POINT('',(3.88225223547571,9.37354928731984,3.88225223547571));
#5808=CARTESIAN_POINT('',(2.27417070698841,9.34229928731984,5.49033376396301));
#5809=CARTESIAN_POINT('',(5.70118505900259E-16,9.31104928731984,5.49033376396302));
#5810=CARTESIAN_POINT('',(-2.2741707069884,9.27979928731984,5.49033376396302));
#5811=CARTESIAN_POINT('',(-3.88225223547571,9.24854928731984,3.88225223547571));
#5812=CARTESIAN_POINT('',(-5.49033376396302,9.21729928731984,2.2741707069884));
#5813=CARTESIAN_POINT('',(-5.49033376396302,9.18604928731984,-1.37548434486223E-15));
#5814=CARTESIAN_POINT('',(-5.49033376396302,9.15479928731984,-2.27417070698841));
#5815=CARTESIAN_POINT('',(-3.88225223547571,9.12354928731984,-3.88225223547571));
#5816=CARTESIAN_POINT('',(-2.2741707069884,9.09229928731984,-5.49033376396302));
#5817=CARTESIAN_POINT('',(-1.17561040551315E-16,9.06104928731984,-5.49033376396302));
#5818=CARTESIAN_POINT('',(2.2741707069884,9.02979928731984,-5.49033376396302));
#5819=CARTESIAN_POINT('',(3.88225223547571,8.99854928731984,-3.88225223547571));
#5820=CARTESIAN_POINT('',(5.49033376396302,8.96729928731984,-2.27417070698841));
#5821=CARTESIAN_POINT('',(5.49033376396302,8.93604928731984,-2.75120548384798E-15));
#5822=CARTESIAN_POINT('',(5.49033376396302,8.90479928731984,2.2741707069884));
#5823=CARTESIAN_POINT('',(3.88225223547571,8.87354928731984,3.88225223547571));
#5824=CARTESIAN_POINT('',(2.27417070698841,8.84229928731984,5.49033376396301));
#5825=CARTESIAN_POINT('',(5.395033470547E-16,8.81104928731984,5.49033376396302));
#5826=CARTESIAN_POINT('',(-2.2741707069884,8.77979928731984,5.49033376396302));
#5827=CARTESIAN_POINT('',(-3.88225223547571,8.74854928731984,3.88225223547571));
#5828=CARTESIAN_POINT('',(-5.49033376396302,8.71729928731984,2.2741707069884));
#5829=CARTESIAN_POINT('',(-5.49033376396302,8.68604928731984,-1.43743875471855E-15));
#5830=CARTESIAN_POINT('',(-5.49033376396302,8.65479928731984,-2.27417070698841));
#5831=CARTESIAN_POINT('',(-3.88225223547571,8.62354928731984,-3.88225223547571));
#5832=CARTESIAN_POINT('',(-2.2741707069884,8.59229928731984,-5.49033376396302));
#5833=CARTESIAN_POINT('',(-1.48176199396874E-16,8.56104928731984,-5.49033376396302));
#5834=CARTESIAN_POINT('',(2.2741707069884,8.52979928731984,-5.49033376396302));
#5835=CARTESIAN_POINT('',(3.88225223547571,8.49854928731984,-3.88225223547571));
#5836=CARTESIAN_POINT('',(5.49033376396302,8.46729928731984,-2.27417070698841));
#5837=CARTESIAN_POINT('',(5.49033376396302,8.43604928731984,-2.81315989370429E-15));
#5838=CARTESIAN_POINT('',(5.49033376396302,8.40479928731984,2.2741707069884));
#5839=CARTESIAN_POINT('',(3.88225223547571,8.37354928731984,3.88225223547571));
#5840=CARTESIAN_POINT('',(2.27417070698841,8.34229928731984,5.49033376396301));
#5841=CARTESIAN_POINT('',(5.08888188209141E-16,8.31104928731984,5.49033376396302));
#5842=CARTESIAN_POINT('',(-2.2741707069884,8.27979928731984,5.49033376396302));
#5843=CARTESIAN_POINT('',(-3.88225223547571,8.24854928731984,3.88225223547571));
#5844=CARTESIAN_POINT('',(-5.49033376396302,8.21729928731984,2.2741707069884));
#5845=CARTESIAN_POINT('',(-5.49033376396302,8.18604928731984,-1.49939316457486E-15));
#5846=CARTESIAN_POINT('',(-5.49033376396302,8.15479928731984,-2.27417070698841));
#5847=CARTESIAN_POINT('',(-3.88225223547571,8.12354928731984,-3.88225223547571));
#5848=CARTESIAN_POINT('',(-2.2741707069884,8.09229928731984,-5.49033376396302));
#5849=CARTESIAN_POINT('',(-1.78791358242434E-16,8.06104928731984,-5.49033376396302));
#5850=CARTESIAN_POINT('',(2.2741707069884,8.02979928731984,-5.49033376396302));
#5851=CARTESIAN_POINT('',(3.88225223547571,7.99854928731984,-3.88225223547571));
#5852=CARTESIAN_POINT('',(5.49033376396302,7.96729928731984,-2.27417070698841));
#5853=CARTESIAN_POINT('',(5.49033376396302,7.93604928731984,-2.87511430356061E-15));
#5854=CARTESIAN_POINT('',(5.49033376396302,7.90479928731984,2.2741707069884));
#5855=CARTESIAN_POINT('',(3.88225223547571,7.87354928731984,3.88225223547571));
#5856=CARTESIAN_POINT('',(2.27417070698841,7.84229928731984,5.49033376396301));
#5857=CARTESIAN_POINT('',(4.78273029363581E-16,7.81104928731984,5.49033376396302));
#5858=CARTESIAN_POINT('',(-2.2741707069884,7.77979928731984,5.49033376396302));
#5859=CARTESIAN_POINT('',(-3.88225223547571,7.74854928731984,3.88225223547571));
#5860=CARTESIAN_POINT('',(-5.49033376396302,7.71729928731984,2.2741707069884));
#5861=CARTESIAN_POINT('',(-5.49033376396302,7.68604928731984,-1.56134757443118E-15));
#5862=CARTESIAN_POINT('',(-5.49033376396302,7.65479928731984,-2.27417070698841));
#5863=CARTESIAN_POINT('',(-3.88225223547571,7.62354928731984,-3.88225223547571));
#5864=CARTESIAN_POINT('',(-2.2741707069884,7.59229928731984,-5.49033376396302));
#5865=CARTESIAN_POINT('',(-2.09406517087993E-16,7.56104928731984,-5.49033376396302));
#5866=CARTESIAN_POINT('',(2.2741707069884,7.52979928731984,-5.49033376396302));
#5867=CARTESIAN_POINT('',(3.88225223547571,7.49854928731984,-3.88225223547571));
#5868=CARTESIAN_POINT('',(5.49033376396302,7.46729928731984,-2.27417070698841));
#5869=CARTESIAN_POINT('',(5.49033376396302,7.43604928731984,-2.93706871341692E-15));
#5870=CARTESIAN_POINT('',(5.49033376396302,7.40479928731984,2.2741707069884));
#5871=CARTESIAN_POINT('',(3.88225223547571,7.37354928731984,3.88225223547571));
#5872=CARTESIAN_POINT('',(2.27417070698841,7.34229928731984,5.49033376396301));
#5873=CARTESIAN_POINT('',(4.47657870518022E-16,7.31104928731984,5.49033376396302));
#5874=CARTESIAN_POINT('',(-2.2741707069884,7.27979928731984,5.49033376396302));
#5875=CARTESIAN_POINT('',(-3.88225223547571,7.24854928731984,3.88225223547571));
#5876=CARTESIAN_POINT('',(-5.49033376396302,7.21729928731984,2.2741707069884));
#5877=CARTESIAN_POINT('',(-5.49033376396302,7.18604928731984,-1.62330198428749E-15));
#5878=CARTESIAN_POINT('',(-5.49033376396302,7.15479928731984,-2.27417070698841));
#5879=CARTESIAN_POINT('',(-3.88225223547571,7.12354928731984,-3.88225223547571));
#5880=CARTESIAN_POINT('',(-2.2741707069884,7.09229928731984,-5.49033376396302));
#5881=CARTESIAN_POINT('',(-2.40021675933553E-16,7.06104928731984,-5.49033376396302));
#5882=CARTESIAN_POINT('',(2.2741707069884,7.02979928731984,-5.49033376396302));
#5883=CARTESIAN_POINT('',(3.88225223547571,6.99854928731984,-3.88225223547571));
#5884=CARTESIAN_POINT('',(5.49033376396302,6.96729928731984,-2.27417070698841));
#5885=CARTESIAN_POINT('',(5.49033376396302,6.93604928731984,-2.99902312327324E-15));
#5886=CARTESIAN_POINT('',(5.49033376396302,6.90479928731984,2.2741707069884));
#5887=CARTESIAN_POINT('',(3.88225223547571,6.87354928731984,3.88225223547571));
#5888=CARTESIAN_POINT('',(2.27417070698841,6.84229928731984,5.49033376396301));
#5889=CARTESIAN_POINT('',(4.17042711672462E-16,6.81104928731984,5.49033376396302));
#5890=CARTESIAN_POINT('',(-2.2741707069884,6.77979928731984,5.49033376396302));
#5891=CARTESIAN_POINT('',(-3.88225223547571,6.74854928731984,3.88225223547571));
#5892=CARTESIAN_POINT('',(-5.49033376396302,6.71729928731984,2.2741707069884));
#5893=CARTESIAN_POINT('',(-5.49033376396302,6.68604928731984,-1.68525639414381E-15));
#5894=CARTESIAN_POINT('',(-5.49033376396302,6.65479928731984,-2.27417070698841));
#5895=CARTESIAN_POINT('',(-3.88225223547571,6.62354928731984,-3.88225223547571));
#5896=CARTESIAN_POINT('',(-2.2741707069884,6.59229928731984,-5.49033376396302));
#5897=CARTESIAN_POINT('',(-2.70636834779112E-16,6.56104928731984,-5.49033376396302));
#5898=CARTESIAN_POINT('',(2.2741707069884,6.52979928731984,-5.49033376396302));
#5899=CARTESIAN_POINT('',(3.88225223547571,6.49854928731984,-3.88225223547571));
#5900=CARTESIAN_POINT('',(5.49033376396302,6.46729928731984,-2.27417070698841));
#5901=CARTESIAN_POINT('',(5.49033376396302,6.43604928731984,-3.06097753312955E-15));
#5902=CARTESIAN_POINT('',(5.49033376396302,6.40479928731984,2.2741707069884));
#5903=CARTESIAN_POINT('',(3.88225223547571,6.37354928731984,3.88225223547571));
#5904=CARTESIAN_POINT('',(2.27417070698841,6.34229928731984,5.49033376396301));
#5905=CARTESIAN_POINT('',(3.86427552826903E-16,6.31104928731984,5.49033376396302));
#5906=CARTESIAN_POINT('',(-2.2741707069884,6.27979928731984,5.49033376396302));
#5907=CARTESIAN_POINT('',(-3.88225223547571,6.24854928731984,3.88225223547571));
#5908=CARTESIAN_POINT('',(-5.49033376396302,6.21729928731984,2.2741707069884));
#5909=CARTESIAN_POINT('',(-5.49033376396302,6.18604928731984,-1.74721080400012E-15));
#5910=CARTESIAN_POINT('',(-5.49033376396302,6.15479928731984,-2.27417070698841));
#5911=CARTESIAN_POINT('',(-3.88225223547571,6.12354928731984,-3.88225223547571));
#5912=CARTESIAN_POINT('',(-2.2741707069884,6.09229928731984,-5.49033376396302));
#5913=CARTESIAN_POINT('',(-3.01251993624672E-16,6.06104928731984,-5.49033376396302));
#5914=CARTESIAN_POINT('',(2.2741707069884,6.02979928731984,-5.49033376396302));
#5915=CARTESIAN_POINT('',(3.88225223547571,5.99854928731984,-3.88225223547571));
#5916=CARTESIAN_POINT('',(5.49033376396302,5.96729928731984,-2.27417070698841));
#5917=CARTESIAN_POINT('',(5.49033376396302,5.93604928731984,-3.12293194298587E-15));
#5918=CARTESIAN_POINT('',(5.49033376396302,5.90479928731984,2.2741707069884));
#5919=CARTESIAN_POINT('',(3.88225223547571,5.87354928731984,3.88225223547571));
#5920=CARTESIAN_POINT('',(2.27417070698841,5.84229928731984,5.49033376396301));
#5921=CARTESIAN_POINT('',(3.55812393981344E-16,5.81104928731984,5.49033376396301));
#5922=CARTESIAN_POINT('',(-2.2741707069884,5.77979928731984,5.49033376396301));
#5923=CARTESIAN_POINT('',(-3.88225223547571,5.74854928731984,3.88225223547571));
#5924=CARTESIAN_POINT('',(-5.49033376396302,5.71729928731984,2.2741707069884));
#5925=CARTESIAN_POINT('',(-5.49033376396302,5.68604928731984,-1.80916521385643E-15));
#5926=CARTESIAN_POINT('',(-5.49033376396302,5.65479928731984,-2.27417070698841));
#5927=CARTESIAN_POINT('',(-3.88225223547571,5.62354928731984,-3.88225223547571));
#5928=CARTESIAN_POINT('',(-2.27417070698841,5.59229928731984,-5.49033376396302));
#5929=CARTESIAN_POINT('',(-3.31867152470231E-16,5.56104928731984,-5.49033376396302));
#5930=CARTESIAN_POINT('',(2.2741707069884,5.52979928731984,-5.49033376396302));
#5931=CARTESIAN_POINT('',(3.88225223547571,5.49854928731984,-3.88225223547571));
#5932=CARTESIAN_POINT('',(5.49033376396302,5.46729928731984,-2.27417070698841));
#5933=CARTESIAN_POINT('',(5.49033376396302,5.43604928731984,-3.18488635284218E-15));
#5934=CARTESIAN_POINT('',(5.49033376396302,5.40479928731984,2.2741707069884));
#5935=CARTESIAN_POINT('',(3.88225223547571,5.37354928731984,3.88225223547571));
#5936=CARTESIAN_POINT('',(2.27417070698841,5.34229928731984,5.49033376396301));
#5937=CARTESIAN_POINT('',(3.25197235135784E-16,5.31104928731984,5.49033376396301));
#5938=CARTESIAN_POINT('',(-2.2741707069884,5.27979928731984,5.49033376396301));
#5939=CARTESIAN_POINT('',(-3.88225223547571,5.24854928731984,3.88225223547571));
#5940=CARTESIAN_POINT('',(-5.49033376396302,5.21729928731984,2.2741707069884));
#5941=CARTESIAN_POINT('',(-5.49033376396302,5.18604928731984,-1.87111962371275E-15));
#5942=CARTESIAN_POINT('',(-5.49033376396302,5.15479928731984,-2.27417070698841));
#5943=CARTESIAN_POINT('',(-3.88225223547571,5.12354928731984,-3.88225223547571));
#5944=CARTESIAN_POINT('',(-2.27417070698841,5.09229928731984,-5.49033376396302));
#5945=CARTESIAN_POINT('',(-3.62482311315791E-16,5.06104928731984,-5.49033376396302));
#5946=CARTESIAN_POINT('',(2.2741707069884,5.02979928731984,-5.49033376396302));
#5947=CARTESIAN_POINT('',(3.88225223547571,4.99854928731984,-3.88225223547571));
#5948=CARTESIAN_POINT('',(5.49033376396302,4.96729928731984,-2.27417070698841));
#5949=CARTESIAN_POINT('',(5.49033376396302,4.93604928731984,-3.2468407626985E-15));
#5950=CARTESIAN_POINT('',(5.49033376396302,4.90479928731984,2.2741707069884));
#5951=CARTESIAN_POINT('',(3.88225223547571,4.87354928731984,3.88225223547571));
#5952=CARTESIAN_POINT('',(2.27417070698841,4.84229928731984,5.49033376396301));
#5953=CARTESIAN_POINT('',(2.94582076290225E-16,4.81104928731984,5.49033376396301));
#5954=CARTESIAN_POINT('',(-2.2741707069884,4.77979928731984,5.49033376396301));
#5955=CARTESIAN_POINT('',(-3.88225223547571,4.74854928731984,3.88225223547571));
#5956=CARTESIAN_POINT('',(-5.49033376396302,4.71729928731984,2.2741707069884));
#5957=CARTESIAN_POINT('',(-5.49033376396302,4.68604928731984,-1.93307403356906E-15));
#5958=CARTESIAN_POINT('',(-5.49033376396302,4.65479928731984,-2.27417070698841));
#5959=CARTESIAN_POINT('',(-3.88225223547571,4.62354928731984,-3.88225223547571));
#5960=CARTESIAN_POINT('',(-2.27417070698841,4.59229928731984,-5.49033376396302));
#5961=CARTESIAN_POINT('',(-3.9309747016135E-16,4.56104928731984,-5.49033376396302));
#5962=CARTESIAN_POINT('',(2.2741707069884,4.52979928731984,-5.49033376396302));
#5963=CARTESIAN_POINT('',(3.88225223547571,4.49854928731984,-3.88225223547571));
#5964=CARTESIAN_POINT('',(5.49033376396302,4.46729928731984,-2.27417070698841));
#5965=CARTESIAN_POINT('',(5.49033376396302,4.43604928731984,-3.30879517255481E-15));
#5966=CARTESIAN_POINT('',(5.49033376396302,4.40479928731984,2.2741707069884));
#5967=CARTESIAN_POINT('',(3.88225223547571,4.37354928731984,3.88225223547571));
#5968=CARTESIAN_POINT('',(2.27417070698841,4.34229928731984,5.49033376396301));
#5969=CARTESIAN_POINT('',(2.63966917444665E-16,4.31104928731984,5.49033376396301));
#5970=CARTESIAN_POINT('',(-2.2741707069884,4.27979928731984,5.49033376396301));
#5971=CARTESIAN_POINT('',(-3.88225223547571,4.24854928731984,3.88225223547571));
#5972=CARTESIAN_POINT('',(-5.49033376396302,4.21729928731984,2.2741707069884));
#5973=CARTESIAN_POINT('',(-5.49033376396302,4.18604928731984,-1.99502844342538E-15));
#5974=CARTESIAN_POINT('',(-5.49033376396302,4.15479928731984,-2.27417070698841));
#5975=CARTESIAN_POINT('',(-3.88225223547571,4.12354928731984,-3.88225223547571));
#5976=CARTESIAN_POINT('',(-2.27417070698841,4.09229928731984,-5.49033376396302));
#5977=CARTESIAN_POINT('',(-4.23712629006909E-16,4.06104928731984,-5.49033376396302));
#5978=CARTESIAN_POINT('',(2.2741707069884,4.02979928731984,-5.49033376396302));
#5979=CARTESIAN_POINT('',(3.88225223547571,3.99854928731984,-3.88225223547571));
#5980=CARTESIAN_POINT('',(5.49033376396302,3.96729928731984,-2.27417070698841));
#5981=CARTESIAN_POINT('',(5.49033376396302,3.93604928731984,-3.37074958241113E-15));
#5982=CARTESIAN_POINT('',(5.49033376396302,3.90479928731984,2.2741707069884));
#5983=CARTESIAN_POINT('',(3.88225223547571,3.87354928731984,3.88225223547571));
#5984=CARTESIAN_POINT('',(2.27417070698841,3.84229928731984,5.49033376396301));
#5985=CARTESIAN_POINT('',(2.33351758599106E-16,3.81104928731984,5.49033376396301));
#5986=CARTESIAN_POINT('',(-2.2741707069884,3.77979928731984,5.49033376396301));
#5987=CARTESIAN_POINT('',(-3.88225223547571,3.74854928731984,3.88225223547571));
#5988=CARTESIAN_POINT('',(-5.49033376396302,3.71729928731984,2.2741707069884));
#5989=CARTESIAN_POINT('',(-5.49033376396302,3.68604928731984,-2.05698285328169E-15));
#5990=CARTESIAN_POINT('',(-5.49033376396302,3.65479928731984,-2.27417070698841));
#5991=CARTESIAN_POINT('',(-3.88225223547571,3.62354928731984,-3.88225223547571));
#5992=CARTESIAN_POINT('',(-2.27417070698841,3.59229928731984,-5.49033376396302));
#5993=CARTESIAN_POINT('',(-4.54327787852469E-16,3.56104928731984,-5.49033376396302));
#5994=CARTESIAN_POINT('',(2.2741707069884,3.52979928731984,-5.49033376396302));
#5995=CARTESIAN_POINT('',(3.88225223547571,3.49854928731984,-3.88225223547571));
#5996=CARTESIAN_POINT('',(5.49033376396302,3.46729928731984,-2.27417070698841));
#5997=CARTESIAN_POINT('',(5.49033376396302,3.43604928731984,-3.43270399226744E-15));
#5998=CARTESIAN_POINT('',(5.49033376396302,3.40479928731984,2.2741707069884));
#5999=CARTESIAN_POINT('',(3.88225223547571,3.37354928731984,3.88225223547571));
#6000=CARTESIAN_POINT('',(2.27417070698841,3.34229928731984,5.49033376396301));
#6001=CARTESIAN_POINT('',(2.02736599753546E-16,3.31104928731984,5.49033376396301));
#6002=CARTESIAN_POINT('',(-2.2741707069884,3.27979928731984,5.49033376396301));
#6003=CARTESIAN_POINT('',(-3.88225223547571,3.24854928731984,3.88225223547571));
#6004=CARTESIAN_POINT('',(-5.49033376396302,3.21729928731984,2.2741707069884));
#6005=CARTESIAN_POINT('',(-5.49033376396302,3.18604928731984,-2.11893726313801E-15));
#6006=CARTESIAN_POINT('',(-5.49033376396302,3.15479928731984,-2.27417070698841));
#6007=CARTESIAN_POINT('',(-3.88225223547571,3.12354928731984,-3.88225223547571));
#6008=CARTESIAN_POINT('',(-2.27417070698841,3.09229928731984,-5.49033376396302));
#6009=CARTESIAN_POINT('',(-4.84942946698028E-16,3.06104928731984,-5.49033376396302));
#6010=CARTESIAN_POINT('',(2.2741707069884,3.02979928731984,-5.49033376396302));
#6011=CARTESIAN_POINT('',(3.88225223547571,2.99854928731984,-3.88225223547571));
#6012=CARTESIAN_POINT('',(5.49033376396302,2.96729928731984,-2.27417070698841));
#6013=CARTESIAN_POINT('',(5.49033376396302,2.93604928731984,-3.49465840212375E-15));
#6014=CARTESIAN_POINT('',(5.49033376396302,2.90479928731984,2.2741707069884));
#6015=CARTESIAN_POINT('',(3.88225223547571,2.87354928731984,3.88225223547571));
#6016=CARTESIAN_POINT('',(2.27417070698841,2.84229928731984,5.49033376396301));
#6017=CARTESIAN_POINT('',(1.72121440907987E-16,2.81104928731984,5.49033376396301));
#6018=CARTESIAN_POINT('',(-2.2741707069884,2.77979928731984,5.49033376396301));
#6019=CARTESIAN_POINT('',(-3.88225223547571,2.74854928731984,3.88225223547571));
#6020=CARTESIAN_POINT('',(-5.49033376396302,2.71729928731984,2.2741707069884));
#6021=CARTESIAN_POINT('',(-5.49033376396302,2.68604928731984,-2.18089167299432E-15));
#6022=CARTESIAN_POINT('',(-5.49033376396302,2.65479928731984,-2.27417070698841));
#6023=CARTESIAN_POINT('',(-3.88225223547571,2.62354928731984,-3.88225223547571));
#6024=CARTESIAN_POINT('',(-2.27417070698841,2.59229928731984,-5.49033376396302));
#6025=CARTESIAN_POINT('',(-5.15558105543588E-16,2.56104928731984,-5.49033376396302));
#6026=CARTESIAN_POINT('',(2.2741707069884,2.52979928731984,-5.49033376396302));
#6027=CARTESIAN_POINT('',(3.88225223547571,2.49854928731984,-3.88225223547571));
#6028=CARTESIAN_POINT('',(5.49033376396302,2.46729928731984,-2.27417070698841));
#6029=CARTESIAN_POINT('',(5.49033376396302,2.43604928731984,-3.55661281198007E-15));
#6030=CARTESIAN_POINT('',(5.49033376396302,2.40479928731984,2.2741707069884));
#6031=CARTESIAN_POINT('',(3.88225223547571,2.37354928731984,3.88225223547571));
#6032=CARTESIAN_POINT('',(2.27417070698841,2.34229928731984,5.49033376396301));
#6033=CARTESIAN_POINT('',(1.41506282062427E-16,2.31104928731984,5.49033376396301));
#6034=CARTESIAN_POINT('',(2.12686784144762E-13,2.53604928731984,6.02418136337878));
#6035=CARTESIAN_POINT('',(-8.57224447675564E-16,-14.,-1.73472347597681E-15));
#6036=CARTESIAN_POINT('',(11.685063508752,20.1427677628226,4.74937771167274));
#6037=CARTESIAN_POINT('',(11.685063508752,20.1427677628226,4.74937771167274));
#6038=CARTESIAN_POINT('',(11.685063508752,20.1427677628226,6.33911525232182));
#6039=CARTESIAN_POINT('',(11.685063508752,20.1427677628226,-4.74937771167274));
#6040=CARTESIAN_POINT('',(11.685063508752,20.1427677628226,-4.74937771167274));
#6041=CARTESIAN_POINT('',(11.685063508752,20.1427677628226,-6.33911525232182));
#6042=CARTESIAN_POINT('',(2.45165196558176E-17,0.400398374208872,-3.70591964228217E-15));
#6043=CARTESIAN_POINT('',(2.45165196558176E-17,0.400398374208872,-3.70591964228217E-15));
#6044=CARTESIAN_POINT('',(1.17203217521741E-15,19.1413701481971,-6.61743493914327E-16));
#6045=CARTESIAN_POINT('',(1.17203217521741E-15,19.1413701481971,-6.61743493914327E-16));
#6046=CARTESIAN_POINT('',(7.70371977754894E-31,0.,-3.77095806159742E-15));
#6047=CARTESIAN_POINT('',(1.41252437644792E-15,23.0690355645957,-2.37560126053203E-17));
#6048=CARTESIAN_POINT('',(3.69167197160846E-16,6.02915697780857,-2.79161632372207E-15));
#6049=CARTESIAN_POINT('',(3.22903795527373E-16,5.27359333910835,-2.91434575500469E-15));
#6050=CARTESIAN_POINT('',(3.22903795527373E-16,5.27359333910835,-7.21159100435452));
#6051=CARTESIAN_POINT('',(3.69167197160846E-16,6.02915697780857,-2.79161632372207E-15));
#6052=CARTESIAN_POINT('',(3.69167197160846E-16,6.02915697780857,-6.05374869285178));
#6053=CARTESIAN_POINT('',(3.22903795527373E-16,5.27359333910835,-2.91434575500469E-15));
#6054=CARTESIAN_POINT('',(3.49167418425617E-16,5.70252501688819,-2.84467254923267E-15));
#6055=CARTESIAN_POINT('',(3.49167418425617E-16,5.70252501688819,-7.49149542311471));
#6056=CARTESIAN_POINT('',(3.49167418425617E-16,5.70252501688819,-2.84467254923267E-15));
#6057=CARTESIAN_POINT('',(3.9543082005909E-16,6.45808865558841,-2.72194311795005E-15));
#6058=CARTESIAN_POINT('',(3.9543082005909E-16,6.45808865558841,-6.33365311161196));
#6059=CARTESIAN_POINT('',(3.9543082005909E-16,6.45808865558841,-2.72194311795005E-15));
#6060=CARTESIAN_POINT('',(7.36347081476526E-16,12.0258576019659,7.09494565277716));
#6061=CARTESIAN_POINT('',(7.36347081476526E-16,12.0258576019659,-1.81754661009605E-15));
#6062=CARTESIAN_POINT('',(-1.9897607547119,12.0258576019659,6.81022069795611));
#6063=CARTESIAN_POINT('',(-6.81022069764817,12.0258576019659,1.98976075576587));
#6064=CARTESIAN_POINT('',(-1.9897607547119,12.0258576019659,5.83763502594122));
#6065=CARTESIAN_POINT('',(-1.9897607547119,12.0258576019659,5.70677764194389));
#6066=CARTESIAN_POINT('',(7.36347081476526E-16,12.0258576019659,-1.81754661009605E-15));
#6067=CARTESIAN_POINT('',(-5.7067776415764,12.0258576019659,1.98976075576587));
#6068=CARTESIAN_POINT('',(-6.92024404167764,12.0258576019659,1.98976075576587));
#6069=CARTESIAN_POINT('',(6.96990232299764E-16,11.3830902497646,7.19700132545969));
#6070=CARTESIAN_POINT('',(6.96990232299765E-16,11.3830902497646,-1.921954058446E-15));
#6071=CARTESIAN_POINT('',(-1.92565029589894,11.3830902497646,6.93460157590707));
#6072=CARTESIAN_POINT('',(-6.93460157590242,11.3830902497646,1.92565029591571));
#6073=CARTESIAN_POINT('',(-0.023065481900225,11.3830902497646,-7.21444293209346));
#6074=CARTESIAN_POINT('',(-6.97092532940198,11.3830902497646,1.97368628803986));
#6075=CARTESIAN_POINT('',(6.96990232299765E-16,11.3830902497646,-1.921954058446E-15));
#6076=CARTESIAN_POINT('',(-1.9736862880208,11.3830902497646,6.97092532940738));
#6077=CARTESIAN_POINT('',(-1.94318356712019,11.3830902497646,6.94785984733569));
#6078=CARTESIAN_POINT('',(6.73533494602311E-17,1.09999999999999,-3.59228035995057E-15));
#6079=CARTESIAN_POINT('',(7.0392754499035E-16,11.4963889055969,-1.90355047351529E-15));
#6080=CARTESIAN_POINT('',(-1.92565029589894,11.4963889055969,6.93460157590707));
#6081=CARTESIAN_POINT('',(-6.93460157590242,11.4963889055969,1.92565029591571));
#6082=CARTESIAN_POINT('',(-6.93460157590242,11.4963889055969,1.92565029591571));
#6083=CARTESIAN_POINT('',(-1.92565029589894,11.3830902497646,6.93460157590707));
#6084=CARTESIAN_POINT('',(7.03927544990349E-16,11.4963889055969,7.24494565277716));
#6085=CARTESIAN_POINT('',(7.0392754499035E-16,11.4963889055969,-1.90355047351529E-15));
#6086=CARTESIAN_POINT('',(-1.9736862880208,11.4963889055969,6.97092532940738));
#6087=CARTESIAN_POINT('',(-6.97092532940198,11.4963889055969,1.97368628803986));
#6088=CARTESIAN_POINT('',(3.73125996502173E-12,11.4963889055969,-7.24494565277433));
#6089=CARTESIAN_POINT('',(-1.97368628779955,11.4963889055969,6.97092532924007));
#6090=CARTESIAN_POINT('',(7.27162533822859E-16,11.8758576019659,-1.73472347597681E-15));
#6091=CARTESIAN_POINT('',(7.27162533822858E-16,11.8758576019659,-1.84191175122971E-15));
#6092=CARTESIAN_POINT('',(-1.9736862880208,11.8758576019659,6.97092532940738));
#6093=CARTESIAN_POINT('',(-6.97092532940198,11.8758576019659,1.97368628803986));
#6094=CARTESIAN_POINT('',(-1.9736862880208,11.8758576019659,6.97092532940738));
#6095=CARTESIAN_POINT('',(-1.9736862880208,11.9131920653631,6.97092532940737));
#6096=CARTESIAN_POINT('',(-1.95902938175412,11.9484920323616,6.95984210146119));
#6097=CARTESIAN_POINT('',(-1.9374565760935,11.9735534233475,6.94352922354376));
#6098=CARTESIAN_POINT('',(-1.93745657609335,11.9735534233473,6.94352922354365));
#6099=CARTESIAN_POINT('',(-1.93745657609335,11.9735534233473,6.94352922354365));
#6100=CARTESIAN_POINT('',(-1.96567387818224,12.0017707254362,6.91051113545717));
#6101=CARTESIAN_POINT('',(-1.9897607547119,12.0258576019659,6.86348399827119));
#6102=CARTESIAN_POINT('',(-1.9897607547119,12.0258576019659,6.81022069795611));
#6103=CARTESIAN_POINT('',(-6.81022069764817,12.0258576019659,1.98976075576587));
#6104=CARTESIAN_POINT('',(-6.86344467147613,12.0258576019659,1.98976075576587));
#6105=CARTESIAN_POINT('',(-6.91031992036687,12.0019341380558,1.96583729179651));
#6106=CARTESIAN_POINT('',(-6.94352922385607,11.9735534228599,1.93745657653022));
#6107=CARTESIAN_POINT('',(-6.94352922385607,11.9735534228599,1.93745657653022));
#6108=CARTESIAN_POINT('',(-6.94352922385608,11.97355342286,1.93745657653026));
#6109=CARTESIAN_POINT('',(-6.95981491347822,11.948533800895,1.95899342729748));
#6110=CARTESIAN_POINT('',(-6.97092532940493,11.913177812913,1.97368628804376));
#6111=CARTESIAN_POINT('',(-6.97092532940519,11.8758576019672,1.97368628804411));
#6112=CARTESIAN_POINT('',(6.73533494602311E-17,1.09999999999999,-3.59228035995057E-15));
#6113=CARTESIAN_POINT('',(-6.97092532940198,1.09999999999999,1.97368628803986));
#6114=CARTESIAN_POINT('',(-1.9736862880208,1.09999999999999,6.97092532940737));
#6115=CARTESIAN_POINT('',(1.56476075471189,11.6008576019659,6.92024404167765));
#6116=CARTESIAN_POINT('',(4.38547146017122E-15,10.0360968511345,1.63020610805987E-15));
#6117=CARTESIAN_POINT('',(1.56476075471189,11.6008576019659,5.83763502594123));
#6118=CARTESIAN_POINT('',(1.98976075576587,12.0258576019659,5.70677764157641));
#6119=CARTESIAN_POINT('',(1.56476075471189,11.6008576019659,5.83763502594123));
#6120=CARTESIAN_POINT('',(1.56476075471189,11.6008576019659,6.66170489665034));
#6121=CARTESIAN_POINT('',(1.64077801902907,11.6768748660945,6.71918746854419));
#6122=CARTESIAN_POINT('',(1.93745657653022,11.9735534228599,6.94352922385608));
#6123=CARTESIAN_POINT('',(1.98976075576587,12.0258576019659,6.81022069764817));
#6124=CARTESIAN_POINT('',(1.98976075576587,12.0258576019659,6.86344467147614));
#6125=CARTESIAN_POINT('',(1.9658372917965,12.0019341380558,6.91031992036687));
#6126=CARTESIAN_POINT('',(1.93745657653022,11.9735534228599,6.94352922385607));
#6127=CARTESIAN_POINT('',(1.98976075576587,12.0258576019659,6.81022069764817));
#6128=CARTESIAN_POINT('',(1.98976075576587,12.0258576019659,6.92024404167764));
#6129=CARTESIAN_POINT('',(1.56476075471189,1.09999999999999,6.66170489665034));
#6130=CARTESIAN_POINT('',(-7.24494565277433,11.4963889055969,-3.72913225486384E-12));
#6131=CARTESIAN_POINT('',(1.97368628803986,11.4963889055969,6.97092532940198));
#6132=CARTESIAN_POINT('',(1.92565029591571,11.4963889055969,6.93460157590242));
#6133=CARTESIAN_POINT('',(1.97368628803986,1.09999999999999,6.97092532940198));
#6134=CARTESIAN_POINT('',(1.97368628803986,11.8758576019659,6.97092532940198));
#6135=CARTESIAN_POINT('',(1.93745657653026,11.97355342286,6.94352922385608));
#6136=CARTESIAN_POINT('',(1.95899342729748,11.948533800895,6.95981491347822));
#6137=CARTESIAN_POINT('',(1.97368628804376,11.913177812913,6.97092532940493));
#6138=CARTESIAN_POINT('',(1.9736862880441,11.8758576019672,6.97092532940519));
#6139=CARTESIAN_POINT('',(1.56476075471189,11.8758576019659,6.66170489665034));
#6140=CARTESIAN_POINT('',(1.56476075471189,10.3300534694856,6.66170489665034));
#6141=CARTESIAN_POINT('',(-2.63562968236865,10.3300534694856,3.48546266469806));
#6142=CARTESIAN_POINT('',(1.97368628803986,10.3300534694856,6.97092532940198));
#6143=CARTESIAN_POINT('',(1.97368628803986,11.3830902497646,6.97092532940198));
#6144=CARTESIAN_POINT('',(1.97368628803986,11.3830902497646,6.97092532940198));
#6145=CARTESIAN_POINT('',(-7.21444293209346,11.3830902497646,0.0230654819002271));
#6146=CARTESIAN_POINT('',(1.92565029591571,11.3830902497646,6.93460157590242));
#6147=CARTESIAN_POINT('',(1.92565029591571,11.4963889055969,6.93460157590242));
#6148=CARTESIAN_POINT('',(-1.5647607547119,11.6008576019659,5.83763502594122));
#6149=CARTESIAN_POINT('',(-1.3224626800727,11.3585595273267,6.47848445822319));
#6150=CARTESIAN_POINT('',(-1.5647607547119,11.6008576019659,6.66170489664913));
#6151=CARTESIAN_POINT('',(-1.5647607547119,11.6008576019659,6.92024404167759));
#6152=CARTESIAN_POINT('',(-1.5647607547119,11.6008576019659,5.83763502594122));
#6153=CARTESIAN_POINT('',(4.38547145993361E-15,10.036096847254,1.63020610742954E-15));
#6154=CARTESIAN_POINT('',(-1.5647607547119,1.09999999999999,6.66170489664913));
#6155=CARTESIAN_POINT('',(-1.9736862880208,10.3300534694856,6.97092532940738));
#6156=CARTESIAN_POINT('',(-1.9736862880208,10.3300534694856,6.97092532940738));
#6157=CARTESIAN_POINT('',(2.63562968237818,10.3300534694856,3.48546266447374));
#6158=CARTESIAN_POINT('',(-1.5647607547119,10.3300534694856,6.66170489664913));
#6159=CARTESIAN_POINT('',(-1.5647607547119,11.4963889055969,6.66170489664913));
#6160=CARTESIAN_POINT('',(1.56476075471189,13.7216617344461,6.92024404167765));
#6161=CARTESIAN_POINT('',(1.56476075471189,10.3300534694856,6.92024404167765));
#6162=CARTESIAN_POINT('',(1.56476075471189,10.3300534694856,5.83763502594123));
#6163=CARTESIAN_POINT('',(1.56476075471189,13.7216617344461,5.83763502594123));
#6164=CARTESIAN_POINT('',(-1.5647607547119,13.7216617344461,5.83763502594122));
#6165=CARTESIAN_POINT('',(-1.5647607547119,10.3300534694856,5.83763502594122));
#6166=CARTESIAN_POINT('',(-1.5647607547119,10.3300534694856,5.83763502594122));
#6167=CARTESIAN_POINT('',(-1.5647607547119,13.7216617344461,5.83763502594122));
#6168=CARTESIAN_POINT('',(4.40347051730026E-15,10.3300534694856,1.67795473801519E-15));
#6169=CARTESIAN_POINT('',(4.40347051730026E-15,10.3300534694856,1.67795473801519E-15));
#6170=CARTESIAN_POINT('',(4.40347051730026E-15,10.3300534694856,1.67795473801519E-15));
#6171=CARTESIAN_POINT('',(7.36347081476526E-16,12.0258576019659,7.09494565277716));
#6172=CARTESIAN_POINT('',(7.36347081476526E-16,12.0258576019659,-1.81754661009605E-15));
#6173=CARTESIAN_POINT('',(-6.81022069795611,12.0258576019659,-1.98976075471189));
#6174=CARTESIAN_POINT('',(-1.98976075576587,12.0258576019659,-6.81022069764817));
#6175=CARTESIAN_POINT('',(-5.83763502594122,12.0258576019659,-1.98976075471189));
#6176=CARTESIAN_POINT('',(-5.70677764194389,12.0258576019659,-1.98976075471189));
#6177=CARTESIAN_POINT('',(7.36347081476526E-16,12.0258576019659,-1.81754661009605E-15));
#6178=CARTESIAN_POINT('',(-1.98976075576587,12.0258576019659,-5.7067776415764));
#6179=CARTESIAN_POINT('',(-1.98976075576587,12.0258576019659,-6.92024404167764));
#6180=CARTESIAN_POINT('',(6.96990232299764E-16,11.3830902497646,7.19700132545969));
#6181=CARTESIAN_POINT('',(6.96990232299765E-16,11.3830902497646,-1.921954058446E-15));
#6182=CARTESIAN_POINT('',(-6.93460157590707,11.3830902497646,-1.92565029589894));
#6183=CARTESIAN_POINT('',(-1.92565029591571,11.3830902497646,-6.93460157590242));
#6184=CARTESIAN_POINT('',(7.21444293209346,11.3830902497646,-0.0230654819002243));
#6185=CARTESIAN_POINT('',(-1.97368628803986,11.3830902497646,-6.97092532940198));
#6186=CARTESIAN_POINT('',(6.96990232299765E-16,11.3830902497646,-1.921954058446E-15));
#6187=CARTESIAN_POINT('',(-6.97092532940737,11.3830902497646,-1.9736862880208));
#6188=CARTESIAN_POINT('',(-6.94785984733569,11.3830902497646,-1.94318356712019));
#6189=CARTESIAN_POINT('',(6.73533494602311E-17,1.09999999999999,-3.59228035995057E-15));
#6190=CARTESIAN_POINT('',(7.0392754499035E-16,11.4963889055969,-1.90355047351529E-15));
#6191=CARTESIAN_POINT('',(-6.93460157590707,11.4963889055969,-1.92565029589894));
#6192=CARTESIAN_POINT('',(-1.92565029591571,11.4963889055969,-6.93460157590241));
#6193=CARTESIAN_POINT('',(-1.92565029591571,11.4963889055969,-6.93460157590242));
#6194=CARTESIAN_POINT('',(-6.93460157590707,11.3830902497646,-1.92565029589894));
#6195=CARTESIAN_POINT('',(7.03927544990349E-16,11.4963889055969,7.24494565277716));
#6196=CARTESIAN_POINT('',(7.0392754499035E-16,11.4963889055969,-1.90355047351529E-15));
#6197=CARTESIAN_POINT('',(-6.97092532940737,11.4963889055969,-1.9736862880208));
#6198=CARTESIAN_POINT('',(-1.97368628803986,11.4963889055969,-6.97092532940198));
#6199=CARTESIAN_POINT('',(7.24494565277433,11.4963889055969,3.73197982008964E-12));
#6200=CARTESIAN_POINT('',(-6.97092532924007,11.4963889055969,-1.97368628779955));
#6201=CARTESIAN_POINT('',(7.27162533822859E-16,11.8758576019659,-1.73472347597681E-15));
#6202=CARTESIAN_POINT('',(7.27162533822858E-16,11.8758576019659,-1.84191175122971E-15));
#6203=CARTESIAN_POINT('',(-6.97092532940737,11.8758576019659,-1.9736862880208));
#6204=CARTESIAN_POINT('',(-1.97368628803986,11.8758576019659,-6.97092532940198));
#6205=CARTESIAN_POINT('',(-6.97092532940737,11.8758576019659,-1.9736862880208));
#6206=CARTESIAN_POINT('',(-6.97092532940737,11.9131920653631,-1.9736862880208));
#6207=CARTESIAN_POINT('',(-6.95984210146119,11.9484920323616,-1.95902938175413));
#6208=CARTESIAN_POINT('',(-6.94352922354376,11.9735534233475,-1.9374565760935));
#6209=CARTESIAN_POINT('',(-6.94352922354365,11.9735534233473,-1.93745657609335));
#6210=CARTESIAN_POINT('',(-6.94352922354365,11.9735534233473,-1.93745657609335));
#6211=CARTESIAN_POINT('',(-6.91051113545717,12.0017707254362,-1.96567387818224));
#6212=CARTESIAN_POINT('',(-6.86348399827119,12.0258576019659,-1.98976075471189));
#6213=CARTESIAN_POINT('',(-6.81022069795611,12.0258576019659,-1.98976075471189));
#6214=CARTESIAN_POINT('',(-1.98976075576587,12.0258576019659,-6.81022069764817));
#6215=CARTESIAN_POINT('',(-1.98976075576587,12.0258576019659,-6.86344467147613));
#6216=CARTESIAN_POINT('',(-1.96583729179651,12.0019341380558,-6.91031992036687));
#6217=CARTESIAN_POINT('',(-1.93745657653022,11.9735534228599,-6.94352922385607));
#6218=CARTESIAN_POINT('',(-1.93745657653022,11.9735534228599,-6.94352922385607));
#6219=CARTESIAN_POINT('',(-1.93745657653026,11.97355342286,-6.94352922385608));
#6220=CARTESIAN_POINT('',(-1.95899342729748,11.948533800895,-6.95981491347822));
#6221=CARTESIAN_POINT('',(-1.97368628804376,11.913177812913,-6.97092532940493));
#6222=CARTESIAN_POINT('',(-1.9736862880441,11.8758576019672,-6.97092532940519));
#6223=CARTESIAN_POINT('',(6.73533494602311E-17,1.09999999999999,-3.59228035995057E-15));
#6224=CARTESIAN_POINT('',(-1.97368628803986,1.09999999999999,-6.97092532940198));
#6225=CARTESIAN_POINT('',(-6.97092532940737,1.09999999999999,-1.9736862880208));
#6226=CARTESIAN_POINT('',(-6.92024404167765,11.6008576019659,1.5647607547119));
#6227=CARTESIAN_POINT('',(6.14513398573801E-16,10.0360968511345,5.40116416965729E-15));
#6228=CARTESIAN_POINT('',(-5.83763502594122,11.6008576019659,1.56476075471189));
#6229=CARTESIAN_POINT('',(-5.83763502594122,11.6008576019659,1.5647607547119));
#6230=CARTESIAN_POINT('',(-6.66170489665034,11.6008576019659,1.5647607547119));
#6231=CARTESIAN_POINT('',(-6.71918746854418,11.6768748660945,1.64077801902908));
#6232=CARTESIAN_POINT('',(-6.66170489665034,1.09999999999999,1.56476075471189));
#6233=CARTESIAN_POINT('',(-6.66170489665034,11.8758576019659,1.5647607547119));
#6234=CARTESIAN_POINT('',(-6.66170489665034,10.3300534694856,1.5647607547119));
#6235=CARTESIAN_POINT('',(-3.48546266469806,10.3300534694856,-2.63562968236865));
#6236=CARTESIAN_POINT('',(-6.97092532940198,10.3300534694856,1.97368628803986));
#6237=CARTESIAN_POINT('',(-6.97092532940198,11.3830902497646,1.97368628803986));
#6238=CARTESIAN_POINT('',(-5.83763502594122,11.6008576019659,-1.56476075471189));
#6239=CARTESIAN_POINT('',(-6.47848445822318,11.3585595273267,-1.3224626800727));
#6240=CARTESIAN_POINT('',(-6.66170489664913,11.6008576019659,-1.56476075471189));
#6241=CARTESIAN_POINT('',(-6.92024404167759,11.6008576019659,-1.56476075471189));
#6242=CARTESIAN_POINT('',(-5.83763502594122,11.6008576019659,-1.56476075471189));
#6243=CARTESIAN_POINT('',(6.14513398336194E-16,10.036096847254,5.40116416902696E-15));
#6244=CARTESIAN_POINT('',(-6.66170489664913,1.09999999999999,-1.5647607547119));
#6245=CARTESIAN_POINT('',(-6.97092532940737,10.3300534694856,-1.9736862880208));
#6246=CARTESIAN_POINT('',(-6.97092532940737,10.3300534694856,-1.9736862880208));
#6247=CARTESIAN_POINT('',(-3.48546266447374,10.3300534694856,2.63562968237818));
#6248=CARTESIAN_POINT('',(-6.66170489664913,10.3300534694856,-1.56476075471189));
#6249=CARTESIAN_POINT('',(-6.66170489664913,11.4963889055969,-1.56476075471189));
#6250=CARTESIAN_POINT('',(-6.92024404167765,13.7216617344461,1.5647607547119));
#6251=CARTESIAN_POINT('',(-6.92024404167765,10.3300534694856,1.5647607547119));
#6252=CARTESIAN_POINT('',(-5.83763502594122,10.3300534694856,1.56476075471189));
#6253=CARTESIAN_POINT('',(-5.83763502594122,13.7216617344461,1.56476075471189));
#6254=CARTESIAN_POINT('',(-5.83763502594122,13.7216617344461,-1.56476075471189));
#6255=CARTESIAN_POINT('',(-5.83763502594122,10.3300534694856,-1.56476075471189));
#6256=CARTESIAN_POINT('',(-5.83763502594122,10.3300534694856,-1.56476075471189));
#6257=CARTESIAN_POINT('',(-5.83763502594122,13.7216617344461,-1.56476075471189));
#6258=CARTESIAN_POINT('',(6.32512455702844E-16,10.3300534694856,5.44891279961261E-15));
#6259=CARTESIAN_POINT('',(6.32512455702844E-16,10.3300534694856,5.44891279961261E-15));
#6260=CARTESIAN_POINT('',(6.32512455702844E-16,10.3300534694856,5.44891279961261E-15));
#6261=CARTESIAN_POINT('',(7.36347081476526E-16,12.0258576019659,7.09494565277716));
#6262=CARTESIAN_POINT('',(7.36347081476526E-16,12.0258576019659,-1.81754661009605E-15));
#6263=CARTESIAN_POINT('',(1.9897607547119,12.0258576019659,-6.81022069795611));
#6264=CARTESIAN_POINT('',(6.81022069764817,12.0258576019659,-1.98976075576587));
#6265=CARTESIAN_POINT('',(1.9897607547119,12.0258576019659,-5.83763502594122));
#6266=CARTESIAN_POINT('',(1.9897607547119,12.0258576019659,-5.70677764194389));
#6267=CARTESIAN_POINT('',(7.36347081476526E-16,12.0258576019659,-1.81754661009605E-15));
#6268=CARTESIAN_POINT('',(5.70677764157641,12.0258576019659,-1.98976075576587));
#6269=CARTESIAN_POINT('',(6.92024404167764,12.0258576019659,-1.98976075576587));
#6270=CARTESIAN_POINT('',(6.96990232299764E-16,11.3830902497646,7.19700132545969));
#6271=CARTESIAN_POINT('',(6.96990232299765E-16,11.3830902497646,-1.921954058446E-15));
#6272=CARTESIAN_POINT('',(1.92565029589894,11.3830902497646,-6.93460157590707));
#6273=CARTESIAN_POINT('',(6.93460157590242,11.3830902497646,-1.92565029591571));
#6274=CARTESIAN_POINT('',(0.0230654819002273,11.3830902497646,7.21444293209346));
#6275=CARTESIAN_POINT('',(6.97092532940198,11.3830902497646,-1.97368628803986));
#6276=CARTESIAN_POINT('',(6.96990232299765E-16,11.3830902497646,-1.921954058446E-15));
#6277=CARTESIAN_POINT('',(1.9736862880208,11.3830902497646,-6.97092532940737));
#6278=CARTESIAN_POINT('',(1.94318356712019,11.3830902497646,-6.94785984733569));
#6279=CARTESIAN_POINT('',(6.73533494602311E-17,1.09999999999999,-3.59228035995057E-15));
#6280=CARTESIAN_POINT('',(7.0392754499035E-16,11.4963889055969,-1.90355047351529E-15));
#6281=CARTESIAN_POINT('',(1.92565029589894,11.4963889055969,-6.93460157590707));
#6282=CARTESIAN_POINT('',(6.93460157590242,11.4963889055969,-1.92565029591571));
#6283=CARTESIAN_POINT('',(6.93460157590242,11.4963889055969,-1.92565029591571));
#6284=CARTESIAN_POINT('',(1.92565029589894,11.3830902497646,-6.93460157590707));
#6285=CARTESIAN_POINT('',(7.03927544990349E-16,11.4963889055969,7.24494565277716));
#6286=CARTESIAN_POINT('',(7.0392754499035E-16,11.4963889055969,-1.90355047351529E-15));
#6287=CARTESIAN_POINT('',(1.9736862880208,11.4963889055969,-6.97092532940737));
#6288=CARTESIAN_POINT('',(6.97092532940198,11.4963889055969,-1.97368628803986));
#6289=CARTESIAN_POINT('',(-3.72896485998138E-12,11.4963889055969,7.24494565277434));
#6290=CARTESIAN_POINT('',(1.97368628779955,11.4963889055969,-6.97092532924007));
#6291=CARTESIAN_POINT('',(7.27162533822859E-16,11.8758576019659,-1.73472347597681E-15));
#6292=CARTESIAN_POINT('',(7.27162533822858E-16,11.8758576019659,-1.84191175122971E-15));
#6293=CARTESIAN_POINT('',(1.9736862880208,11.8758576019659,-6.97092532940737));
#6294=CARTESIAN_POINT('',(6.97092532940198,11.8758576019659,-1.97368628803986));
#6295=CARTESIAN_POINT('',(1.9736862880208,11.8758576019659,-6.97092532940737));
#6296=CARTESIAN_POINT('',(1.9736862880208,11.9131920653631,-6.97092532940737));
#6297=CARTESIAN_POINT('',(1.95902938175413,11.9484920323616,-6.95984210146119));
#6298=CARTESIAN_POINT('',(1.9374565760935,11.9735534233475,-6.94352922354376));
#6299=CARTESIAN_POINT('',(1.93745657609335,11.9735534233473,-6.94352922354364));
#6300=CARTESIAN_POINT('',(1.93745657609335,11.9735534233473,-6.94352922354365));
#6301=CARTESIAN_POINT('',(1.96567387818224,12.0017707254362,-6.91051113545717));
#6302=CARTESIAN_POINT('',(1.9897607547119,12.0258576019659,-6.86348399827119));
#6303=CARTESIAN_POINT('',(1.9897607547119,12.0258576019659,-6.81022069795611));
#6304=CARTESIAN_POINT('',(6.81022069764817,12.0258576019659,-1.98976075576587));
#6305=CARTESIAN_POINT('',(6.86344467147614,12.0258576019659,-1.98976075576587));
#6306=CARTESIAN_POINT('',(6.91031992036687,12.0019341380558,-1.9658372917965));
#6307=CARTESIAN_POINT('',(6.94352922385608,11.9735534228599,-1.93745657653022));
#6308=CARTESIAN_POINT('',(6.94352922385607,11.9735534228599,-1.93745657653022));
#6309=CARTESIAN_POINT('',(6.94352922385609,11.97355342286,-1.93745657653026));
#6310=CARTESIAN_POINT('',(6.95981491347822,11.948533800895,-1.95899342729748));
#6311=CARTESIAN_POINT('',(6.97092532940493,11.913177812913,-1.97368628804376));
#6312=CARTESIAN_POINT('',(6.97092532940519,11.8758576019672,-1.9736862880441));
#6313=CARTESIAN_POINT('',(6.73533494602311E-17,1.09999999999999,-3.59228035995057E-15));
#6314=CARTESIAN_POINT('',(6.97092532940198,1.09999999999999,-1.97368628803986));
#6315=CARTESIAN_POINT('',(1.9736862880208,1.09999999999999,-6.97092532940737));
#6316=CARTESIAN_POINT('',(-1.56476075471189,11.6008576019659,-6.92024404167765));
#6317=CARTESIAN_POINT('',(-3.15644466302362E-15,10.0360968511345,1.63020610805987E-15));
#6318=CARTESIAN_POINT('',(-1.56476075471189,11.6008576019659,-5.83763502594122));
#6319=CARTESIAN_POINT('',(-1.56476075471189,11.6008576019659,-5.83763502594122));
#6320=CARTESIAN_POINT('',(-1.56476075471189,11.6008576019659,-6.66170489665034));
#6321=CARTESIAN_POINT('',(-1.64077801902907,11.6768748660945,-6.71918746854418));
#6322=CARTESIAN_POINT('',(-1.56476075471189,1.09999999999999,-6.66170489665034));
#6323=CARTESIAN_POINT('',(-1.56476075471189,11.8758576019659,-6.66170489665034));
#6324=CARTESIAN_POINT('',(-1.56476075471189,10.3300534694856,-6.66170489665034));
#6325=CARTESIAN_POINT('',(2.63562968236865,10.3300534694856,-3.48546266469806));
#6326=CARTESIAN_POINT('',(-1.97368628803986,10.3300534694856,-6.97092532940198));
#6327=CARTESIAN_POINT('',(-1.97368628803986,11.3830902497646,-6.97092532940198));
#6328=CARTESIAN_POINT('',(1.5647607547119,11.6008576019659,-5.83763502594122));
#6329=CARTESIAN_POINT('',(1.3224626800727,11.3585595273267,-6.47848445822318));
#6330=CARTESIAN_POINT('',(1.5647607547119,11.6008576019659,-6.66170489664913));
#6331=CARTESIAN_POINT('',(1.5647607547119,11.6008576019659,-6.92024404167759));
#6332=CARTESIAN_POINT('',(1.5647607547119,11.6008576019659,-5.83763502594122));
#6333=CARTESIAN_POINT('',(-3.15644466326122E-15,10.036096847254,1.63020610742954E-15));
#6334=CARTESIAN_POINT('',(1.5647607547119,1.09999999999999,-6.66170489664913));
#6335=CARTESIAN_POINT('',(1.9736862880208,10.3300534694856,-6.97092532940737));
#6336=CARTESIAN_POINT('',(1.9736862880208,10.3300534694856,-6.97092532940737));
#6337=CARTESIAN_POINT('',(-2.63562968237818,10.3300534694856,-3.48546266447374));
#6338=CARTESIAN_POINT('',(1.5647607547119,10.3300534694856,-6.66170489664913));
#6339=CARTESIAN_POINT('',(1.5647607547119,11.4963889055969,-6.66170489664913));
#6340=CARTESIAN_POINT('',(-1.56476075471189,13.7216617344461,-6.92024404167764));
#6341=CARTESIAN_POINT('',(-1.56476075471189,10.3300534694856,-6.92024404167765));
#6342=CARTESIAN_POINT('',(-1.56476075471189,10.3300534694856,-5.83763502594122));
#6343=CARTESIAN_POINT('',(-1.56476075471189,13.7216617344461,-5.83763502594122));
#6344=CARTESIAN_POINT('',(1.5647607547119,13.7216617344461,-5.83763502594122));
#6345=CARTESIAN_POINT('',(1.5647607547119,10.3300534694856,-5.83763502594122));
#6346=CARTESIAN_POINT('',(1.5647607547119,10.3300534694856,-5.83763502594122));
#6347=CARTESIAN_POINT('',(1.5647607547119,13.7216617344461,-5.83763502594122));
#6348=CARTESIAN_POINT('',(-3.13844560589457E-15,10.3300534694856,1.67795473801519E-15));
#6349=CARTESIAN_POINT('',(-3.13844560589457E-15,10.3300534694856,1.67795473801519E-15));
#6350=CARTESIAN_POINT('',(-3.13844560589457E-15,10.3300534694856,1.67795473801519E-15));
#6351=CARTESIAN_POINT('',(6.73533494602311E-17,1.09999999999999,-3.59228035995057E-15));
#6352=CARTESIAN_POINT('',(4.25827125385464E-16,6.95451438833915,-2.64130656434436E-15));
#6353=CARTESIAN_POINT('',(4.25827125385464E-16,6.95451438833915,-6.04371234553584));
#6354=CARTESIAN_POINT('',(7.36347081476526E-16,12.0258576019659,-1.81754661009605E-15));
#6355=CARTESIAN_POINT('',(5.70677764194389,12.0258576019659,1.9897607547119));
#6356=CARTESIAN_POINT('',(6.14513398336197E-16,10.036096847254,-2.14075195416788E-15));
#6357=CARTESIAN_POINT('',(5.83763502594122,11.6008576019659,1.5647607547119));
#6358=CARTESIAN_POINT('',(5.83763502594122,13.7216617344461,1.5647607547119));
#6359=CARTESIAN_POINT('',(5.83763502594122,10.3300534694856,1.5647607547119));
#6360=CARTESIAN_POINT('',(6.32512455702846E-16,10.3300534694856,-2.09300332358223E-15));
#6361=CARTESIAN_POINT('',(5.83763502594123,10.3300534694856,-1.56476075471189));
#6362=CARTESIAN_POINT('',(5.83763502594123,13.7216617344461,-1.56476075471189));
#6363=CARTESIAN_POINT('',(5.83763502594123,11.6008576019659,-1.56476075471189));
#6364=CARTESIAN_POINT('',(6.14513398573803E-16,10.0360968511345,-2.14075195353755E-15));
#6365=CARTESIAN_POINT('',(7.36347081476526E-16,12.0258576019659,7.09494565277716));
#6366=CARTESIAN_POINT('',(7.36347081476526E-16,12.0258576019659,-1.81754661009605E-15));
#6367=CARTESIAN_POINT('',(6.81022069795611,12.0258576019659,1.9897607547119));
#6368=CARTESIAN_POINT('',(5.83763502594122,12.0258576019659,1.9897607547119));
#6369=CARTESIAN_POINT('',(4.35011673039132E-16,7.10451438833915,-2.60208521396521E-15));
#6370=CARTESIAN_POINT('',(4.35011673039132E-16,7.10451438833915,-2.6169414232107E-15));
#6371=CARTESIAN_POINT('',(4.35011673039132E-16,7.10451438833915,-7.24494565277716));
#6372=CARTESIAN_POINT('',(4.25827125385464E-16,6.95451438833915,-2.64130656434436E-15));
#6373=CARTESIAN_POINT('',(4.25827125385464E-16,6.95451438833915,-7.09494565277716));
#6374=CARTESIAN_POINT('',(6.73533494602311E-17,1.09999999999999,-3.59228035995057E-15));
#6375=CARTESIAN_POINT('',(6.96990232299765E-16,11.3830902497646,-1.921954058446E-15));
#6376=CARTESIAN_POINT('',(6.97092532940738,11.3830902497646,1.9736862880208));
#6377=CARTESIAN_POINT('',(6.97092532940198,11.3830902497646,-1.97368628803986));
#6378=CARTESIAN_POINT('',(6.97092532940198,10.3300534694856,-1.97368628803986));
#6379=CARTESIAN_POINT('',(6.32512455702846E-16,10.3300534694856,-2.09300332358223E-15));
#6380=CARTESIAN_POINT('',(6.97092532940737,10.3300534694856,1.9736862880208));
#6381=CARTESIAN_POINT('',(6.97092532940737,10.3300534694856,1.9736862880208));
#6382=CARTESIAN_POINT('',(6.96990232299764E-16,11.3830902497646,7.19700132545969));
#6383=CARTESIAN_POINT('',(6.96990232299765E-16,11.3830902497646,-1.921954058446E-15));
#6384=CARTESIAN_POINT('',(6.93460157590707,11.3830902497646,1.92565029589894));
#6385=CARTESIAN_POINT('',(6.94785984733569,11.3830902497646,1.94318356712019));
#6386=CARTESIAN_POINT('',(6.73533494602311E-17,1.09999999999999,-3.59228035995057E-15));
#6387=CARTESIAN_POINT('',(7.0392754499035E-16,11.4963889055969,-1.90355047351529E-15));
#6388=CARTESIAN_POINT('',(6.93460157590707,11.4963889055969,1.92565029589894));
#6389=CARTESIAN_POINT('',(6.93460157590707,11.3830902497646,1.92565029589894));
#6390=CARTESIAN_POINT('',(7.03927544990349E-16,11.4963889055969,7.24494565277716));
#6391=CARTESIAN_POINT('',(7.0392754499035E-16,11.4963889055969,-1.90355047351529E-15));
#6392=CARTESIAN_POINT('',(6.97092532940737,11.4963889055969,1.9736862880208));
#6393=CARTESIAN_POINT('',(6.97092532924007,11.4963889055969,1.97368628779955));
#6394=CARTESIAN_POINT('',(6.73533494602311E-17,1.09999999999999,-3.59228035995057E-15));
#6395=CARTESIAN_POINT('',(7.27162533822858E-16,11.8758576019659,-1.84191175122971E-15));
#6396=CARTESIAN_POINT('',(6.97092532940737,11.8758576019659,1.9736862880208));
#6397=CARTESIAN_POINT('',(6.97092532940737,1.09999999999999,1.9736862880208));
#6398=CARTESIAN_POINT('',(7.27162533822859E-16,11.8758576019659,-1.73472347597681E-15));
#6399=CARTESIAN_POINT('',(6.97092532940737,11.8758576019659,1.9736862880208));
#6400=CARTESIAN_POINT('',(6.97092532940737,11.9131920653631,1.9736862880208));
#6401=CARTESIAN_POINT('',(6.95984210146119,11.9484920323616,1.95902938175413));
#6402=CARTESIAN_POINT('',(6.94352922354376,11.9735534233475,1.9374565760935));
#6403=CARTESIAN_POINT('',(6.94352922354365,11.9735534233473,1.93745657609335));
#6404=CARTESIAN_POINT('',(6.94352922354365,11.9735534233473,1.93745657609335));
#6405=CARTESIAN_POINT('',(6.91051113545717,12.0017707254362,1.96567387818224));
#6406=CARTESIAN_POINT('',(6.86348399827119,12.0258576019659,1.9897607547119));
#6407=CARTESIAN_POINT('',(6.81022069795611,12.0258576019659,1.9897607547119));
#6408=CARTESIAN_POINT('',(4.25827125385463E-16,6.95451438833915,6.04371234553584));
#6409=CARTESIAN_POINT('',(6.92024404167765,13.7216617344461,-1.56476075471189));
#6410=CARTESIAN_POINT('',(6.92024404167765,10.3300534694856,-1.56476075471189));
#6411=CARTESIAN_POINT('',(6.66170489665034,10.3300534694856,-1.56476075471189));
#6412=CARTESIAN_POINT('',(6.66170489665034,11.8758576019659,-1.56476075471189));
#6413=CARTESIAN_POINT('',(6.66170489665034,11.6008576019659,-1.56476075471189));
#6414=CARTESIAN_POINT('',(5.83763502594123,11.6008576019659,-1.56476075471189));
#6415=CARTESIAN_POINT('',(5.83763502594122,13.7216617344461,1.5647607547119));
#6416=CARTESIAN_POINT('',(6.92024404167759,11.6008576019659,1.5647607547119));
#6417=CARTESIAN_POINT('',(6.66170489664913,11.6008576019659,1.5647607547119));
#6418=CARTESIAN_POINT('',(6.66170489664913,11.4963889055969,1.5647607547119));
#6419=CARTESIAN_POINT('',(6.66170489664913,10.3300534694856,1.5647607547119));
#6420=CARTESIAN_POINT('',(5.83763502594122,10.3300534694856,1.5647607547119));
#6421=CARTESIAN_POINT('',(6.32512455702846E-16,10.3300534694856,-2.09300332358223E-15));
#6422=CARTESIAN_POINT('',(3.48546266469806,10.3300534694856,2.63562968236865));
#6423=CARTESIAN_POINT('',(3.48546266447374,10.3300534694856,-2.63562968237818));
#6424=CARTESIAN_POINT('',(6.92024404167765,11.6008576019659,-1.56476075471189));
#6425=CARTESIAN_POINT('',(6.71918746854419,11.6768748660945,-1.64077801902907));
#6426=CARTESIAN_POINT('',(6.66170489665034,1.09999999999999,-1.56476075471189));
#6427=CARTESIAN_POINT('',(5.83763502594122,11.6008576019659,1.5647607547119));
#6428=CARTESIAN_POINT('',(6.47848445822319,11.3585595273267,1.3224626800727));
#6429=CARTESIAN_POINT('',(6.66170489664913,1.09999999999999,1.5647607547119));
#6430=MECHANICAL_DESIGN_GEOMETRIC_PRESENTATION_REPRESENTATION('',(#1625,
#1626,#1627,#1628,#1629,#1630,#1631,#1632,#1633,#1634,#1635,#1636,#1637,
#1638,#1639,#1640,#1641,#1642,#1643,#1644,#1645,#1646,#1647,#1648,#1649,
#1650,#1651,#1652,#1653,#1654,#1655,#1656,#1657,#1658,#1659,#1660,#1661,
#1662,#1663,#1664,#1665,#1666,#1667,#1668,#1669,#1670),#6431);
#6431=(
GEOMETRIC_REPRESENTATION_CONTEXT(3)
GLOBAL_UNCERTAINTY_ASSIGNED_CONTEXT((#6432))
GLOBAL_UNIT_ASSIGNED_CONTEXT((#6435,#6434,#6433))
REPRESENTATION_CONTEXT('23.3000-21','TOP_LEVEL_ASSEMBLY_PART')
);
#6432=UNCERTAINTY_MEASURE_WITH_UNIT(LENGTH_MEASURE(0.005),#6435,
'DISTANCE_ACCURACY_VALUE','Maximum Tolerance applied to model');
#6433=(
NAMED_UNIT(*)
SI_UNIT($,.STERADIAN.)
SOLID_ANGLE_UNIT()
);
#6434=(
NAMED_UNIT(*)
PLANE_ANGLE_UNIT()
SI_UNIT($,.RADIAN.)
);
#6435=(
LENGTH_UNIT()
NAMED_UNIT(*)
SI_UNIT(.MILLI.,.METRE.)
);
#6436=PRODUCT_DEFINITION_SHAPE('','',#6437);
#6437=PRODUCT_DEFINITION('','',#6439,#6438);
#6438=PRODUCT_DEFINITION_CONTEXT('',#6445,'design');
#6439=PRODUCT_DEFINITION_FORMATION_WITH_SPECIFIED_SOURCE('','',#6441,
 .NOT_KNOWN.);
#6440=PRODUCT_RELATED_PRODUCT_CATEGORY('','',(#6441));
#6441=PRODUCT('23.3000-21','23.3000-21','23.3000-21',(#6443));
#6442=PRODUCT_CATEGORY('','');
#6443=PRODUCT_CONTEXT('',#6445,'mechanical');
#6444=APPLICATION_PROTOCOL_DEFINITION('international standard',
'automotive_design',2010,#6445);
#6445=APPLICATION_CONTEXT(
'core data for automotive mechanical design processes');
ENDSEC;
END-ISO-10303-21;
